site_code,collection_date,family,lowest_taxon,B100_com,B100_fam,B100_spe
AR,2017-09-16,Leuciscidae,C. lutrensis,45.9460793,3.8896157000000002,3.8896157000000002
AR,2017-09-16,Poeciliidae,G. affinis,45.9460793,0.126614,0.126614
AR,2017-09-16,Cichlidae,H. cyanoguttatum,45.9460793,4.5673018,4.5673018
AR,2017-09-16,Ictaluridae,I. punctatus,45.9460793,0.7272012,0.7272012
AR,2017-09-16,Centrarchidae,L. auritus,45.9460793,36.6353466,14.721304599999998
AR,2017-09-16,Centrarchidae,L. cyanellus,45.9460793,36.6353466,10.7253375
AR,2017-09-16,Centrarchidae,L. macrochirus,45.9460793,36.6353466,11.1887045
AR,2017-11-01,Leuciscidae,C. lutrensis,575.7989268,9.6985557,9.6985557
AR,2017-11-01,Poeciliidae,G. affinis,575.7989268,0.43094129999999997,0.43094129999999997
AR,2017-11-01,Cichlidae,H. cyanoguttatum,575.7989268,20.8440505,20.8440505
AR,2017-11-01,Centrarchidae,L. auritus,575.7989268,162.9173079,12.1938235
AR,2017-11-01,Centrarchidae,L. cyanellus,575.7989268,162.9173079,4.2343107
AR,2017-11-01,Centrarchidae,L. macrochirus,575.7989268,162.9173079,79.5979557
AR,2017-11-01,Centrarchidae,L. megalotis,575.7989268,162.9173079,57.4627542
AR,2017-11-01,Lepisosteidae,L. oculatus,575.7989268,381.9080714,381.9080714
AR,2017-11-01,Centrarchidae,M. salmoides,575.7989268,162.9173079,9.428463800000001
AR,2017-12-07,Leuciscidae,C. lutrensis,104.4641663,6.6755117,6.6755117
AR,2017-12-07,Poeciliidae,G. affinis,104.4641663,0.5502435,0.5502435
AR,2017-12-07,Cichlidae,H. cyanoguttatum,104.4641663,17.033781,17.033781
AR,2017-12-07,Centrarchidae,L. cyanellus,104.4641663,80.2046301,7.2475589000000005
AR,2017-12-07,Centrarchidae,L. macrochirus,104.4641663,80.2046301,22.9679262
AR,2017-12-07,Centrarchidae,L. megalotis,104.4641663,80.2046301,49.989145
AR,2018-02-03,Leuciscidae,C. lutrensis,42.830047199999996,13.1568586,13.1568586
AR,2018-02-03,Poeciliidae,G. affinis,42.830047199999996,1.2027387,1.2027387
AR,2018-02-03,Cichlidae,H. cyanoguttatum,42.830047199999996,3.6154918,3.6154918
AR,2018-02-03,Centrarchidae,L. macrochirus,42.830047199999996,24.854958099999998,5.1257766
AR,2018-02-03,Centrarchidae,L. megalotis,42.830047199999996,24.854958099999998,19.7291815
AR,2018-04-07,Leuciscidae,C. lutrensis,40.3723575,17.8279032,17.8279032
AR,2018-04-07,Poeciliidae,G. affinis,40.3723575,0.42097360000000006,0.42097360000000006
AR,2018-04-07,Cichlidae,H. cyanoguttatum,40.3723575,18.0407537,18.0407537
AR,2018-04-07,Centrarchidae,L. macrochirus,40.3723575,4.082727,4.082727
AR,2018-05-12,Leuciscidae,C. lutrensis,183.1816331,12.9450135,12.9450135
AR,2018-05-12,Cichlidae,H. cyanoguttatum,183.1816331,6.1468454999999995,6.1468454999999995
AR,2018-05-12,Centrarchidae,L. cyanellus,183.1816331,164.0897741,12.8836929
AR,2018-05-12,Centrarchidae,L. macrochirus,183.1816331,164.0897741,18.378460999999998
AR,2018-05-12,Centrarchidae,L. megalotis,183.1816331,164.0897741,117.3597304
AR,2018-05-12,Centrarchidae,M. salmoides,183.1816331,164.0897741,15.467889800000002
AR,2018-06-08,Ictaluridae,A. melas,801.3935265,0.2726759,0.0868658
AR,2018-06-08,Ictaluridae,A. natalis,801.3935265,0.2726759,0.1858101
AR,2018-06-08,Leuciscidae,C. lutrensis,801.3935265,7.0401386,7.0401386
AR,2018-06-08,Poeciliidae,G. affinis,801.3935265,0.9462864,0.9462864
AR,2018-06-08,Cichlidae,H. cyanoguttatum,801.3935265,396.5004785,396.5004785
AR,2018-06-08,Centrarchidae,L. gulosus,801.3935265,29.8036383,4.0125871
AR,2018-06-08,Centrarchidae,L. macrochirus,801.3935265,29.8036383,8.6945463
AR,2018-06-08,Centrarchidae,L. megalotis,801.3935265,29.8036383,17.0965049
AR,2018-06-08,Lepisosteidae,L. oculatus,801.3935265,366.8303088,366.8303088
AR,2018-07-01,Leuciscidae,C. lutrensis,3.0972989,0.2315217,0.1407103
AR,2018-07-01,Poeciliidae,G. affinis,3.0972989,0.3069362,0.3069362
AR,2018-07-01,Ictaluridae,I. punctatus,3.0972989,2.2953475,2.2953475
AR,2018-07-01,Centrarchidae,L. megalotis,3.0972989,0.2634935,0.2634935
AR,2018-07-01,Leuciscidae,N. texanus,3.0972989,0.2315217,0.0908114
AR,2018-08-01,Centrarchidae,L. cyanellus,12.748699199999999,12.748699199999999,5.3107375999999995
AR,2018-08-01,Centrarchidae,L. gulosus,12.748699199999999,12.748699199999999,0.8380504000000001
AR,2018-08-01,Centrarchidae,L. megalotis,12.748699199999999,12.748699199999999,0.689743
AR,2018-08-01,Centrarchidae,M. salmoides,12.748699199999999,12.748699199999999,5.9101682
AR,2018-09-11,Ictaluridae,A. natalis,1065.5623249,12.017956999999999,3.4812114999999997
AR,2018-09-11,Leuciscidae,C. lutrensis,1065.5623249,0.9942951,0.9942951
AR,2018-09-11,Poeciliidae,G. affinis,1065.5623249,0.1693466,0.1693466
AR,2018-09-11,Cichlidae,H. cyanoguttatum,1065.5623249,32.6221668,32.6221668
AR,2018-09-11,Ictaluridae,I. punctatus,1065.5623249,12.017956999999999,8.5367455
AR,2018-09-11,Centrarchidae,L. cyanellus,1065.5623249,80.1607915,2.4017569
AR,2018-09-11,Centrarchidae,L. gulosus,1065.5623249,80.1607915,3.9331718
AR,2018-09-11,Centrarchidae,L. macrochirus,1065.5623249,80.1607915,36.5515837
AR,2018-09-11,Centrarchidae,L. megalotis,1065.5623249,80.1607915,29.8797543
AR,2018-09-11,Lepisosteidae,L. oculatus,1065.5623249,939.5977679,939.5977679
AR,2018-09-11,Centrarchidae,M. salmoides,1065.5623249,80.1607915,7.3945248
AR,2020-01-17,Leuciscidae,C. lutrensis,50.783382200000005,0.4965283,0.4965283
AR,2020-01-17,Cichlidae,H. cyanoguttatum,50.783382200000005,4.0623097,4.0623097
AR,2020-01-17,Centrarchidae,L. auritus,50.783382200000005,44.7937081,16.268808500000002
AR,2020-01-17,Centrarchidae,L. cyanellus,50.783382200000005,44.7937081,11.268308600000001
AR,2020-01-17,Centrarchidae,L. macrochirus,50.783382200000005,44.7937081,10.4378549
AR,2020-01-17,Centrarchidae,L. megalotis,50.783382200000005,44.7937081,6.818736100000001
AR,2020-01-17,Ictaluridae,N. gyrinus,50.783382200000005,1.4308361,1.4308361
AR,2020-05-20,Leuciscidae,C. lutrensis,375.4095345,22.3334852,22.3334852
AR,2020-05-20,Poeciliidae,G. affinis,375.4095345,0.07895619999999999,0.07895619999999999
AR,2020-05-20,Cichlidae,H. cyanoguttatum,375.4095345,72.5913225,72.5913225
AR,2020-05-20,Ictaluridae,I. punctatus,375.4095345,1.0812262,1.0812262
AR,2020-05-20,Centrarchidae,L. cyanellus,375.4095345,172.0895212,90.4823815
AR,2020-05-20,Centrarchidae,L. gulosus,375.4095345,172.0895212,2.6074984999999997
AR,2020-05-20,Centrarchidae,L. macrochirus,375.4095345,172.0895212,38.8168011
AR,2020-05-20,Centrarchidae,L. megalotis,375.4095345,172.0895212,3.4033838
AR,2020-05-20,Lepisosteidae,L. oculatus,375.4095345,107.2350232,107.2350232
AR,2020-05-20,Centrarchidae,M. salmoides,375.4095345,172.0895212,36.7794563
AR,2020-09-20,Leuciscidae,C. lutrensis,88.524158,0.1551795,0.1551795
AR,2020-09-20,Poeciliidae,G. affinis,88.524158,0.2393992,0.2393992
AR,2020-09-20,Eleotridae,G. dormitor,88.524158,31.5241855,31.5241855
AR,2020-09-20,Cichlidae,H. cyanoguttatum,88.524158,17.5953584,17.5953584
AR,2020-09-20,Ictaluridae,I. punctatus,88.524158,1.3427683,1.3427683
AR,2020-09-20,Centrarchidae,L. cyanellus,88.524158,37.667267100000004,3.4561094
AR,2020-09-20,Centrarchidae,L. gulosus,88.524158,37.667267100000004,1.3957414
AR,2020-09-20,Centrarchidae,L. macrochirus,88.524158,37.667267100000004,17.713065
AR,2020-09-20,Centrarchidae,L. megalotis,88.524158,37.667267100000004,9.3792986
AR,2020-09-20,Centrarchidae,M. salmoides,88.524158,37.667267100000004,5.7230527
AR,2020-11-03,Leuciscidae,C. lutrensis,147.7167467,6.135437,6.135437
AR,2020-11-03,Poeciliidae,G. affinis,147.7167467,0.0183052,0.0183052
AR,2020-11-03,Cichlidae,H. cyanoguttatum,147.7167467,65.4051183,65.4051183
AR,2020-11-03,Ictaluridae,I. punctatus,147.7167467,1.1413219000000001,1.1413219000000001
AR,2020-11-03,Centrarchidae,L. cyanellus,147.7167467,75.0165643,7.7097714999999996
AR,2020-11-03,Centrarchidae,L. gulosus,147.7167467,75.0165643,1.8710798
AR,2020-11-03,Centrarchidae,L. macrochirus,147.7167467,75.0165643,37.3348795
AR,2020-11-03,Centrarchidae,L. megalotis,147.7167467,75.0165643,28.1008335
EM,2017-10-10,Leuciscidae,C. lutrensis,85.28971410000001,0.8169391,0.0540023
EM,2017-10-10,Pecidae,E. gracile,85.28971410000001,0.0337277,0.0337277
EM,2017-10-10,Poeciliidae,G. affinis,85.28971410000001,0.9446675,0.9446675
EM,2017-10-10,Catostomidae,I. bubalus,85.28971410000001,72.11972250000001,72.11972250000001
EM,2017-10-10,Centrarchidae,L. cyanellus,85.28971410000001,11.374657299999999,0.5308349
EM,2017-10-10,Centrarchidae,L. gulosus,85.28971410000001,11.374657299999999,0.8677265999999999
EM,2017-10-10,Centrarchidae,L. macrochirus,85.28971410000001,11.374657299999999,1.877233
EM,2017-10-10,Centrarchidae,L. megalotis,85.28971410000001,11.374657299999999,8.0988628
EM,2017-10-10,Leuciscidae,N. texanus,85.28971410000001,0.8169391,0.06314610000000001
EM,2017-10-10,Leuciscidae,P. vigilax,85.28971410000001,0.8169391,0.6997907
EM,2017-11-03,Ictaluridae,A. natalis,196.54821180000002,19.290032500000002,1.4874973
EM,2017-11-03,Leuciscidae,C. lutrensis,196.54821180000002,1.8740885999999999,0.0671306
EM,2017-11-03,Pecidae,E. gracile,196.54821180000002,0.1169972,0.1169972
EM,2017-11-03,Poeciliidae,G. affinis,196.54821180000002,2.923702,2.923702
EM,2017-11-03,Ictaluridae,I. punctatus,196.54821180000002,19.290032500000002,17.0749369
EM,2017-11-03,Centrarchidae,L. auritus,196.54821180000002,81.3808233,5.1546981999999995
EM,2017-11-03,Centrarchidae,L. gulosus,196.54821180000002,81.3808233,8.4146961
EM,2017-11-03,Centrarchidae,L. macrochirus,196.54821180000002,81.3808233,19.7530668
EM,2017-11-03,Centrarchidae,L. megalotis,196.54821180000002,81.3808233,47.8128103
EM,2017-11-03,Centrarchidae,L. miniatus,196.54821180000002,81.3808233,0.24555190000000002
EM,2017-11-03,Lepisosteidae,L. oculatus,196.54821180000002,90.9625682,90.9625682
EM,2017-11-03,Ictaluridae,N. gyrinus,196.54821180000002,19.290032500000002,0.7275982999999999
EM,2017-11-03,Leuciscidae,P. vigilax,196.54821180000002,1.8740885999999999,1.8069579999999998
EM,2017-12-02,Aphredoderidae,A. sayanus,102.504871,0.111481,0.111481
EM,2017-12-02,Pecidae,E. gracile,102.504871,0.25606829999999997,0.25606829999999997
EM,2017-12-02,Poeciliidae,G. affinis,102.504871,6.565169,6.565169
EM,2017-12-02,Ictaluridae,I. punctatus,102.504871,1.6730272,0.9790972
EM,2017-12-02,Centrarchidae,L. cyanellus,102.504871,92.2386762,2.2084335999999998
EM,2017-12-02,Centrarchidae,L. gulosus,102.504871,92.2386762,5.3548439000000005
EM,2017-12-02,Centrarchidae,L. humilis,102.504871,92.2386762,0.15180110000000002
EM,2017-12-02,Centrarchidae,L. macrochirus,102.504871,92.2386762,5.5540633999999995
EM,2017-12-02,Centrarchidae,L. megalotis,102.504871,92.2386762,34.2130893
EM,2017-12-02,Centrarchidae,M. salmoides,102.504871,92.2386762,44.1206932
EM,2017-12-02,Ictaluridae,N. gyrinus,102.504871,1.6730272,0.6939299999999999
EM,2017-12-02,Leuciscidae,N. texanus,102.504871,1.6604493,0.1553786
EM,2017-12-02,Centrarchidae,P. annularis,102.504871,92.2386762,0.6357517
EM,2017-12-02,Leuciscidae,P. vigilax,102.504871,1.6604493,1.5050707
EM,2018-02-09,Pecidae,E. gracile,212.8818618,0.5811356,0.5811356
EM,2018-02-09,Poeciliidae,G. affinis,212.8818618,2.0783281000000002,2.0783281000000002
EM,2018-02-09,Centrarchidae,L. cyanellus,212.8818618,156.5365147,1.9659750999999999
EM,2018-02-09,Centrarchidae,L. gulosus,212.8818618,156.5365147,8.2095491
EM,2018-02-09,Centrarchidae,L. humilis,212.8818618,156.5365147,0.0720533
EM,2018-02-09,Centrarchidae,L. macrochirus,212.8818618,156.5365147,18.6756124
EM,2018-02-09,Centrarchidae,L. megalotis,212.8818618,156.5365147,126.8721692
EM,2018-02-09,Lepisosteidae,L. oculatus,212.8818618,49.2541059,49.2541059
EM,2018-02-09,Ictaluridae,N. gyrinus,212.8818618,1.2152519000000002,1.2152519000000002
EM,2018-02-09,Centrarchidae,P. annularis,212.8818618,156.5365147,0.7411555999999999
EM,2018-02-09,Leuciscidae,P. vigilax,212.8818618,3.2165256,3.2165256
EM,2018-03-09,Leuciscidae,C. lutrensis,298.9961644,1.4085766,0.4143032
EM,2018-03-09,Pecidae,E. gracile,298.9961644,0.12281049999999999,0.12281049999999999
EM,2018-03-09,Poeciliidae,G. affinis,298.9961644,5.1965912,5.1965912
EM,2018-03-09,Centrarchidae,L. auritus,298.9961644,43.719159999999995,0.5058919000000001
EM,2018-03-09,Centrarchidae,L. gulosus,298.9961644,43.719159999999995,1.1145549
EM,2018-03-09,Centrarchidae,L. macrochirus,298.9961644,43.719159999999995,4.8438
EM,2018-03-09,Centrarchidae,L. megalotis,298.9961644,43.719159999999995,37.2549132
EM,2018-03-09,Lepisosteidae,L. oculatus,298.9961644,248.2563434,248.2563434
EM,2018-03-09,Ictaluridae,N. gyrinus,298.9961644,0.29268269999999996,0.29268269999999996
EM,2018-03-09,Leuciscidae,P. vigilax,298.9961644,1.4085766,0.9942734
EM,2018-03-31,Leuciscidae,C. lutrensis,18.1516521,7.2367861,2.5297901
EM,2018-03-31,Poeciliidae,G. affinis,18.1516521,3.0408283000000003,3.0408283000000003
EM,2018-03-31,Centrarchidae,L. macrochirus,18.1516521,7.0679626,0.7693266
EM,2018-03-31,Centrarchidae,L. megalotis,18.1516521,7.0679626,6.298636
EM,2018-03-31,Ictaluridae,N. gyrinus,18.1516521,0.8060750999999999,0.8060750999999999
EM,2018-03-31,Leuciscidae,N. texanus,18.1516521,7.2367861,0.0372409
EM,2018-03-31,Leuciscidae,P. vigilax,18.1516521,7.2367861,4.6697551
EM,2018-05-04,Leuciscidae,C. lutrensis,419.4002013,3.5206173,1.4963886
EM,2018-05-04,Leuciscidae,C. venusta,419.4002013,3.5206173,0.2677525
EM,2018-05-04,Poeciliidae,G. affinis,419.4002013,1.6453181000000001,1.6453181000000001
EM,2018-05-04,Centrarchidae,L. cyanellus,419.4002013,140.50150539999999,1.314588
EM,2018-05-04,Centrarchidae,L. gulosus,419.4002013,140.50150539999999,1.0885578
EM,2018-05-04,Centrarchidae,L. macrochirus,419.4002013,140.50150539999999,30.4896036
EM,2018-05-04,Centrarchidae,L. megalotis,419.4002013,140.50150539999999,107.608756
EM,2018-05-04,Lepisosteidae,L. oculatus,419.4002013,273.30895499999997,273.30895499999997
EM,2018-05-04,Ictaluridae,N. gyrinus,419.4002013,0.4238055,0.4238055
EM,2018-05-04,Leuciscidae,P. vigilax,419.4002013,3.5206173,1.7564762
EM,2018-06-04,Leuciscidae,C. lutrensis,146.9254435,0.5356683999999999,0.5356683999999999
EM,2018-06-04,Poeciliidae,G. affinis,146.9254435,0.8231983,0.8231983
EM,2018-06-04,Centrarchidae,L. cyanellus,146.9254435,12.687519,3.0979745
EM,2018-06-04,Centrarchidae,L. megalotis,146.9254435,12.687519,9.2135819
EM,2018-06-04,Lepisosteidae,L. oculatus,146.9254435,132.8790578,132.8790578
EM,2018-06-04,Centrarchidae,P. annularis,146.9254435,12.687519,0.3759626
EM,2018-07-05,Ictaluridae,A. natalis,87.5169623,11.1525674,11.1525674
EM,2018-07-05,Leuciscidae,C. lutrensis,87.5169623,0.1167849,0.0503223
EM,2018-07-05,Centrarchidae,L. megalotis,87.5169623,1.2756808,1.2756808
EM,2018-07-05,Lepisosteidae,L. oculatus,87.5169623,74.9719292,74.9719292
EM,2018-07-05,Leuciscidae,N. texanus,87.5169623,0.1167849,0.036858300000000004
EM,2018-07-05,Leuciscidae,P. vigilax,87.5169623,0.1167849,0.0296043
EM,2018-09-01,Poeciliidae,G. affinis,162.10280939999998,0.1071502,0.1071502
EM,2018-09-01,Ictaluridae,I. punctatus,162.10280939999998,0.11106869999999999,0.11106869999999999
EM,2018-09-01,Centrarchidae,L. auritus,162.10280939999998,7.8060365,0.0618916
EM,2018-09-01,Centrarchidae,L. cyanellus,162.10280939999998,7.8060365,0.513127
EM,2018-09-01,Centrarchidae,L. macrochirus,162.10280939999998,7.8060365,2.7731641000000002
EM,2018-09-01,Centrarchidae,L. megalotis,162.10280939999998,7.8060365,2.5504391
EM,2018-09-01,Lepisosteidae,L. oculatus,162.10280939999998,154.078554,154.078554
EM,2018-09-01,Centrarchidae,P. annularis,162.10280939999998,7.8060365,1.9074147
EM,2020-01-14,Poeciliidae,G. affinis,131.1609812,0.0734178,0.0734178
EM,2020-01-14,Catostomidae,I. bubalus,131.1609812,91.2895484,91.2895484
EM,2020-01-14,Centrarchidae,L. cyanellus,131.1609812,28.9078284,6.2589856
EM,2020-01-14,Centrarchidae,L. gulosus,131.1609812,28.9078284,1.6209376000000002
EM,2020-01-14,Centrarchidae,L. macrochirus,131.1609812,28.9078284,7.0906838
EM,2020-01-14,Centrarchidae,L. megalotis,131.1609812,28.9078284,13.937221399999999
EM,2020-01-14,Lepisosteidae,L. oculatus,131.1609812,10.7864981,10.7864981
EM,2020-01-14,Ictaluridae,N. gyrinus,131.1609812,0.1036885,0.1036885
EM,2020-05-30,Leuciscidae,C. venusta,35.5122181,0.0992279,0.0992279
EM,2020-05-30,Poeciliidae,G. affinis,35.5122181,0.097036,0.097036
EM,2020-05-30,Centrarchidae,L. cyanellus,35.5122181,15.6003075,0.2618311
EM,2020-05-30,Centrarchidae,L. gulosus,35.5122181,15.6003075,0.9469328000000001
EM,2020-05-30,Centrarchidae,L. macrochirus,35.5122181,15.6003075,6.8250457
EM,2020-05-30,Centrarchidae,L. megalotis,35.5122181,15.6003075,7.566497899999999
EM,2020-05-30,Lepisosteidae,L. oculatus,35.5122181,19.7156467,19.7156467
EM,2020-09-08,Clupeidae,D. petenense,32.7731421,3.4525936,3.4525936
EM,2020-09-08,Poeciliidae,G. affinis,32.7731421,0.0768441,0.0768441
EM,2020-09-08,Centrarchidae,L. cyanellus,32.7731421,24.395072600000002,4.0467583000000005
EM,2020-09-08,Centrarchidae,L. gulosus,32.7731421,24.395072600000002,3.2013576
EM,2020-09-08,Centrarchidae,L. macrochirus,32.7731421,24.395072600000002,2.6543541999999998
EM,2020-09-08,Centrarchidae,L. megalotis,32.7731421,24.395072600000002,13.3071552
EM,2020-09-08,Lepisosteidae,L. oculatus,32.7731421,4.7829654999999995,4.7829654999999995
EM,2020-09-08,Centrarchidae,M. salmoides,32.7731421,24.395072600000002,1.1854473
EM,2020-09-08,Leuciscidae,P. vigilax,32.7731421,0.06566630000000001,0.06566630000000001
EM,2020-11-05,Cyprinidae,C. carpio,573.8753594,248.70770929999998,248.70770929999998
EM,2020-11-05,Leuciscidae,C. venusta,573.8753594,0.1924085,0.1006588
EM,2020-11-05,Pecidae,E. gracile,573.8753594,0.0461622,0.0461622
EM,2020-11-05,Poeciliidae,G. affinis,573.8753594,0.6204228,0.6204228
EM,2020-11-05,Catostomidae,I. bubalus,573.8753594,91.953869,91.953869
EM,2020-11-05,Centrarchidae,L. cyanellus,573.8753594,38.4429302,0.40750400000000003
EM,2020-11-05,Centrarchidae,L. gulosus,573.8753594,38.4429302,0.9051353999999999
EM,2020-11-05,Centrarchidae,L. macrochirus,573.8753594,38.4429302,6.8199518
EM,2020-11-05,Centrarchidae,L. megalotis,573.8753594,38.4429302,15.918759699999999
EM,2020-11-05,Lepisosteidae,L. oculatus,573.8753594,193.9118574,193.9118574
EM,2020-11-05,Leuciscidae,N. texanus,573.8753594,0.1924085,0.0917497
EM,2020-11-05,Centrarchidae,P. annularis,573.8753594,38.4429302,14.391579299999998
GC,2017-10-03,Poeciliidae,G. affinis,3.4240623,0.0485463,0.0485463
GC,2017-10-03,Centrarchidae,L. auritus,3.4240623,2.4194582000000002,1.0664987000000001
GC,2017-10-03,Centrarchidae,L. cyanellus,3.4240623,2.4194582000000002,1.2358941
GC,2017-10-03,Centrarchidae,L. macrochirus,3.4240623,2.4194582000000002,0.11706539999999999
GC,2017-10-03,Leuciscidae,N. texanus,3.4240623,0.9560578,0.9560578
GC,2017-11-04,Pecidae,E. gracile,22.9279193,0.061561899999999996,0.061561899999999996
GC,2017-11-04,Fundulidae,F. chrysotus,22.9279193,0.2845827,0.2845827
GC,2017-11-04,Poeciliidae,G. affinis,22.9279193,1.034789,1.034789
GC,2017-11-04,Centrarchidae,L. auritus,22.9279193,21.2291629,0.6621792
GC,2017-11-04,Centrarchidae,L. gulosus,22.9279193,21.2291629,0.3869631
GC,2017-11-04,Centrarchidae,L. macrochirus,22.9279193,21.2291629,3.4274639000000002
GC,2017-11-04,Centrarchidae,L. megalotis,22.9279193,21.2291629,15.5828686
GC,2017-11-04,Centrarchidae,M. salmoides,22.9279193,21.2291629,1.1696881
GC,2017-11-04,Ictaluridae,N. gyrinus,22.9279193,0.1012207,0.1012207
GC,2017-11-04,Leuciscidae,N. texanus,22.9279193,0.2166021,0.1911097
GC,2017-11-04,Leuciscidae,P. vigilax,22.9279193,0.2166021,0.025492400000000002
GC,2017-12-03,Ictaluridae,A. natalis,72.6960827,8.7194991,8.7194991
GC,2017-12-03,Pecidae,E. gracile,72.6960827,0.19216339999999998,0.19216339999999998
GC,2017-12-03,Fundulidae,F. chrysotus,72.6960827,0.26912529999999996,0.26912529999999996
GC,2017-12-03,Poeciliidae,G. affinis,72.6960827,1.2792625,1.2792625
GC,2017-12-03,Centrarchidae,L. auritus,72.6960827,14.1944592,1.6310028
GC,2017-12-03,Centrarchidae,L. cyanellus,72.6960827,14.1944592,2.9956141
GC,2017-12-03,Centrarchidae,L. gulosus,72.6960827,14.1944592,0.48713330000000005
GC,2017-12-03,Centrarchidae,L. macrochirus,72.6960827,14.1944592,2.3506763
GC,2017-12-03,Centrarchidae,L. megalotis,72.6960827,14.1944592,3.6711393
GC,2017-12-03,Centrarchidae,L. microlophus,72.6960827,14.1944592,0.1684985
GC,2017-12-03,Centrarchidae,L. miniatus,72.6960827,14.1944592,2.8903949
GC,2017-12-03,Lepisosteidae,L. oculatus,72.6960827,47.6847305,47.6847305
GC,2017-12-03,Leuciscidae,N. texanus,72.6960827,0.3568427,0.3568427
GC,2018-02-11,Pecidae,E. gracile,63.782496099999996,0.0347876,0.0347876
GC,2018-02-11,Fundulidae,F. chrysotus,63.782496099999996,0.1756537,0.1756537
GC,2018-02-11,Poeciliidae,G. affinis,63.782496099999996,3.0399786,3.0399786
GC,2018-02-11,Centrarchidae,L. auritus,63.782496099999996,12.766193099999999,1.610577
GC,2018-02-11,Centrarchidae,L. cyanellus,63.782496099999996,12.766193099999999,0.6220515999999999
GC,2018-02-11,Centrarchidae,L. gulosus,63.782496099999996,12.766193099999999,0.1404691
GC,2018-02-11,Centrarchidae,L. macrochirus,63.782496099999996,12.766193099999999,5.1377238
GC,2018-02-11,Centrarchidae,L. megalotis,63.782496099999996,12.766193099999999,2.8597821999999997
GC,2018-02-11,Centrarchidae,L. miniatus,63.782496099999996,12.766193099999999,0.1123489
GC,2018-02-11,Lepisosteidae,L. oculatus,63.782496099999996,46.5651066,46.5651066
GC,2018-02-11,Centrarchidae,M. salmoides,63.782496099999996,12.766193099999999,2.2832405
GC,2018-02-11,Ictaluridae,N. gyrinus,63.782496099999996,0.1944643,0.1944643
GC,2018-02-11,Leuciscidae,N. texanus,63.782496099999996,1.0063122,1.0063122
GC,2018-03-30,Fundulidae,F. chrysotus,16.100208300000002,0.5248467,0.5248467
GC,2018-03-30,Poeciliidae,G. affinis,16.100208300000002,2.6632634,2.6632634
GC,2018-03-30,Centrarchidae,L. auritus,16.100208300000002,12.7059926,1.1963298
GC,2018-03-30,Centrarchidae,L. cyanellus,16.100208300000002,12.7059926,3.6355098000000003
GC,2018-03-30,Centrarchidae,L. gulosus,16.100208300000002,12.7059926,0.17345460000000001
GC,2018-03-30,Centrarchidae,L. macrochirus,16.100208300000002,12.7059926,0.4239552
GC,2018-03-30,Centrarchidae,L. megalotis,16.100208300000002,12.7059926,5.6737228
GC,2018-03-30,Centrarchidae,M. salmoides,16.100208300000002,12.7059926,1.6030204
GC,2018-03-30,Leuciscidae,N. texanus,16.100208300000002,0.2061056,0.2061056
GC,2018-05-04,Fundulidae,F. grandis,171.95681309999998,1.4421994,1.4421994
GC,2018-05-04,Poeciliidae,G. affinis,171.95681309999998,1.3512148,1.3512148
GC,2018-05-04,Centrarchidae,L. cyanellus,171.95681309999998,12.9145576,0.5203047
GC,2018-05-04,Centrarchidae,L. gulosus,171.95681309999998,12.9145576,1.7336572000000001
GC,2018-05-04,Centrarchidae,L. macrochirus,171.95681309999998,12.9145576,2.6257368
GC,2018-05-04,Centrarchidae,L. megalotis,171.95681309999998,12.9145576,6.6118308
GC,2018-05-04,Centrarchidae,L. miniatus,171.95681309999998,12.9145576,1.4230281
GC,2018-05-04,Lepisosteidae,L. oculatus,171.95681309999998,155.7582134,155.7582134
GC,2018-05-04,Leuciscidae,N. texanus,171.95681309999998,0.49062790000000006,0.49062790000000006
GC,2018-06-06,Poeciliidae,G. affinis,31.419862,0.4325272,0.4325272
GC,2018-06-06,Centrarchidae,L. auritus,31.419862,11.902238299999999,3.4751422999999995
GC,2018-06-06,Centrarchidae,L. cyanellus,31.419862,11.902238299999999,0.5817698
GC,2018-06-06,Centrarchidae,L. macrochirus,31.419862,11.902238299999999,3.3558684
GC,2018-06-06,Centrarchidae,L. megalotis,31.419862,11.902238299999999,3.6948958
GC,2018-06-06,Centrarchidae,L. microlophus,31.419862,11.902238299999999,0.7616355
GC,2018-06-06,Lepisosteidae,L. oculatus,31.419862,18.8106319,18.8106319
GC,2018-06-06,Centrarchidae,M. salmoides,31.419862,11.902238299999999,0.032926500000000004
GC,2018-06-06,Ictaluridae,N. gyrinus,31.419862,0.2744646,0.2744646
GC,2018-07-05,Poeciliidae,G. affinis,2.7047347999999998,0.027942199999999997,0.027942199999999997
GC,2018-07-05,Centrarchidae,L. macrochirus,2.7047347999999998,2.6767925999999997,2.0430107
GC,2018-07-05,Centrarchidae,L. megalotis,2.7047347999999998,2.6767925999999997,0.6337819
GC,2018-07-27,Poeciliidae,G. affinis,20.091729700000002,0.6529697999999999,0.6529697999999999
GC,2018-07-27,Centrarchidae,L. cyanellus,20.091729700000002,16.4859002,0.5402844
GC,2018-07-27,Centrarchidae,L. gulosus,20.091729700000002,16.4859002,0.2340249
GC,2018-07-27,Centrarchidae,L. humilis,20.091729700000002,16.4859002,2.27219
GC,2018-07-27,Centrarchidae,L. macrochirus,20.091729700000002,16.4859002,2.2785955
GC,2018-07-27,Centrarchidae,L. megalotis,20.091729700000002,16.4859002,2.9196223
GC,2018-07-27,Centrarchidae,L. microlophus,20.091729700000002,16.4859002,7.0989977
GC,2018-07-27,Centrarchidae,L. miniatus,20.091729700000002,16.4859002,0.3084058
GC,2018-07-27,Centrarchidae,M. salmoides,20.091729700000002,16.4859002,0.8337796
GC,2018-07-27,Ictaluridae,N. gyrinus,20.091729700000002,2.3214581,2.3214581
GC,2018-07-27,Leuciscidae,N. texanus,20.091729700000002,0.6314016,0.6314016
GC,2018-11-15,Pecidae,E. gracile,7.3372498,0.0393467,0.0393467
GC,2018-11-15,Fundulidae,F. chrysotus,7.3372498,0.0806184,0.0806184
GC,2018-11-15,Poeciliidae,G. affinis,7.3372498,0.4709077,0.4709077
GC,2018-11-15,Centrarchidae,L. gulosus,7.3372498,6.746377,0.1329458
GC,2018-11-15,Centrarchidae,L. macrochirus,7.3372498,6.746377,2.9638861
GC,2018-11-15,Centrarchidae,L. megalotis,7.3372498,6.746377,2.1660151
GC,2018-11-15,Centrarchidae,L. miniatus,7.3372498,6.746377,1.48353
GC,2020-01-15,Fundulidae,F. notatus,26.8654838,0.1394382,0.1394382
GC,2020-01-15,Poeciliidae,G. affinis,26.8654838,0.43609820000000005,0.43609820000000005
GC,2020-01-15,Centrarchidae,L. gulosus,26.8654838,26.2899474,2.3333844
GC,2020-01-15,Centrarchidae,L. humilis,26.8654838,26.2899474,4.522168499999999
GC,2020-01-15,Centrarchidae,L. macrochirus,26.8654838,26.2899474,7.9515054
GC,2020-01-15,Centrarchidae,L. megalotis,26.8654838,26.2899474,4.9286734999999995
GC,2020-01-15,Centrarchidae,L. microlophus,26.8654838,26.2899474,6.5542156
GC,2020-05-24,Fundulidae,F. chrysotus,59.05341429999999,0.39732,0.2867461
GC,2020-05-24,Fundulidae,F. grandis,59.05341429999999,0.39732,0.11057389999999999
GC,2020-05-24,Poeciliidae,G. affinis,59.05341429999999,1.142048,1.142048
GC,2020-05-24,Centrarchidae,L. gulosus,59.05341429999999,57.34386419999999,6.0899921
GC,2020-05-24,Centrarchidae,L. macrochirus,59.05341429999999,57.34386419999999,5.0846731
GC,2020-05-24,Centrarchidae,L. megalotis,59.05341429999999,57.34386419999999,39.046110899999995
GC,2020-05-24,Centrarchidae,L. miniatus,59.05341429999999,57.34386419999999,6.2292914
GC,2020-05-24,Centrarchidae,M. salmoides,59.05341429999999,57.34386419999999,0.8937967
GC,2020-05-24,Leuciscidae,N. texanus,59.05341429999999,0.1701821,0.1701821
GC,2020-09-09,Leuciscidae,C. venusta,236.89880309999998,0.27237809999999996,0.12653219999999998
GC,2020-09-09,Poeciliidae,G. affinis,236.89880309999998,0.050143099999999996,0.050143099999999996
GC,2020-09-09,Centrarchidae,L. auritus,236.89880309999998,236.5762819,87.8504926
GC,2020-09-09,Centrarchidae,L. cyanellus,236.89880309999998,236.5762819,5.9234852
GC,2020-09-09,Centrarchidae,L. gulosus,236.89880309999998,236.5762819,5.1872981
GC,2020-09-09,Centrarchidae,L. macrochirus,236.89880309999998,236.5762819,28.5909662
GC,2020-09-09,Centrarchidae,L. megalotis,236.89880309999998,236.5762819,85.6007444
GC,2020-09-09,Centrarchidae,L. microlophus,236.89880309999998,236.5762819,9.9168612
GC,2020-09-09,Centrarchidae,L. miniatus,236.89880309999998,236.5762819,6.5421201
GC,2020-09-09,Centrarchidae,M. salmoides,236.89880309999998,236.5762819,6.9643141
GC,2020-09-09,Leuciscidae,N. texanus,236.89880309999998,0.27237809999999996,0.1458459
GC,2020-11-02,Fundulidae,F. chrysotus,377.665478,0.6449156,0.5228914
GC,2020-11-02,Fundulidae,F. grandis,377.665478,0.6449156,0.12202420000000001
GC,2020-11-02,Poeciliidae,G. affinis,377.665478,1.0510601,1.0510601
GC,2020-11-02,Centrarchidae,L. auritus,377.665478,71.4358557,6.4654672
GC,2020-11-02,Centrarchidae,L. cyanellus,377.665478,71.4358557,3.1696071
GC,2020-11-02,Centrarchidae,L. gulosus,377.665478,71.4358557,4.2310023
GC,2020-11-02,Centrarchidae,L. macrochirus,377.665478,71.4358557,19.5072094
GC,2020-11-02,Centrarchidae,L. megalotis,377.665478,71.4358557,11.0061254
GC,2020-11-02,Centrarchidae,L. microlophus,377.665478,71.4358557,18.204493799999998
GC,2020-11-02,Centrarchidae,L. miniatus,377.665478,71.4358557,7.393959799999999
GC,2020-11-02,Lepisosteidae,L. oculatus,377.665478,304.5336466,304.5336466
GC,2020-11-02,Centrarchidae,M. salmoides,377.665478,71.4358557,1.4579906999999999
MR,2017-09-26,Poeciliidae,G. affinis,0.1622662,0.1622662,0.1622662
MR,2017-10-31,Leuciscidae,C. lutrensis,17.0670182,0.09167650000000001,0.09167650000000001
MR,2017-10-31,Poeciliidae,G. affinis,17.0670182,12.0851608,3.6262562
MR,2017-10-31,Cichlidae,H. cyanoguttatum,17.0670182,1.2619044,1.2619044
MR,2017-10-31,Centrarchidae,L. gulosus,17.0670182,3.6282765,2.2690535
MR,2017-10-31,Centrarchidae,L. macrochirus,17.0670182,3.6282765,0.35331300000000004
MR,2017-10-31,Centrarchidae,L. megalotis,17.0670182,3.6282765,1.0059099999999999
MR,2017-10-31,Poeciliidae,P. latipinna,17.0670182,12.0851608,8.4589046
MR,2017-12-05,Cyprinodontidae,C. variegatus,9.7098549,1.7504236,1.7504236
MR,2017-12-05,Fundulidae,F. chrysotus,9.7098549,2.7932843,0.0685955
MR,2017-12-05,Fundulidae,F. grandis,9.7098549,2.7932843,2.7246888
MR,2017-12-05,Poeciliidae,G. affinis,9.7098549,1.9607930000000002,0.8186831
MR,2017-12-05,Cichlidae,H. cyanoguttatum,9.7098549,1.513187,1.513187
MR,2017-12-05,Centrarchidae,L. gulosus,9.7098549,1.692167,1.0547648
MR,2017-12-05,Centrarchidae,L. megalotis,9.7098549,1.692167,0.6374022
MR,2017-12-05,Poeciliidae,P. latipinna,9.7098549,1.9607930000000002,1.1421099000000001
MR,2018-02-05,Cyprinodontidae,C. variegatus,94.1614834,4.362386900000001,4.362386900000001
MR,2018-02-05,Fundulidae,F. grandis,94.1614834,3.3230041,2.9528078
MR,2018-02-05,Poeciliidae,G. affinis,94.1614834,5.567678,0.5262759
MR,2018-02-05,Cichlidae,H. cyanoguttatum,94.1614834,0.26342129999999997,0.26342129999999997
MR,2018-02-05,Centrarchidae,L. gulosus,94.1614834,6.8182229,0.522794
MR,2018-02-05,Centrarchidae,L. macrochirus,94.1614834,6.8182229,4.1686287
MR,2018-02-05,Centrarchidae,L. megalotis,94.1614834,6.8182229,0.257127
MR,2018-02-05,Centrarchidae,L. microlophus,94.1614834,6.8182229,0.8675992
MR,2018-02-05,Centrarchidae,L. miniatus,94.1614834,6.8182229,1.002074
MR,2018-02-05,Fundulidae,L. parva,94.1614834,3.3230041,0.3701963
MR,2018-02-05,Mugilidae,M. cephalus,94.1614834,73.8153212,73.8153212
MR,2018-02-05,Ictaluridae,N. gyrinus,94.1614834,0.011448999999999999,0.011448999999999999
MR,2018-02-05,Poeciliidae,P. latipinna,94.1614834,5.567678,5.0414021
MR,2018-03-05,Cyprinodontidae,C. variegatus,2.9051921,0.1871023,0.1871023
MR,2018-03-05,Fundulidae,F. grandis,2.9051921,0.0717277,0.0717277
MR,2018-03-05,Poeciliidae,G. affinis,2.9051921,0.6640374,0.1560758
MR,2018-03-05,Cichlidae,H. cyanoguttatum,2.9051921,0.3032418,0.3032418
MR,2018-03-05,Mugilidae,M. cephalus,2.9051921,1.6790829,1.6790829
MR,2018-03-05,Poeciliidae,P. latipinna,2.9051921,0.6640374,0.5079616
MR,2018-04-01,Cyprinodontidae,C. variegatus,289.5664613,0.4640809,0.4640809
MR,2018-04-01,Poeciliidae,G. affinis,289.5664613,2.2896725,0.5449357
MR,2018-04-01,Centrarchidae,L. macrochirus,289.5664613,40.9842158,28.3021016
MR,2018-04-01,Centrarchidae,L. megalotis,289.5664613,40.9842158,12.6821142
MR,2018-04-01,Mugilidae,M. cephalus,289.5664613,245.8284921,245.8284921
MR,2018-04-01,Poeciliidae,P. latipinna,289.5664613,2.2896725,1.7447368
MR,2018-06-06,Cyprinodontidae,C. variegatus,1.6044751,0.0662973,0.0662973
MR,2018-06-06,Poeciliidae,G. affinis,1.6044751,0.0485718,0.00929
MR,2018-06-06,Cichlidae,H. cyanoguttatum,1.6044751,0.013363900000000001,0.013363900000000001
MR,2018-06-06,Centrarchidae,L. megalotis,1.6044751,1.4762421,1.4762421
MR,2018-06-06,Poeciliidae,P. latipinna,1.6044751,0.0485718,0.0392818
MR,2018-07-27,Ictaluridae,A. natalis,1.0430132,0.8032554000000001,0.8032554000000001
MR,2018-07-27,Poeciliidae,G. affinis,1.0430132,0.23975780000000002,0.0805658
MR,2018-07-27,Poeciliidae,P. latipinna,1.0430132,0.23975780000000002,0.159192
MR,2020-01-17,Poeciliidae,G. affinis,128.9228584,0.032505099999999995,0.032505099999999995
MR,2020-01-17,Cichlidae,H. cyanoguttatum,128.9228584,1.2922741999999998,1.2922741999999998
MR,2020-01-17,Centrarchidae,L. cyanellus,128.9228584,25.211244999999998,1.1207399
MR,2020-01-17,Centrarchidae,L. gulosus,128.9228584,25.211244999999998,19.1792058
MR,2020-01-17,Centrarchidae,L. macrochirus,128.9228584,25.211244999999998,1.7700820999999998
MR,2020-01-17,Centrarchidae,L. megalotis,128.9228584,25.211244999999998,1.6226770000000001
MR,2020-01-17,Centrarchidae,L. microlophus,128.9228584,25.211244999999998,1.5185402000000001
MR,2020-01-17,Mugilidae,M. cephalus,128.9228584,102.3868341,102.3868341
MR,2020-05-21,Eleotridae,D. maculatus,770.5141037,118.9099038,118.9099038
MR,2020-05-21,Poeciliidae,G. affinis,770.5141037,0.9441011000000001,0.1587401
MR,2020-05-21,Cichlidae,H. cyanoguttatum,770.5141037,8.6679104,8.6679104
MR,2020-05-21,Ictaluridae,I. punctatus,770.5141037,251.1481345,251.1481345
MR,2020-05-21,Centrarchidae,L. cyanellus,770.5141037,26.976891800000004,6.0521091
MR,2020-05-21,Centrarchidae,L. gulosus,770.5141037,26.976891800000004,5.8597834
MR,2020-05-21,Centrarchidae,L. macrochirus,770.5141037,26.976891800000004,12.747045000000002
MR,2020-05-21,Lepisosteidae,L. oculatus,770.5141037,234.8751848,234.8751848
MR,2020-05-21,Mugilidae,M. cephalus,770.5141037,128.9919773,128.9919773
MR,2020-05-21,Centrarchidae,M. salmoides,770.5141037,26.976891800000004,2.3179543000000002
MR,2020-05-21,Poeciliidae,P. latipinna,770.5141037,0.9441011000000001,0.7853610000000001
MR,2020-09-10,Poeciliidae,G. affinis,196.9131296,3.7049505,0.0963156
MR,2020-09-10,Eleotridae,G. dormitor,196.9131296,154.59072519999998,154.59072519999998
MR,2020-09-10,Cichlidae,H. cyanoguttatum,196.9131296,0.4221063,0.4221063
MR,2020-09-10,Centrarchidae,L. cyanellus,196.9131296,38.195347600000005,2.8136571
MR,2020-09-10,Centrarchidae,L. macrochirus,196.9131296,38.195347600000005,9.930761
MR,2020-09-10,Centrarchidae,L. megalotis,196.9131296,38.195347600000005,7.8572059
MR,2020-09-10,Centrarchidae,L. microlophus,196.9131296,38.195347600000005,15.529032500000001
MR,2020-09-10,Centrarchidae,M. salmoides,196.9131296,38.195347600000005,2.0646911
MR,2020-09-10,Poeciliidae,P. latipinna,196.9131296,3.7049505,3.6086348999999998
MR,2020-11-03,Fundulidae,F. chrysotus,89.06017990000001,0.6094121,0.6094121
MR,2020-11-03,Poeciliidae,G. affinis,89.06017990000001,1.8472404000000002,0.238536
MR,2020-11-03,Cichlidae,H. cyanoguttatum,89.06017990000001,7.2433573000000004,7.2433573000000004
MR,2020-11-03,Ictaluridae,I. punctatus,89.06017990000001,0.31906809999999997,0.31906809999999997
MR,2020-11-03,Centrarchidae,L. auritus,89.06017990000001,50.5629733,2.1598033
MR,2020-11-03,Centrarchidae,L. cyanellus,89.06017990000001,50.5629733,0.0908141
MR,2020-11-03,Centrarchidae,L. gulosus,89.06017990000001,50.5629733,0.08476729999999999
MR,2020-11-03,Centrarchidae,L. macrochirus,89.06017990000001,50.5629733,2.3227358
MR,2020-11-03,Centrarchidae,L. megalotis,89.06017990000001,50.5629733,4.44974
MR,2020-11-03,Centrarchidae,L. microlophus,89.06017990000001,50.5629733,13.8191643
MR,2020-11-03,Lepisosteidae,L. oculatus,89.06017990000001,28.4781287,28.4781287
MR,2020-11-03,Centrarchidae,M. salmoides,89.06017990000001,50.5629733,27.6359485
MR,2020-11-03,Poeciliidae,P. latipinna,89.06017990000001,1.8472404000000002,1.6087044000000001
PD,2017-10-04,Ictaluridae,A. melas,41.9941532,4.1285574,4.1285574
PD,2017-10-04,Fundulidae,F. notatus,41.9941532,0.0374646,0.0374646
PD,2017-10-04,Cichlidae,H. cyanoguttatum,41.9941532,0.8507691,0.8507691
PD,2017-10-04,Centrarchidae,L. auritus,41.9941532,36.9773621,15.9902096
PD,2017-10-04,Centrarchidae,L. cyanellus,41.9941532,36.9773621,5.2682493
PD,2017-10-04,Centrarchidae,L. macrochirus,41.9941532,36.9773621,4.1460476
PD,2017-10-04,Centrarchidae,L. megalotis,41.9941532,36.9773621,1.7309393
PD,2017-10-04,Centrarchidae,M. salmoides,41.9941532,36.9773621,9.841916300000001
PD,2017-11-01,Fundulidae,F. notatus,73.0979978,0.2982089,0.2982089
PD,2017-11-01,Poeciliidae,G. affinis,73.0979978,0.0993439,0.0993439
PD,2017-11-01,Cichlidae,H. cyanoguttatum,73.0979978,0.2634821,0.2634821
PD,2017-11-01,Centrarchidae,L. auritus,73.0979978,26.146808399999998,15.733886799999999
PD,2017-11-01,Centrarchidae,L. macrochirus,73.0979978,26.146808399999998,2.5101793
PD,2017-11-01,Centrarchidae,L. microlophus,73.0979978,26.146808399999998,1.0611683
PD,2017-11-01,Lepisosteidae,L. oculatus,73.0979978,46.2901545,46.2901545
PD,2017-11-01,Centrarchidae,M. salmoides,73.0979978,26.146808399999998,6.8415740000000005
PD,2017-12-04,Fundulidae,F. grandis,158.0489284,3.2912923,0.21396990000000002
PD,2017-12-04,Fundulidae,F. notatus,158.0489284,3.2912923,3.0773224
PD,2017-12-04,Poeciliidae,G. affinis,158.0489284,0.8730933,0.7495016
PD,2017-12-04,Cichlidae,H. cyanoguttatum,158.0489284,2.0507947,2.0507947
PD,2017-12-04,Centrarchidae,L. auritus,158.0489284,151.8337481,7.1756103
PD,2017-12-04,Centrarchidae,L. cyanellus,158.0489284,151.8337481,37.3825098
PD,2017-12-04,Centrarchidae,L. gulosus,158.0489284,151.8337481,4.4440164
PD,2017-12-04,Centrarchidae,L. macrochirus,158.0489284,151.8337481,23.8953457
PD,2017-12-04,Centrarchidae,L. megalotis,158.0489284,151.8337481,41.5603058
PD,2017-12-04,Centrarchidae,M. salmoides,158.0489284,151.8337481,37.3759601
PD,2017-12-04,Poeciliidae,P. latipinna,158.0489284,0.8730933,0.1235917
PD,2018-02-03,Ictaluridae,A. melas,22.062509400000003,1.0286674,1.0286674
PD,2018-02-03,Fundulidae,F. notatus,22.062509400000003,0.7144658,0.7144658
PD,2018-02-03,Poeciliidae,G. affinis,22.062509400000003,0.1595812,0.0717637
PD,2018-02-03,Centrarchidae,L. gulosus,22.062509400000003,20.159795000000003,0.9881941999999999
PD,2018-02-03,Centrarchidae,L. macrochirus,22.062509400000003,20.159795000000003,4.2494572
PD,2018-02-03,Centrarchidae,L. megalotis,22.062509400000003,20.159795000000003,14.922143600000002
PD,2018-02-03,Poeciliidae,P. latipinna,22.062509400000003,0.1595812,0.0878175
PD,2018-03-05,Ictaluridae,A. melas,60.3253493,1.700579,1.700579
PD,2018-03-05,Fundulidae,F. notatus,60.3253493,0.5165124999999999,0.5165124999999999
PD,2018-03-05,Poeciliidae,G. affinis,60.3253493,0.0860262,0.0860262
PD,2018-03-05,Cichlidae,H. cyanoguttatum,60.3253493,2.0277568,2.0277568
PD,2018-03-05,Centrarchidae,L. auritus,60.3253493,55.9944748,33.528613
PD,2018-03-05,Centrarchidae,L. cyanellus,60.3253493,55.9944748,5.707174
PD,2018-03-05,Centrarchidae,L. macrochirus,60.3253493,55.9944748,2.8387249999999997
PD,2018-03-05,Centrarchidae,L. megalotis,60.3253493,55.9944748,0.9294874999999999
PD,2018-03-05,Centrarchidae,M. salmoides,60.3253493,55.9944748,12.990475300000002
PD,2018-03-30,Ictaluridae,A. melas,450.9842742,19.201268,19.201268
PD,2018-03-30,Fundulidae,F. chrysotus,450.9842742,6.7951209,3.1795696999999996
PD,2018-03-30,Fundulidae,F. notatus,450.9842742,6.7951209,3.6155512
PD,2018-03-30,Poeciliidae,G. affinis,450.9842742,0.739208,0.739208
PD,2018-03-30,Centrarchidae,L. auritus,450.9842742,26.8039066,2.3828835
PD,2018-03-30,Centrarchidae,L. cyanellus,450.9842742,26.8039066,18.796149800000002
PD,2018-03-30,Centrarchidae,L. macrochirus,450.9842742,26.8039066,2.9088369
PD,2018-03-30,Centrarchidae,L. megalotis,450.9842742,26.8039066,2.7160364
PD,2018-03-30,Lepisosteidae,L. oculatus,450.9842742,397.4447707,397.4447707
PD,2018-05-10,Fundulidae,F. notatus,12.4560797,4.3641739,4.3641739
PD,2018-05-10,Poeciliidae,G. affinis,12.4560797,3.3648976,3.3648976
PD,2018-05-10,Cichlidae,H. cyanoguttatum,12.4560797,2.6519109999999997,2.6519109999999997
PD,2018-05-10,Centrarchidae,L. gulosus,12.4560797,2.0750972,2.0750972
PD,2018-06-08,Ictaluridae,A. melas,56.5594166,1.2381219,1.2381219
PD,2018-06-08,Fundulidae,F. chrysotus,56.5594166,0.4925034,0.2857994
PD,2018-06-08,Fundulidae,F. notatus,56.5594166,0.4925034,0.206704
PD,2018-06-08,Poeciliidae,G. affinis,56.5594166,1.2154934,1.0814907
PD,2018-06-08,Cichlidae,H. cyanoguttatum,56.5594166,6.1905622000000005,6.1905622000000005
PD,2018-06-08,Centrarchidae,L. auritus,56.5594166,47.4227357,30.3716263
PD,2018-06-08,Centrarchidae,L. cyanellus,56.5594166,47.4227357,4.0248472
PD,2018-06-08,Centrarchidae,L. gulosus,56.5594166,47.4227357,0.8572408
PD,2018-06-08,Centrarchidae,L. macrochirus,56.5594166,47.4227357,4.2945386
PD,2018-06-08,Centrarchidae,L. microlophus,56.5594166,47.4227357,2.5411297
PD,2018-06-08,Centrarchidae,M. salmoides,56.5594166,47.4227357,5.3333531
PD,2018-06-08,Poeciliidae,P. latipinna,56.5594166,1.2154934,0.1340027
PD,2018-08-01,Ictaluridae,A. melas,283.2191979,11.230233199999999,10.4360883
PD,2018-08-01,Ictaluridae,A. natalis,283.2191979,11.230233199999999,0.7941448999999999
PD,2018-08-01,Cyprinidae,C. carpio,283.2191979,93.5796064,93.5796064
PD,2018-08-01,Fundulidae,F. chrysotus,283.2191979,1.5226215,0.6007296
PD,2018-08-01,Fundulidae,F. notatus,283.2191979,1.5226215,0.9218919000000001
PD,2018-08-01,Poeciliidae,G. affinis,283.2191979,1.4048484,0.6466751
PD,2018-08-01,Cichlidae,H. cyanoguttatum,283.2191979,14.2303573,14.2303573
PD,2018-08-01,Centrarchidae,L. auritus,283.2191979,100.3054831,44.0123145
PD,2018-08-01,Centrarchidae,L. gulosus,283.2191979,100.3054831,7.396913200000001
PD,2018-08-01,Centrarchidae,L. macrochirus,283.2191979,100.3054831,3.1459462
PD,2018-08-01,Centrarchidae,L. megalotis,283.2191979,100.3054831,0.2165068
PD,2018-08-01,Lepisosteidae,L. oculatus,283.2191979,60.946048,60.946048
PD,2018-08-01,Centrarchidae,M. salmoides,283.2191979,100.3054831,45.5338024
PD,2018-08-01,Poeciliidae,P. latipinna,283.2191979,1.4048484,0.7581733
PD,2018-08-31,Ictaluridae,A. natalis,161.4496906,1.409359,1.409359
PD,2018-08-31,Fundulidae,F. chrysotus,161.4496906,2.3146032,0.8912568
PD,2018-08-31,Fundulidae,F. notatus,161.4496906,2.3146032,1.4233464
PD,2018-08-31,Poeciliidae,G. affinis,161.4496906,1.0062217000000002,0.23529100000000003
PD,2018-08-31,Cichlidae,H. cyanoguttatum,161.4496906,37.6768534,37.6768534
PD,2018-08-31,Centrarchidae,L. auritus,161.4496906,119.0426533,74.9577765
PD,2018-08-31,Centrarchidae,L. cyanellus,161.4496906,119.0426533,5.3188978
PD,2018-08-31,Centrarchidae,L. gulosus,161.4496906,119.0426533,3.4747014
PD,2018-08-31,Centrarchidae,L. macrochirus,161.4496906,119.0426533,24.268409899999998
PD,2018-08-31,Centrarchidae,L. megalotis,161.4496906,119.0426533,3.200448
PD,2018-08-31,Centrarchidae,M. salmoides,161.4496906,119.0426533,7.822419699999999
PD,2018-08-31,Poeciliidae,P. latipinna,161.4496906,1.0062217000000002,0.7709307000000001
PD,2020-01-16,Cyprinidae,C. carpio,79.0571189,4.0412098,4.0412098
PD,2020-01-16,Fundulidae,F. notatus,79.0571189,0.1361232,0.1361232
PD,2020-01-16,Poeciliidae,G. affinis,79.0571189,0.1297892,0.0167305
PD,2020-01-16,Cichlidae,H. cyanoguttatum,79.0571189,3.2123578,3.2123578
PD,2020-01-16,Centrarchidae,L. auritus,79.0571189,39.8954891,16.9401825
PD,2020-01-16,Centrarchidae,L. cyanellus,79.0571189,39.8954891,11.9655792
PD,2020-01-16,Centrarchidae,L. macrochirus,79.0571189,39.8954891,4.4592853
PD,2020-01-16,Centrarchidae,L. megalotis,79.0571189,39.8954891,4.7515973
PD,2020-01-16,Centrarchidae,L. microlophus,79.0571189,39.8954891,1.7788448
PD,2020-01-16,Lepisosteidae,L. oculatus,79.0571189,31.642149800000002,31.642149800000002
PD,2020-01-16,Poeciliidae,P. latipinna,79.0571189,0.1297892,0.1130587
PD,2020-05-21,Cyprinidae,C. carpio,110.6696899,52.0615336,52.0615336
PD,2020-05-21,Fundulidae,F. chrysotus,110.6696899,0.48073899999999997,0.2851061
PD,2020-05-21,Fundulidae,F. grandis,110.6696899,0.48073899999999997,0.1351231
PD,2020-05-21,Fundulidae,F. notatus,110.6696899,0.48073899999999997,0.060509799999999996
PD,2020-05-21,Poeciliidae,G. affinis,110.6696899,0.7063923,0.3208468
PD,2020-05-21,Cichlidae,H. cyanoguttatum,110.6696899,2.1023425,2.1023425
PD,2020-05-21,Centrarchidae,L. auritus,110.6696899,55.3186825,5.0458247
PD,2020-05-21,Centrarchidae,L. cyanellus,110.6696899,55.3186825,19.2606481
PD,2020-05-21,Centrarchidae,L. gulosus,110.6696899,55.3186825,6.430250099999999
PD,2020-05-21,Centrarchidae,L. macrochirus,110.6696899,55.3186825,14.964084999999999
PD,2020-05-21,Centrarchidae,M. salmoides,110.6696899,55.3186825,9.6178746
PD,2020-05-21,Poeciliidae,P. latipinna,110.6696899,0.7063923,0.3855455
PD,2020-09-09,Fundulidae,F. chrysotus,414.67703839999996,0.9086494,0.4901043
PD,2020-09-09,Fundulidae,F. notatus,414.67703839999996,0.9086494,0.4185451
PD,2020-09-09,Poeciliidae,G. affinis,414.67703839999996,0.6912033000000001,0.23735150000000002
PD,2020-09-09,Cichlidae,H. cyanoguttatum,414.67703839999996,90.6309199,90.6309199
PD,2020-09-09,Centrarchidae,L. auritus,414.67703839999996,322.4462658,143.3047088
PD,2020-09-09,Centrarchidae,L. cyanellus,414.67703839999996,322.4462658,40.963292
PD,2020-09-09,Centrarchidae,L. gulosus,414.67703839999996,322.4462658,21.032617600000002
PD,2020-09-09,Centrarchidae,L. macrochirus,414.67703839999996,322.4462658,92.8950473
PD,2020-09-09,Centrarchidae,L. megalotis,414.67703839999996,322.4462658,3.074007
PD,2020-09-09,Centrarchidae,L. microlophus,414.67703839999996,322.4462658,6.1785697
PD,2020-09-09,Centrarchidae,M. salmoides,414.67703839999996,322.4462658,14.9980234
PD,2020-09-09,Poeciliidae,P. latipinna,414.67703839999996,0.6912033000000001,0.4538518
PL,2017-10-10,Ictaluridae,A. natalis,59.4591931,22.9446815,22.9446815
PL,2017-10-10,Leuciscidae,C. lutrensis,59.4591931,1.1706275,1.1706275
PL,2017-10-10,Poeciliidae,G. affinis,59.4591931,0.6279055,0.6279055
PL,2017-10-10,Centrarchidae,L. gulosus,59.4591931,14.2006831,0.3412112
PL,2017-10-10,Centrarchidae,L. macrochirus,59.4591931,14.2006831,0.0837273
PL,2017-10-10,Centrarchidae,L. megalotis,59.4591931,14.2006831,7.8884951999999995
PL,2017-10-10,Lepisosteidae,L. oculatus,59.4591931,20.5152955,20.5152955
PL,2017-10-10,Centrarchidae,M. salmoides,59.4591931,14.2006831,5.8872494
PL,2017-11-11,Ictaluridae,A. natalis,211.8448984,48.65258850000001,44.533306
PL,2017-11-11,Leuciscidae,C. lutrensis,211.8448984,8.0104576,8.0104576
PL,2017-11-11,Poeciliidae,G. affinis,211.8448984,6.8133472,6.153145
PL,2017-11-11,Ictaluridae,I. punctatus,211.8448984,48.65258850000001,4.119282500000001
PL,2017-11-11,Centrarchidae,L. cyanellus,211.8448984,148.3685051,9.7510183
PL,2017-11-11,Centrarchidae,L. gulosus,211.8448984,148.3685051,3.2294548
PL,2017-11-11,Centrarchidae,L. macrochirus,211.8448984,148.3685051,6.053757500000001
PL,2017-11-11,Centrarchidae,L. megalotis,211.8448984,148.3685051,129.3342745
PL,2017-11-11,Poeciliidae,P. latipinna,211.8448984,6.8133472,0.6602022
PL,2017-12-03,Ictaluridae,A. natalis,57.588488,15.1460492,11.465387100000001
PL,2017-12-03,Leuciscidae,C. lutrensis,57.588488,3.8028541999999996,3.8028541999999996
PL,2017-12-03,Poeciliidae,G. affinis,57.588488,1.5781383999999998,1.5781383999999998
PL,2017-12-03,Ictaluridae,I. punctatus,57.588488,15.1460492,3.6806620999999997
PL,2017-12-03,Centrarchidae,L. cyanellus,57.588488,37.0614462,2.1523486000000003
PL,2017-12-03,Centrarchidae,L. gulosus,57.588488,37.0614462,1.2218944
PL,2017-12-03,Centrarchidae,L. macrochirus,57.588488,37.0614462,0.9902383000000001
PL,2017-12-03,Centrarchidae,L. megalotis,57.588488,37.0614462,32.6969649
PL,2018-02-11,Ictaluridae,A. natalis,266.58013769999997,9.759374699999999,9.759374699999999
PL,2018-02-11,Leuciscidae,C. lutrensis,266.58013769999997,11.5954643,11.5954643
PL,2018-02-11,Poeciliidae,G. affinis,266.58013769999997,7.372978900000001,7.372978900000001
PL,2018-02-11,Centrarchidae,L. cyanellus,266.58013769999997,237.85231979999998,6.9908922
PL,2018-02-11,Centrarchidae,L. gulosus,266.58013769999997,237.85231979999998,3.1830827999999998
PL,2018-02-11,Centrarchidae,L. macrochirus,266.58013769999997,237.85231979999998,1.2543788999999999
PL,2018-02-11,Centrarchidae,L. megalotis,266.58013769999997,237.85231979999998,226.42396589999998
PL,2018-03-02,Leuciscidae,C. lutrensis,14.7486798,9.6794872,9.6794872
PL,2018-03-02,Poeciliidae,G. affinis,14.7486798,0.905837,0.0643472
PL,2018-03-02,Ictaluridae,I. punctatus,14.7486798,1.0930571,1.0930571
PL,2018-03-02,Centrarchidae,L. cyanellus,14.7486798,3.0702985,0.1966318
PL,2018-03-02,Centrarchidae,L. gulosus,14.7486798,3.0702985,0.3412112
PL,2018-03-02,Centrarchidae,L. megalotis,14.7486798,3.0702985,2.5324554999999997
PL,2018-03-02,Poeciliidae,P. latipinna,14.7486798,0.905837,0.8414898000000001
PL,2018-04-01,Ictaluridae,A. natalis,323.5137955,27.7162825,27.7162825
PL,2018-04-01,Leuciscidae,C. lutrensis,323.5137955,59.3757972,59.3757972
PL,2018-04-01,Fundulidae,F. chrysotus,323.5137955,0.1801511,0.1801511
PL,2018-04-01,Poeciliidae,G. affinis,323.5137955,8.792504,4.7592484
PL,2018-04-01,Centrarchidae,L. auritus,323.5137955,227.4490607,10.9563456
PL,2018-04-01,Centrarchidae,L. cyanellus,323.5137955,227.4490607,3.6177215
PL,2018-04-01,Centrarchidae,L. gulosus,323.5137955,227.4490607,9.4778761
PL,2018-04-01,Centrarchidae,L. macrochirus,323.5137955,227.4490607,20.7358628
PL,2018-04-01,Centrarchidae,L. megalotis,323.5137955,227.4490607,182.6612547
PL,2018-04-01,Poeciliidae,P. latipinna,323.5137955,8.792504,4.0332555999999995
PL,2018-05-10,Ictaluridae,A. natalis,28.378230000000002,3.1150647,3.1150647
PL,2018-05-10,Leuciscidae,C. lutrensis,28.378230000000002,3.1806053,3.1806053
PL,2018-05-10,Poeciliidae,G. affinis,28.378230000000002,2.7417407,2.4105355
PL,2018-05-10,Centrarchidae,L. auritus,28.378230000000002,19.3408193,0.17820139999999998
PL,2018-05-10,Centrarchidae,L. cyanellus,28.378230000000002,19.3408193,3.1456691
PL,2018-05-10,Centrarchidae,L. gulosus,28.378230000000002,19.3408193,0.636884
PL,2018-05-10,Centrarchidae,L. macrochirus,28.378230000000002,19.3408193,0.3751747
PL,2018-05-10,Centrarchidae,L. megalotis,28.378230000000002,19.3408193,15.0048901
PL,2018-05-10,Poeciliidae,P. latipinna,28.378230000000002,2.7417407,0.3312052
PL,2018-06-07,Ictaluridae,A. natalis,232.4107011,23.397732299999998,23.397732299999998
PL,2018-06-07,Leuciscidae,C. lutrensis,232.4107011,4.959501,4.959501
PL,2018-06-07,Poeciliidae,G. affinis,232.4107011,7.8624343,7.2112464
PL,2018-06-07,Centrarchidae,L. cyanellus,232.4107011,196.1910335,22.7194682
PL,2018-06-07,Centrarchidae,L. gulosus,232.4107011,196.1910335,1.609253
PL,2018-06-07,Centrarchidae,L. macrochirus,232.4107011,196.1910335,23.8735848
PL,2018-06-07,Centrarchidae,L. megalotis,232.4107011,196.1910335,144.5966793
PL,2018-06-07,Centrarchidae,M. salmoides,232.4107011,196.1910335,3.3920482
PL,2018-06-07,Poeciliidae,P. latipinna,232.4107011,7.8624343,0.6511879
PL,2018-07-27,Ictaluridae,A. natalis,8.1483011,2.4500157000000002,0.6344103
PL,2018-07-27,Leuciscidae,C. lutrensis,8.1483011,0.4273531,0.4273531
PL,2018-07-27,Poeciliidae,G. affinis,8.1483011,0.8635977,0.6334995
PL,2018-07-27,Ictaluridae,I. punctatus,8.1483011,2.4500157000000002,0.0471661
PL,2018-07-27,Centrarchidae,L. macrochirus,8.1483011,4.4073346,0.2613855
PL,2018-07-27,Centrarchidae,L. megalotis,8.1483011,4.4073346,4.1459491
PL,2018-07-27,Ictaluridae,N. gyrinus,8.1483011,2.4500157000000002,1.7684393
PL,2018-07-27,Poeciliidae,P. latipinna,8.1483011,0.8635977,0.2300982
PL,2018-09-25,Leuciscidae,C. lutrensis,10.8823794,0.1762369,0.1762369
PL,2018-09-25,Poeciliidae,G. affinis,10.8823794,0.18539629999999999,0.18539629999999999
PL,2018-09-25,Ictaluridae,I. punctatus,10.8823794,4.2276099,4.2276099
PL,2018-09-25,Centrarchidae,L. cyanellus,10.8823794,6.2931363,0.5280392
PL,2018-09-25,Centrarchidae,L. macrochirus,10.8823794,6.2931363,0.7212126
PL,2018-09-25,Centrarchidae,L. megalotis,10.8823794,6.2931363,5.0438845
PL,2020-01-15,Leuciscidae,C. lutrensis,50.538898800000005,1.8295496000000002,1.8295496000000002
PL,2020-01-15,Eleotridae,D. maculatus,50.538898800000005,0.8517161000000001,0.8517161000000001
PL,2020-01-15,Poeciliidae,G. affinis,50.538898800000005,10.9053666,1.731494
PL,2020-01-15,Ictaluridae,I. punctatus,50.538898800000005,6.3558824,6.3558824
PL,2020-01-15,Centrarchidae,L. cyanellus,50.538898800000005,30.5963841,2.0774817
PL,2020-01-15,Centrarchidae,L. gulosus,50.538898800000005,30.5963841,4.9574023
PL,2020-01-15,Centrarchidae,L. macrochirus,50.538898800000005,30.5963841,0.8504029
PL,2020-01-15,Centrarchidae,L. megalotis,50.538898800000005,30.5963841,22.7110972
PL,2020-01-15,Poeciliidae,P. latipinna,50.538898800000005,10.9053666,9.173872600000001
PL,2020-05-24,Ictaluridae,A. natalis,421.6159674,14.798667799999999,14.095532899999998
PL,2020-05-24,Leuciscidae,C. lutrensis,421.6159674,4.1359537,4.1359537
PL,2020-05-24,Poeciliidae,G. affinis,421.6159674,7.026257299999999,2.3040198000000003
PL,2020-05-24,Ictaluridae,I. punctatus,421.6159674,14.798667799999999,0.7031349
PL,2020-05-24,Centrarchidae,L. auritus,421.6159674,221.35594609999998,20.9152906
PL,2020-05-24,Centrarchidae,L. cyanellus,421.6159674,221.35594609999998,70.6339555
PL,2020-05-24,Centrarchidae,L. gulosus,421.6159674,221.35594609999998,2.0996558
PL,2020-05-24,Centrarchidae,L. macrochirus,421.6159674,221.35594609999998,23.3046541
PL,2020-05-24,Centrarchidae,L. megalotis,421.6159674,221.35594609999998,103.00264619999999
PL,2020-05-24,Lepisosteidae,L. oculatus,421.6159674,174.29914250000002,174.29914250000002
PL,2020-05-24,Centrarchidae,M. salmoides,421.6159674,221.35594609999998,1.3997439
PL,2020-05-24,Poeciliidae,P. latipinna,421.6159674,7.026257299999999,4.722237499999999
PL,2020-09-15,Ictaluridae,A. natalis,306.7995547,3.8504144,2.635264
PL,2020-09-15,Leuciscidae,C. lutrensis,306.7995547,1.0166565,1.0166565
PL,2020-09-15,Eleotridae,D. maculatus,306.7995547,13.0984201,13.0984201
PL,2020-09-15,Poeciliidae,G. affinis,306.7995547,4.607773600000001,0.4544129
PL,2020-09-15,Ictaluridae,I. punctatus,306.7995547,3.8504144,1.2151504
PL,2020-09-15,Centrarchidae,L. cyanellus,306.7995547,87.6595585,10.3239383
PL,2020-09-15,Centrarchidae,L. gulosus,306.7995547,87.6595585,0.23965969999999998
PL,2020-09-15,Centrarchidae,L. macrochirus,306.7995547,87.6595585,2.6892587999999997
PL,2020-09-15,Centrarchidae,L. megalotis,306.7995547,87.6595585,65.0957125
PL,2020-09-15,Lepisosteidae,L. oculatus,306.7995547,196.5667316,196.5667316
PL,2020-09-15,Centrarchidae,M. salmoides,306.7995547,87.6595585,9.3109892
PL,2020-09-15,Poeciliidae,P. latipinna,306.7995547,4.607773600000001,4.1533607
PL,2020-11-02,Ictaluridae,A. natalis,222.34506820000001,3.1612783,2.4581434
PL,2020-11-02,Leuciscidae,C. lutrensis,222.34506820000001,3.4396983999999997,3.4396983999999997
PL,2020-11-02,Eleotridae,D. maculatus,222.34506820000001,6.1533045,6.1533045
PL,2020-11-02,Poeciliidae,G. affinis,222.34506820000001,34.3281824,1.9511326
PL,2020-11-02,Ictaluridae,I. punctatus,222.34506820000001,3.1612783,0.7031349
PL,2020-11-02,Centrarchidae,L. cyanellus,222.34506820000001,168.26627860000002,1.0335708000000001
PL,2020-11-02,Centrarchidae,L. gulosus,222.34506820000001,168.26627860000002,0.2489233
PL,2020-11-02,Centrarchidae,L. macrochirus,222.34506820000001,168.26627860000002,3.2752722
PL,2020-11-02,Centrarchidae,L. megalotis,222.34506820000001,168.26627860000002,140.87355580000002
PL,2020-11-02,Mugilidae,M. cephalus,222.34506820000001,6.996326,6.996326
PL,2020-11-02,Centrarchidae,M. salmoides,222.34506820000001,168.26627860000002,22.8349565
PL,2020-11-02,Poeciliidae,P. latipinna,222.34506820000001,34.3281824,32.3770498
SF,2017-09-19,Characidae,A. mexicanus,152.26444360000002,0.2936582,0.2936582
SF,2017-09-19,Poeciliidae,G. affinis,152.26444360000002,1.184582,0.0408096
SF,2017-09-19,Cichlidae,H. cyanoguttatum,152.26444360000002,11.415937099999999,11.415937099999999
SF,2017-09-19,Centrarchidae,L. macrochirus,152.26444360000002,3.052679,2.0006206
SF,2017-09-19,Centrarchidae,L. megalotis,152.26444360000002,3.052679,1.0520584
SF,2017-09-19,Lepisosteidae,L. oculatus,152.26444360000002,136.3175873,136.3175873
SF,2017-09-19,Poeciliidae,P. latipinna,152.26444360000002,1.184582,1.1437724
SF,2017-11-05,Characidae,A. mexicanus,264.7289957,0.7489408000000001,0.7489408000000001
SF,2017-11-05,Leuciscidae,C. lutrensis,264.7289957,4.3148290000000005,1.3945423000000001
SF,2017-11-05,Cyprinodontidae,C. variegatus,264.7289957,0.076596,0.076596
SF,2017-11-05,Poeciliidae,G. affinis,264.7289957,49.9499826,3.2365255000000004
SF,2017-11-05,Cichlidae,H. cyanoguttatum,264.7289957,206.4462143,206.4462143
SF,2017-11-05,Centrarchidae,L. macrochirus,264.7289957,3.1924330000000003,3.1924330000000003
SF,2017-11-05,Poeciliidae,P. latipinna,264.7289957,49.9499826,46.7134571
SF,2017-11-05,Leuciscidae,P. vigilax,264.7289957,4.3148290000000005,2.9202867
SF,2017-12-11,Leuciscidae,C. lutrensis,75.7447341,0.4433013,0.2526609
SF,2017-12-11,Poeciliidae,G. affinis,75.7447341,10.290411299999999,0.21289389999999997
SF,2017-12-11,Cichlidae,H. cyanoguttatum,75.7447341,12.390430299999998,12.390430299999998
SF,2017-12-11,Lepisosteidae,L. oculatus,75.7447341,52.6205912,52.6205912
SF,2017-12-11,Poeciliidae,P. latipinna,75.7447341,10.290411299999999,10.0775174
SF,2017-12-11,Leuciscidae,P. vigilax,75.7447341,0.4433013,0.1906404
SF,2018-02-02,Cyprinodontidae,C. variegatus,86.1617832,0.6146218,0.6146218
SF,2018-02-02,Poeciliidae,G. affinis,86.1617832,62.8382471,1.1455906
SF,2018-02-02,Cichlidae,H. cyanoguttatum,86.1617832,21.554474300000003,21.554474300000003
SF,2018-02-02,Poeciliidae,P. latipinna,86.1617832,62.8382471,61.6926565
SF,2018-02-02,Leuciscidae,P. vigilax,86.1617832,1.15444,1.15444
SF,2018-04-07,Leuciscidae,C. lutrensis,28.9650887,7.2912723,2.0855511
SF,2018-04-07,Poeciliidae,G. affinis,28.9650887,13.6543662,3.512274
SF,2018-04-07,Cichlidae,H. cyanoguttatum,28.9650887,8.0194502,8.0194502
SF,2018-04-07,Poeciliidae,P. latipinna,28.9650887,13.6543662,10.1420922
SF,2018-04-07,Leuciscidae,P. vigilax,28.9650887,7.2912723,5.2057212
SF,2018-05-12,Leuciscidae,C. lutrensis,18.139032,2.145428,1.4079785
SF,2018-05-12,Poeciliidae,G. affinis,18.139032,14.4907808,1.3897563
SF,2018-05-12,Cichlidae,H. cyanoguttatum,18.139032,1.5028232,1.3513986
SF,2018-05-12,Cichlidae,O. aureus,18.139032,1.5028232,0.1514246
SF,2018-05-12,Poeciliidae,P. latipinna,18.139032,14.4907808,13.1010245
SF,2018-05-12,Leuciscidae,P. vigilax,18.139032,2.145428,0.7374495
SF,2018-06-01,Leuciscidae,C. lutrensis,110.03131570000001,0.8330291000000001,0.30274059999999997
SF,2018-06-01,Poeciliidae,G. affinis,110.03131570000001,40.1555158,1.728307
SF,2018-06-01,Cichlidae,H. cyanoguttatum,110.03131570000001,69.0427708,69.0427708
SF,2018-06-01,Poeciliidae,P. latipinna,110.03131570000001,40.1555158,38.4272088
SF,2018-06-01,Leuciscidae,P. vigilax,110.03131570000001,0.8330291000000001,0.5302885
SF,2018-07-01,Cyprinidae,C. carpio,29.9279344,2.9551952,2.9551952
SF,2018-07-01,Leuciscidae,C. lutrensis,29.9279344,2.0084719,1.4490699
SF,2018-07-01,Cyprinodontidae,C. variegatus,29.9279344,0.7058026000000001,0.7058026000000001
SF,2018-07-01,Poeciliidae,G. affinis,29.9279344,10.971953200000002,0.8498955
SF,2018-07-01,Cichlidae,H. cyanoguttatum,29.9279344,8.9478055,8.9478055
SF,2018-07-01,Centrarchidae,L. gulosus,29.9279344,4.338706,4.338706
SF,2018-07-01,Poeciliidae,P. latipinna,29.9279344,10.971953200000002,10.122057700000001
SF,2018-07-01,Leuciscidae,P. vigilax,29.9279344,2.0084719,0.559402
SF,2018-09-18,Characidae,A. mexicanus,5.3210977,0.841886,0.841886
SF,2018-09-18,Leuciscidae,C. lutrensis,5.3210977,0.3257853,0.3257853
SF,2018-09-18,Poeciliidae,G. affinis,5.3210977,2.3695382,2.27563
SF,2018-09-18,Centrarchidae,L. gulosus,5.3210977,1.7838882,0.7711759
SF,2018-09-18,Centrarchidae,L. macrochirus,5.3210977,1.7838882,1.0127123
SF,2018-09-18,Poeciliidae,P. latipinna,5.3210977,2.3695382,0.09390820000000001
SF,2020-01-13,Ictaluridae,A. melas,104.929655,1.5538333999999991,1.5538333999999991
SF,2020-01-13,Characidae,A. mexicanus,104.929655,1.8520924,1.8520924
SF,2020-01-13,Poeciliidae,G. affinis,104.929655,78.9176545,0.112906
SF,2020-01-13,Cichlidae,H. cyanoguttatum,104.929655,15.9429605,15.9429605
SF,2020-01-13,Centrarchidae,L. cyanellus,104.929655,6.663114200000001,6.663114200000001
SF,2020-01-13,Poeciliidae,P. latipinna,104.929655,78.9176545,78.8047485
SF,2020-05-27,Characidae,A. mexicanus,2396.0645496,6.7395553999999995,6.7395553999999995
SF,2020-05-27,Poeciliidae,G. affinis,2396.0645496,24.5830688,0.6915334000000001
SF,2020-05-27,Cichlidae,H. cyanoguttatum,2396.0645496,628.0376279,626.8172413
SF,2020-05-27,Centrarchidae,L. cyanellus,2396.0645496,220.0889335,31.554234599999997
SF,2020-05-27,Centrarchidae,L. gulosus,2396.0645496,220.0889335,16.5395913
SF,2020-05-27,Centrarchidae,L. macrochirus,2396.0645496,220.0889335,80.0327012
SF,2020-05-27,Lepisosteidae,L. oculatus,2396.0645496,1516.615364,1516.615364
SF,2020-05-27,Centrarchidae,M. salmoides,2396.0645496,220.0889335,91.96240639999999
SF,2020-05-27,Cichlidae,O. aureus,2396.0645496,628.0376279,1.2203866
SF,2020-05-27,Poeciliidae,P. latipinna,2396.0645496,24.5830688,23.8915354
SF,2020-09-11,Characidae,A. mexicanus,78.2906064,3.7617823,3.7617823
SF,2020-09-11,Poeciliidae,G. affinis,78.2906064,9.3377439,0.8750057
SF,2020-09-11,Cichlidae,H. cyanoguttatum,78.2906064,65.0746168,64.82109870000001
SF,2020-09-11,Centrarchidae,L. cyanellus,78.2906064,0.1164634,0.1164634
SF,2020-09-11,Cichlidae,O. aureus,78.2906064,65.0746168,0.2535181
SF,2020-09-11,Poeciliidae,P. latipinna,78.2906064,9.3377439,8.4627382
SF,2020-11-04,Characidae,A. mexicanus,96.3466444,3.9870243,3.9870243
SF,2020-11-04,Poeciliidae,G. affinis,96.3466444,36.9172274,1.4109015
SF,2020-11-04,Cichlidae,H. cyanoguttatum,96.3466444,53.6606495,50.9101838
SF,2020-11-04,Centrarchidae,L. macrochirus,96.3466444,1.7817432000000002,1.7817432000000002
SF,2020-11-04,Cichlidae,O. aureus,96.3466444,53.6606495,2.7504657
SF,2020-11-04,Poeciliidae,P. latipinna,96.3466444,36.9172274,35.5063259
TR,2017-09-25,Characidae,A. mexicanus,114.04829639999998,0.8582261000000001,0.8582261000000001
TR,2017-09-25,Cyprinodontidae,C. variegatus,114.04829639999998,1.8146347999999999,1.8146347999999999
TR,2017-09-25,Fundulidae,F. grandis,114.04829639999998,0.2929873,0.2929873
TR,2017-09-25,Poeciliidae,P. latipinna,114.04829639999998,111.08244819999999,111.08244819999999
TR,2017-11-05,Cyprinodontidae,C. variegatus,22.8780665,7.600800100000001,7.600800100000001
TR,2017-11-05,Eleotridae,D. maculatus,22.8780665,0.5921003,0.5921003
TR,2017-11-05,Fundulidae,F. grandis,22.8780665,2.1526559,2.1526559
TR,2017-11-05,Poeciliidae,G. affinis,22.8780665,4.6499964,0.1696986
TR,2017-11-05,Cichlidae,H. cyanoguttatum,22.8780665,6.409839099999999,3.9264441999999997
TR,2017-11-05,Centrarchidae,L. megalotis,22.8780665,1.3970959,1.3970959
TR,2017-11-05,Ictaluridae,N. gyrinus,22.8780665,0.0755788,0.0755788
TR,2017-11-05,Cichlidae,O. aureus,22.8780665,6.409839099999999,2.4833949
TR,2017-11-05,Poeciliidae,P. latipinna,22.8780665,4.6499964,4.4802978
TR,2017-12-11,Cyprinodontidae,C. variegatus,21.7376568,18.9937486,18.9937486
TR,2017-12-11,Poeciliidae,G. affinis,21.7376568,2.7439082,1.716285
TR,2017-12-11,Poeciliidae,P. latipinna,21.7376568,2.7439082,1.0276232
TR,2018-02-02,Characidae,A. mexicanus,141.9714092,3.4029434999999997,3.4029434999999997
TR,2018-02-02,Cyprinodontidae,C. variegatus,141.9714092,122.3989956,122.3989956
TR,2018-02-02,Fundulidae,F. grandis,141.9714092,3.6298505000000003,3.6298505000000003
TR,2018-02-02,Poeciliidae,G. affinis,141.9714092,12.376000600000001,0.7161787000000001
TR,2018-02-02,Cichlidae,H. cyanoguttatum,141.9714092,0.16361900000000001,0.16361900000000001
TR,2018-02-02,Poeciliidae,P. latipinna,141.9714092,12.376000600000001,11.6598219
TR,2018-04-07,Characidae,A. mexicanus,91.7965458,1.3827123000000001,1.3827123000000001
TR,2018-04-07,Cyprinodontidae,C. variegatus,91.7965458,53.4623572,53.4623572
TR,2018-04-07,Fundulidae,F. grandis,91.7965458,0.11071589999999999,0.11071589999999999
TR,2018-04-07,Poeciliidae,G. affinis,91.7965458,36.8407604,0.9482755
TR,2018-04-07,Poeciliidae,P. latipinna,91.7965458,36.8407604,35.8924849
TR,2018-06-01,Characidae,A. mexicanus,89.2486113,18.556651199999997,18.556651199999997
TR,2018-06-01,Cyprinodontidae,C. variegatus,89.2486113,27.9997669,27.9997669
TR,2018-06-01,Fundulidae,F. grandis,89.2486113,3.1679234000000003,3.1679234000000003
TR,2018-06-01,Poeciliidae,P. latipinna,89.2486113,39.5242698,39.5242698
TR,2018-07-01,Cyprinodontidae,C. variegatus,41.2266208,4.9925831,4.9925831
TR,2018-07-01,Fundulidae,F. grandis,41.2266208,0.1272853,0.1272853
TR,2018-07-01,Cichlidae,H. cyanoguttatum,41.2266208,2.662441,2.335985
TR,2018-07-01,Centrarchidae,L. cyanellus,41.2266208,3.5008425,0.7698023
TR,2018-07-01,Centrarchidae,L. macrochirus,41.2266208,3.5008425,1.5494799
TR,2018-07-01,Centrarchidae,M. salmoides,41.2266208,3.5008425,1.1815603
TR,2018-07-01,Cichlidae,O. aureus,41.2266208,2.662441,0.326456
TR,2018-07-01,Poeciliidae,P. latipinna,41.2266208,29.9434689,29.9434689
TR,2018-08-31,Cyprinodontidae,C. variegatus,3.3357753000000003,0.2923488,0.2923488
TR,2018-08-31,Poeciliidae,G. affinis,3.3357753000000003,3.0434265000000003,0.0674841
TR,2018-08-31,Poeciliidae,P. latipinna,3.3357753000000003,3.0434265000000003,2.9759424
TR,2020-01-13,Characidae,A. mexicanus,39.6148868,0.0320026,0.0320026
TR,2020-01-13,Cyprinodontidae,C. variegatus,39.6148868,25.4982213,25.4982213
TR,2020-01-13,Fundulidae,F. grandis,39.6148868,2.2207746,2.2207746
TR,2020-01-13,Poeciliidae,G. affinis,39.6148868,6.737790199999999,0.8596599
TR,2020-01-13,Cichlidae,H. cyanoguttatum,39.6148868,0.9452963,0.2920655
TR,2020-01-13,Centrarchidae,L. macrochirus,39.6148868,4.1808018,4.1808018
TR,2020-01-13,Cichlidae,O. aureus,39.6148868,0.9452963,0.6532308
TR,2020-01-13,Poeciliidae,P. latipinna,39.6148868,6.737790199999999,5.8781303
TR,2020-05-27,Characidae,A. mexicanus,127.75261259999999,1.4282187,1.4282187
TR,2020-05-27,Cyprinodontidae,C. variegatus,127.75261259999999,0.656784,0.656784
TR,2020-05-27,Poeciliidae,G. affinis,127.75261259999999,8.0595713,0.00987
TR,2020-05-27,Cichlidae,H. cyanoguttatum,127.75261259999999,39.1280285,16.768329700000002
TR,2020-05-27,Centrarchidae,L. cyanellus,127.75261259999999,78.48001009999999,2.403409
TR,2020-05-27,Centrarchidae,L. macrochirus,127.75261259999999,78.48001009999999,76.07660109999999
TR,2020-05-27,Cichlidae,O. aureus,127.75261259999999,39.1280285,22.3596988
TR,2020-05-27,Poeciliidae,P. latipinna,127.75261259999999,8.0595713,8.0497013
TR,2020-09-11,Characidae,A. mexicanus,105.3422263,1.0481656000000001,1.0481656000000001
TR,2020-09-11,Cyprinodontidae,C. variegatus,105.3422263,7.730595599999999,7.730595599999999
TR,2020-09-11,Poeciliidae,G. affinis,105.3422263,12.3106546,0.1927171
TR,2020-09-11,Cichlidae,H. cyanoguttatum,105.3422263,63.2799623,62.3401662
TR,2020-09-11,Fundulidae,L. parva,105.3422263,20.972848199999998,20.972848199999998
TR,2020-09-11,Cichlidae,O. aureus,105.3422263,63.2799623,0.9397961
TR,2020-09-11,Poeciliidae,P. latipinna,105.3422263,12.3106546,12.1179375
TR,2020-11-04,Cyprinodontidae,C. variegatus,146.0377112,134.8405319,134.8405319
TR,2020-11-04,Fundulidae,F. grandis,146.0377112,4.6698915,4.6698915
TR,2020-11-04,Poeciliidae,G. affinis,146.0377112,5.3457281,3.7484007999999998
TR,2020-11-04,Cichlidae,O. aureus,146.0377112,1.1815597,1.1815597
TR,2020-11-04,Poeciliidae,P. latipinna,146.0377112,5.3457281,1.5973273
WM,2017-09-30,Ictaluridae,A. natalis,45.0665281,8.1370736,1.3104392
WM,2017-09-30,Leuciscidae,C. lutrensis,45.0665281,0.13329500000000002,0.12712500000000002
WM,2017-09-30,Ictaluridae,I. punctatus,45.0665281,8.1370736,6.8266344000000005
WM,2017-09-30,Centrarchidae,L. auritus,45.0665281,36.7961595,10.1351636
WM,2017-09-30,Centrarchidae,L. cyanellus,45.0665281,36.7961595,2.2788781
WM,2017-09-30,Centrarchidae,L. macrochirus,45.0665281,36.7961595,0.09179999999999999
WM,2017-09-30,Centrarchidae,L. megalotis,45.0665281,36.7961595,24.2903178
WM,2017-09-30,Leuciscidae,P. vigilax,45.0665281,0.13329500000000002,0.006169999999999999
WM,2017-11-03,Leuciscidae,C. venusta,175.9903102,0.3635328,0.3158087
WM,2017-11-03,Poeciliidae,G. affinis,175.9903102,0.8624869000000001,0.8624869000000001
WM,2017-11-03,Centrarchidae,L. gulosus,175.9903102,16.0559099,0.1698811
WM,2017-11-03,Centrarchidae,L. macrochirus,175.9903102,16.0559099,0.5459792
WM,2017-11-03,Centrarchidae,L. megalotis,175.9903102,16.0559099,13.743922
WM,2017-11-03,Centrarchidae,L. microlophus,175.9903102,16.0559099,0.7682024
WM,2017-11-03,Centrarchidae,L. miniatus,175.9903102,16.0559099,0.8279252000000001
WM,2017-11-03,Lepisosteidae,L. oculatus,175.9903102,158.7083806,158.7083806
WM,2017-11-03,Leuciscidae,N. texanus,175.9903102,0.3635328,0.0477241
WM,2017-12-02,Ictaluridae,A. natalis,106.0652025,13.3595349,5.3702842
WM,2017-12-02,Aphredoderidae,A. sayanus,106.0652025,0.210278,0.210278
WM,2017-12-02,Leuciscidae,C. lutrensis,106.0652025,3.2770301,2.287518
WM,2017-12-02,Leuciscidae,C. venusta,106.0652025,3.2770301,0.9104143
WM,2017-12-02,Poeciliidae,G. affinis,106.0652025,1.0729726,1.0729726
WM,2017-12-02,Ictaluridae,I. punctatus,106.0652025,13.3595349,7.5799353
WM,2017-12-02,Centrarchidae,L. cyanellus,106.0652025,75.607289,3.8222166
WM,2017-12-02,Centrarchidae,L. gulosus,106.0652025,75.607289,1.1489367000000001
WM,2017-12-02,Centrarchidae,L. humilis,106.0652025,75.607289,0.1674128
WM,2017-12-02,Centrarchidae,L. macrochirus,106.0652025,75.607289,4.1180474
WM,2017-12-02,Centrarchidae,L. megalotis,106.0652025,75.607289,30.0181837
WM,2017-12-02,Lepisosteidae,L. oculatus,106.0652025,12.5380979,12.5380979
WM,2017-12-02,Centrarchidae,M. salmoides,106.0652025,75.607289,36.3324918
WM,2017-12-02,Ictaluridae,N. gyrinus,106.0652025,13.3595349,0.4093154
WM,2017-12-02,Leuciscidae,N. texanus,106.0652025,3.2770301,0.0316539
WM,2017-12-02,Leuciscidae,P. vigilax,106.0652025,3.2770301,0.0474439
WM,2018-02-09,Pecidae,E. gracile,41.1652812,0.068716,0.068716
WM,2018-02-09,Poeciliidae,G. affinis,41.1652812,0.4853412,0.4853412
WM,2018-02-09,Ictaluridae,I. punctatus,41.1652812,0.7389761,0.7389761
WM,2018-02-09,Centrarchidae,L. cyanellus,41.1652812,13.9214556,2.1184892
WM,2018-02-09,Centrarchidae,L. gulosus,41.1652812,13.9214556,1.8436417999999999
WM,2018-02-09,Centrarchidae,L. humilis,41.1652812,13.9214556,0.187513
WM,2018-02-09,Centrarchidae,L. macrochirus,41.1652812,13.9214556,0.534698
WM,2018-02-09,Centrarchidae,L. megalotis,41.1652812,13.9214556,9.2371136
WM,2018-02-09,Lepisosteidae,L. oculatus,41.1652812,25.820999300000004,25.820999300000004
WM,2018-02-09,Leuciscidae,N. texanus,41.1652812,0.129793,0.0847895
WM,2018-02-09,Leuciscidae,P. vigilax,41.1652812,0.129793,0.0450035
WM,2018-03-02,Leuciscidae,C. lutrensis,96.97224010000001,0.696719,0.1888111
WM,2018-03-02,Pecidae,E. gracile,96.97224010000001,0.045276399999999994,0.045276399999999994
WM,2018-03-02,Poeciliidae,G. affinis,96.97224010000001,1.3848107,1.3848107
WM,2018-03-02,Ictaluridae,I. punctatus,96.97224010000001,0.08494349999999999,0.08494349999999999
WM,2018-03-02,Centrarchidae,L. cyanellus,96.97224010000001,38.1401017,3.7522815
WM,2018-03-02,Centrarchidae,L. gulosus,96.97224010000001,38.1401017,2.643339
WM,2018-03-02,Centrarchidae,L. macrochirus,96.97224010000001,38.1401017,6.4945507
WM,2018-03-02,Centrarchidae,L. megalotis,96.97224010000001,38.1401017,22.6461338
WM,2018-03-02,Centrarchidae,L. microlophus,96.97224010000001,38.1401017,0.5474976
WM,2018-03-02,Lepisosteidae,L. oculatus,96.97224010000001,56.6203888,56.6203888
WM,2018-03-02,Centrarchidae,P. annularis,96.97224010000001,38.1401017,2.0562991
WM,2018-03-02,Leuciscidae,P. vigilax,96.97224010000001,0.696719,0.5079079
WM,2018-03-31,Leuciscidae,C. lutrensis,2.1264708999999997,0.2089685,0.0548998
WM,2018-03-31,Leuciscidae,C. venusta,2.1264708999999997,0.2089685,0.12694060000000001
WM,2018-03-31,Pecidae,E. gracile,2.1264708999999997,0.0553236,0.0553236
WM,2018-03-31,Fundulidae,F. chrysotus,2.1264708999999997,9.75e-4,9.75e-4
WM,2018-03-31,Poeciliidae,G. affinis,2.1264708999999997,0.31672110000000003,0.31672110000000003
WM,2018-03-31,Centrarchidae,L. macrochirus,2.1264708999999997,1.5444826999999999,1.5444826999999999
WM,2018-03-31,Leuciscidae,N. texanus,2.1264708999999997,0.2089685,0.008
WM,2018-03-31,Leuciscidae,P. vigilax,2.1264708999999997,0.2089685,0.0191281
WM,2018-05-04,Leuciscidae,C. lutrensis,46.89891849999999,0.051661700000000005,0.051661700000000005
WM,2018-05-04,Poeciliidae,G. affinis,46.89891849999999,0.2573366,0.2573366
WM,2018-05-04,Centrarchidae,L. cyanellus,46.89891849999999,10.8177867,0.0721843
WM,2018-05-04,Centrarchidae,L. gulosus,46.89891849999999,10.8177867,0.0735258
WM,2018-05-04,Centrarchidae,L. macrochirus,46.89891849999999,10.8177867,1.6518357000000001
WM,2018-05-04,Centrarchidae,L. megalotis,46.89891849999999,10.8177867,9.0202409
WM,2018-05-04,Lepisosteidae,L. oculatus,46.89891849999999,35.772133499999995,35.772133499999995
WM,2018-06-04,Ictaluridae,A. natalis,53.639582,2.5477513,2.5477513
WM,2018-06-04,Aphredoderidae,A. sayanus,53.639582,0.033877000000000004,0.033877000000000004
WM,2018-06-04,Leuciscidae,C. venusta,53.639582,0.075394,0.075394
WM,2018-06-04,Poeciliidae,G. affinis,53.639582,0.1093658,0.1093658
WM,2018-06-04,Centrarchidae,L. gulosus,53.639582,3.3801199,0.46054980000000006
WM,2018-06-04,Centrarchidae,L. megalotis,53.639582,3.3801199,2.9195701
WM,2018-06-04,Lepisosteidae,L. oculatus,53.639582,47.493074,47.493074
WM,2018-09-01,Ictaluridae,A. melas,20.7340405,0.27711640000000004,0.192363
WM,2018-09-01,Aphredoderidae,A. sayanus,20.7340405,0.19667310000000002,0.19667310000000002
WM,2018-09-01,Leuciscidae,C. lutrensis,20.7340405,0.035166100000000006,0.0131263
WM,2018-09-01,Poeciliidae,G. affinis,20.7340405,0.0539856,0.0539856
WM,2018-09-01,Ictaluridae,I. punctatus,20.7340405,0.27711640000000004,0.0847534
WM,2018-09-01,Centrarchidae,L. auritus,20.7340405,20.1710993,0.3002078
WM,2018-09-01,Centrarchidae,L. cyanellus,20.7340405,20.1710993,0.8926147000000001
WM,2018-09-01,Centrarchidae,L. gulosus,20.7340405,20.1710993,0.8908256
WM,2018-09-01,Centrarchidae,L. macrochirus,20.7340405,20.1710993,0.7449962
WM,2018-09-01,Centrarchidae,L. megalotis,20.7340405,20.1710993,7.997315700000001
WM,2018-09-01,Centrarchidae,M. salmoides,20.7340405,20.1710993,9.3451393
WM,2018-09-01,Leuciscidae,N. texanus,20.7340405,0.035166100000000006,0.022039800000000002
WM,2020-01-14,Pecidae,E. gracile,33.370036400000004,0.2684358,0.2684358
WM,2020-01-14,Poeciliidae,G. affinis,33.370036400000004,0.5817747,0.5817747
WM,2020-01-14,Centrarchidae,L. cyanellus,33.370036400000004,32.5198259,4.974361
WM,2020-01-14,Centrarchidae,L. gulosus,33.370036400000004,32.5198259,2.7529426999999997
WM,2020-01-14,Centrarchidae,L. macrochirus,33.370036400000004,32.5198259,6.359994200000001
WM,2020-01-14,Centrarchidae,L. megalotis,33.370036400000004,32.5198259,18.432528
WM,2020-05-30,Leuciscidae,C. venusta,43.849813899999994,0.43678809999999996,0.43678809999999996
WM,2020-05-30,Poeciliidae,G. affinis,43.849813899999994,0.6030602,0.6030602
WM,2020-05-30,Centrarchidae,L. cyanellus,43.849813899999994,42.8099656,1.9261749000000001
WM,2020-05-30,Centrarchidae,L. macrochirus,43.849813899999994,42.8099656,4.85305
WM,2020-05-30,Centrarchidae,L. megalotis,43.849813899999994,42.8099656,26.991226899999997
WM,2020-05-30,Centrarchidae,M. salmoides,43.849813899999994,42.8099656,9.0395138
WM,2020-09-08,Aphredoderidae,A. sayanus,13.9993427,0.3521664,0.3521664
WM,2020-09-08,Poeciliidae,G. affinis,13.9993427,0.074187,0.074187
WM,2020-09-08,Centrarchidae,L. cyanellus,13.9993427,13.5729893,1.4412747
WM,2020-09-08,Centrarchidae,L. gulosus,13.9993427,13.5729893,1.7693655
WM,2020-09-08,Centrarchidae,L. macrochirus,13.9993427,13.5729893,5.2986047
WM,2020-09-08,Centrarchidae,L. megalotis,13.9993427,13.5729893,2.0748127000000003
WM,2020-09-08,Centrarchidae,M. salmoides,13.9993427,13.5729893,2.9889316999999997
WM,2020-11-05,Aphredoderidae,A. sayanus,36.2670591,0.1051867,0.1051867
WM,2020-11-05,Leuciscidae,C. venusta,36.2670591,0.1372118,0.1372118
WM,2020-11-05,Poeciliidae,G. affinis,36.2670591,0.1767378,0.1767378
WM,2020-11-05,Centrarchidae,L. cyanellus,36.2670591,35.8479228,1.8718006999999999
WM,2020-11-05,Centrarchidae,L. gulosus,36.2670591,35.8479228,6.695374
WM,2020-11-05,Centrarchidae,L. macrochirus,36.2670591,35.8479228,4.7539856
WM,2020-11-05,Centrarchidae,L. megalotis,36.2670591,35.8479228,18.6737246
WM,2020-11-05,Centrarchidae,L. microlophus,36.2670591,35.8479228,0.284001
WM,2020-11-05,Centrarchidae,M. salmoides,36.2670591,35.8479228,3.5690369
