site_code,collection_date,family,lowest_taxon,L_mu_com,L_mu_fam,L_mu_spe
AR,2017-09-16,Leuciscidae,C. lutrensis,49.79773170731708,45.27428571428572,45.27428571428572
AR,2017-09-16,Poeciliidae,G. affinis,49.79773170731708,27.5,27.5
AR,2017-09-16,Cichlidae,H. cyanoguttatum,49.79773170731708,43.75,43.75
AR,2017-09-16,Ictaluridae,I. punctatus,49.79773170731708,71.412,71.412
AR,2017-09-16,Centrarchidae,L. auritus,49.79773170731708,56.08531578947368,103.257
AR,2017-09-16,Centrarchidae,L. cyanellus,49.79773170731708,56.08531578947368,119.416
AR,2017-09-16,Centrarchidae,L. macrochirus,49.79773170731708,56.08531578947368,51.58034285714286
AR,2017-11-01,Anguillidae,A. rostrata,66.54251875,385,385
AR,2017-11-01,Leuciscidae,C. lutrensis,66.54251875,40.298880000000004,40.298880000000004
AR,2017-11-01,Poeciliidae,G. affinis,66.54251875,26.666666666666668,26.666666666666668
AR,2017-11-01,Cichlidae,H. cyanoguttatum,66.54251875,47.27777777777778,47.27777777777778
AR,2017-11-01,Centrarchidae,L. auritus,66.54251875,69.78755882352941,142.891
AR,2017-11-01,Centrarchidae,L. cyanellus,66.54251875,69.78755882352941,97.152
AR,2017-11-01,Centrarchidae,L. macrochirus,66.54251875,69.78755882352941,75.392
AR,2017-11-01,Centrarchidae,L. megalotis,66.54251875,69.78755882352941,62.95132203389831
AR,2017-11-01,Lepisosteidae,L. oculatus,66.54251875,580,580
AR,2017-11-01,Centrarchidae,M. salmoides,66.54251875,69.78755882352941,148.48
AR,2017-12-07,Leuciscidae,C. lutrensis,62.01961061946903,43.32523076923077,43.32523076923077
AR,2017-12-07,Poeciliidae,G. affinis,62.01961061946903,27.46153846153846,27.46153846153846
AR,2017-12-07,Cichlidae,H. cyanoguttatum,62.01961061946903,65.5,65.5
AR,2017-12-07,Centrarchidae,L. cyanellus,62.01961061946903,75.18228571428571,131.56
AR,2017-12-07,Centrarchidae,L. macrochirus,62.01961061946903,75.18228571428571,77.312
AR,2017-12-07,Centrarchidae,L. megalotis,62.01961061946903,75.18228571428571,72.7936
AR,2018-02-03,Leuciscidae,C. lutrensis,48.33583193277311,49.35161904761905,49.35161904761905
AR,2018-02-03,Poeciliidae,G. affinis,48.33583193277311,29.90909090909091,29.90909090909091
AR,2018-02-03,Cichlidae,H. cyanoguttatum,48.33583193277311,47,47
AR,2018-02-03,Centrarchidae,L. macrochirus,48.33583193277311,56.913545454545456,75.776
AR,2018-02-03,Centrarchidae,L. megalotis,48.33583193277311,56.913545454545456,55.53336585365854
AR,2018-04-07,Leuciscidae,C. lutrensis,57.73389473684211,56.36450000000001,56.36450000000001
AR,2018-04-07,Poeciliidae,G. affinis,57.73389473684211,40,40
AR,2018-04-07,Cichlidae,H. cyanoguttatum,57.73389473684211,130,130
AR,2018-04-07,Centrarchidae,L. macrochirus,57.73389473684211,60.074666666666666,60.074666666666666
AR,2018-05-12,Leuciscidae,C. lutrensis,69.15675862068966,51.34262857142858,51.34262857142858
AR,2018-05-12,Cichlidae,H. cyanoguttatum,69.15675862068966,77.66666666666667,77.66666666666667
AR,2018-05-12,Centrarchidae,L. cyanellus,69.15675862068966,74.74521495327103,116.886
AR,2018-05-12,Centrarchidae,L. macrochirus,69.15675862068966,74.74521495327103,60.704
AR,2018-05-12,Centrarchidae,L. megalotis,69.15675862068966,74.74521495327103,79.0354647887324
AR,2018-05-12,Centrarchidae,M. salmoides,69.15675862068966,74.74521495327103,104.96000000000001
AR,2018-06-08,Ictaluridae,A. melas,63.589575,33.626,31
AR,2018-06-08,Ictaluridae,A. natalis,63.589575,33.626,36.251999999999995
AR,2018-06-08,Leuciscidae,C. lutrensis,63.589575,48.680888888888894,48.680888888888894
AR,2018-06-08,Poeciliidae,G. affinis,63.589575,35.666666666666664,35.666666666666664
AR,2018-06-08,Cichlidae,H. cyanoguttatum,63.589575,350,350
AR,2018-06-08,Centrarchidae,L. gulosus,63.589575,61.015115384615385,89
AR,2018-06-08,Centrarchidae,L. macrochirus,63.589575,61.015115384615385,55.90109090909091
AR,2018-06-08,Centrarchidae,L. megalotis,63.589575,61.015115384615385,63.92972413793103
AR,2018-06-08,Lepisosteidae,L. oculatus,63.589575,524,524
AR,2018-07-01,Leuciscidae,C. lutrensis,47.91328571428571,46.65466666666667,57.824000000000005
AR,2018-07-01,Poeciliidae,G. affinis,47.91328571428571,36.125,36.125
AR,2018-07-01,Ictaluridae,I. punctatus,47.91328571428571,160.13600000000002,160.13600000000002
AR,2018-07-01,Centrarchidae,L. megalotis,47.91328571428571,40.842999999999996,40.842999999999996
AR,2018-07-01,Leuciscidae,N. texanus,47.91328571428571,46.65466666666667,41.07000000000001
AR,2018-08-01,Centrarchidae,L. cyanellus,107.2028,107.2028,148.764
AR,2018-08-01,Centrarchidae,L. gulosus,107.2028,107.2028,84
AR,2018-08-01,Centrarchidae,L. megalotis,107.2028,107.2028,60.489
AR,2018-08-01,Centrarchidae,M. salmoides,107.2028,107.2028,182.272
AR,2018-09-11,Ictaluridae,A. natalis,68.76234013605442,97.37493333333333,102.71399999999998
AR,2018-09-11,Leuciscidae,C. lutrensis,68.76234013605442,35.74285714285715,35.74285714285715
AR,2018-09-11,Poeciliidae,G. affinis,68.76234013605442,31.5,31.5
AR,2018-09-11,Cichlidae,H. cyanoguttatum,68.76234013605442,41,41
AR,2018-09-11,Ictaluridae,I. punctatus,68.76234013605442,97.37493333333333,96.99357142857143
AR,2018-09-11,Centrarchidae,L. cyanellus,68.76234013605442,61.58692307692308,80.96000000000001
AR,2018-09-11,Centrarchidae,L. gulosus,68.76234013605442,61.58692307692308,97
AR,2018-09-11,Centrarchidae,L. macrochirus,68.76234013605442,61.58692307692308,60.416
AR,2018-09-11,Centrarchidae,L. megalotis,68.76234013605442,61.58692307692308,60.151826086956525
AR,2018-09-11,Lepisosteidae,L. oculatus,68.76234013605442,634.5,634.5
AR,2018-09-11,Centrarchidae,M. salmoides,68.76234013605442,61.58692307692308,137.216
AR,2020-01-17,Leuciscidae,C. lutrensis,60.535714285714285,33,33
AR,2020-01-17,Cichlidae,H. cyanoguttatum,60.535714285714285,48,48
AR,2020-01-17,Centrarchidae,L. auritus,60.535714285714285,66.65116279069767,79.76470588235294
AR,2020-01-17,Centrarchidae,L. cyanellus,60.535714285714285,66.65116279069767,79.75
AR,2020-01-17,Centrarchidae,L. macrochirus,60.535714285714285,66.65116279069767,60.285714285714285
AR,2020-01-17,Centrarchidae,L. megalotis,60.535714285714285,66.65116279069767,51.266666666666666
AR,2020-01-17,Ictaluridae,N. gyrinus,60.535714285714285,83,83
AR,2020-05-20,Leuciscidae,C. lutrensis,81.93333333333334,51.96774193548387,51.96774193548387
AR,2020-05-20,Poeciliidae,G. affinis,81.93333333333334,48,48
AR,2020-05-20,Cichlidae,H. cyanoguttatum,81.93333333333334,111.41176470588235,111.41176470588235
AR,2020-05-20,Ictaluridae,I. punctatus,81.93333333333334,126,126
AR,2020-05-20,Centrarchidae,L. cyanellus,81.93333333333334,81.42424242424242,82.19642857142857
AR,2020-05-20,Centrarchidae,L. gulosus,81.93333333333334,81.42424242424242,121
AR,2020-05-20,Centrarchidae,L. macrochirus,81.93333333333334,81.42424242424242,71.925
AR,2020-05-20,Centrarchidae,L. megalotis,81.93333333333334,81.42424242424242,130
AR,2020-05-20,Lepisosteidae,L. oculatus,81.93333333333334,550,550
AR,2020-05-20,Centrarchidae,M. salmoides,81.93333333333334,81.42424242424242,330
AR,2020-09-20,Leuciscidae,C. lutrensis,58.81730769230769,41.666666666666664,41.666666666666664
AR,2020-09-20,Poeciliidae,G. affinis,58.81730769230769,29.181818181818183,29.181818181818183
AR,2020-09-20,Eleotridae,G. dormitor,58.81730769230769,315,315
AR,2020-09-20,Cichlidae,H. cyanoguttatum,58.81730769230769,73.25,73.25
AR,2020-09-20,Ictaluridae,I. punctatus,58.81730769230769,135,135
AR,2020-09-20,Centrarchidae,L. cyanellus,58.81730769230769,57.13157894736842,41.578947368421055
AR,2020-09-20,Centrarchidae,L. gulosus,58.81730769230769,57.13157894736842,72.5
AR,2020-09-20,Centrarchidae,L. macrochirus,58.81730769230769,57.13157894736842,57.21875
AR,2020-09-20,Centrarchidae,L. megalotis,58.81730769230769,57.13157894736842,59
AR,2020-09-20,Centrarchidae,M. salmoides,58.81730769230769,57.13157894736842,113.75
AR,2020-11-03,Leuciscidae,C. lutrensis,60.33888888888889,43.31428571428572,43.31428571428572
AR,2020-11-03,Poeciliidae,G. affinis,60.33888888888889,30,30
AR,2020-11-03,Cichlidae,H. cyanoguttatum,60.33888888888889,91.07142857142857,91.07142857142857
AR,2020-11-03,Ictaluridae,I. punctatus,60.33888888888889,81.5,81.5
AR,2020-11-03,Centrarchidae,L. cyanellus,60.33888888888889,61.22222222222222,52.90909090909091
AR,2020-11-03,Centrarchidae,L. gulosus,60.33888888888889,61.22222222222222,55.857142857142854
AR,2020-11-03,Centrarchidae,L. macrochirus,60.33888888888889,61.22222222222222,65.0204081632653
AR,2020-11-03,Centrarchidae,L. megalotis,60.33888888888889,61.22222222222222,61.9375
EM,2017-10-10,Leuciscidae,C. lutrensis,62.05661971830986,39.8969,48.928
EM,2017-10-10,Clupeidae,D. cepedianum,62.05661971830986,164.45142857142858,164.45142857142858
EM,2017-10-10,Pecidae,E. gracile,62.05661971830986,38,38
EM,2017-10-10,Poeciliidae,G. affinis,62.05661971830986,28.333333333333332,28.333333333333332
EM,2017-10-10,Catostomidae,I. bubalus,62.05661971830986,509.98,509.98
EM,2017-10-10,Centrarchidae,L. cyanellus,62.05661971830986,52.79110344827586,45.034
EM,2017-10-10,Centrarchidae,L. gulosus,62.05661971830986,52.79110344827586,61
EM,2017-10-10,Centrarchidae,L. macrochirus,62.05661971830986,52.79110344827586,63.31733333333334
EM,2017-10-10,Centrarchidae,L. megalotis,62.05661971830986,52.79110344827586,48.46013333333333
EM,2017-10-10,Leuciscidae,N. texanus,62.05661971830986,39.8969,42.18000000000001
EM,2017-10-10,Leuciscidae,P. vigilax,62.05661971830986,39.8969,39.097058823529416
EM,2017-11-03,Ictaluridae,A. natalis,70.22686699507389,97.13192307692307,102.71399999999998
EM,2017-11-03,Leuciscidae,C. lutrensis,70.22686699507389,40.116846153846154,41.144000000000005
EM,2017-11-03,Clupeidae,D. cepedianum,70.22686699507389,150.049,150.049
EM,2017-11-03,Pecidae,E. gracile,70.22686699507389,35.75,35.75
EM,2017-11-03,Poeciliidae,G. affinis,70.22686699507389,30.275862068965516,30.275862068965516
EM,2017-11-03,Ictaluridae,I. punctatus,70.22686699507389,97.13192307692307,182.858
EM,2017-11-03,Centrarchidae,L. auritus,70.22686699507389,69.14659821428572,90.04566666666666
EM,2017-11-03,Centrarchidae,L. gulosus,70.22686699507389,69.14659821428572,72.42105263157895
EM,2017-11-03,Centrarchidae,L. macrochirus,70.22686699507389,69.14659821428572,77.55452631578947
EM,2017-11-03,Centrarchidae,L. megalotis,70.22686699507389,69.14659821428572,65.2454
EM,2017-11-03,Centrarchidae,L. miniatus,70.22686699507389,69.14659821428572,57.568
EM,2017-11-03,Lepisosteidae,L. oculatus,70.22686699507389,484,484
EM,2017-11-03,Ictaluridae,N. gyrinus,70.22686699507389,97.13192307692307,50.994888888888894
EM,2017-11-03,Ictaluridae,P. olivaris,70.22686699507389,97.13192307692307,335.33099999999996
EM,2017-11-03,Leuciscidae,P. vigilax,70.22686699507389,40.116846153846154,40.03125
EM,2017-12-02,Aphredoderidae,A. sayanus,58.886755102040816,75,75
EM,2017-12-02,Clupeidae,D. cepedianum,58.886755102040816,174.38057142857144,174.38057142857144
EM,2017-12-02,Pecidae,E. gracile,58.886755102040816,46.333333333333336,46.333333333333336
EM,2017-12-02,Poeciliidae,G. affinis,58.886755102040816,34.256410256410255,34.256410256410255
EM,2017-12-02,Ictaluridae,I. punctatus,58.886755102040816,68.03083333333333,140.66
EM,2017-12-02,Centrarchidae,L. cyanellus,58.886755102040816,66.15460606060606,65.4005
EM,2017-12-02,Centrarchidae,L. gulosus,58.886755102040816,66.15460606060606,64.46666666666667
EM,2017-12-02,Centrarchidae,L. humilis,58.886755102040816,66.15460606060606,62.34
EM,2017-12-02,Centrarchidae,L. macrochirus,58.886755102040816,66.15460606060606,66.432
EM,2017-12-02,Centrarchidae,L. megalotis,58.886755102040816,66.15460606060606,51.56513043478261
EM,2017-12-02,Centrarchidae,M. salmoides,58.886755102040816,66.15460606060606,404.48
EM,2017-12-02,Ictaluridae,N. gyrinus,58.886755102040816,68.03083333333333,53.505
EM,2017-12-02,Leuciscidae,N. texanus,58.886755102040816,44.195454545454545,33.99375
EM,2017-12-02,Centrarchidae,P. annularis,58.886755102040816,66.15460606060606,80.13499999999999
EM,2017-12-02,Leuciscidae,P. vigilax,58.886755102040816,44.195454545454545,50.025000000000006
EM,2018-02-09,Clupeidae,D. cepedianum,69.8691198156682,189.507,189.507
EM,2018-02-09,Pecidae,E. gracile,69.8691198156682,46.81818181818182,46.81818181818182
EM,2018-02-09,Poeciliidae,G. affinis,69.8691198156682,29.541666666666668,29.541666666666668
EM,2018-02-09,Centrarchidae,L. cyanellus,69.8691198156682,74.24365306122449,73.876
EM,2018-02-09,Centrarchidae,L. gulosus,69.8691198156682,74.24365306122449,83
EM,2018-02-09,Centrarchidae,L. humilis,69.8691198156682,74.24365306122449,37.923500000000004
EM,2018-02-09,Centrarchidae,L. macrochirus,69.8691198156682,74.24365306122449,69.152
EM,2018-02-09,Centrarchidae,L. megalotis,69.8691198156682,74.24365306122449,75.43979591836735
EM,2018-02-09,Lepisosteidae,L. oculatus,69.8691198156682,400,400
EM,2018-02-09,Ictaluridae,N. gyrinus,69.8691198156682,53.10866666666667,53.10866666666667
EM,2018-02-09,Centrarchidae,P. annularis,69.8691198156682,74.24365306122449,106.502
EM,2018-02-09,Leuciscidae,P. vigilax,69.8691198156682,48.73235294117647,48.73235294117647
EM,2018-03-09,Leuciscidae,C. lutrensis,59.11654430379747,43.996,43.368
EM,2018-03-09,Clupeidae,D. cepedianum,59.11654430379747,229.14600000000002,229.14600000000002
EM,2018-03-09,Pecidae,E. gracile,59.11654430379747,46,46
EM,2018-03-09,Poeciliidae,G. affinis,59.11654430379747,33,33
EM,2018-03-09,Centrarchidae,L. auritus,59.11654430379747,58.604755319148936,43.97983333333333
EM,2018-03-09,Centrarchidae,L. gulosus,59.11654430379747,58.604755319148936,85
EM,2018-03-09,Centrarchidae,L. macrochirus,59.11654430379747,58.604755319148936,63.414857142857144
EM,2018-03-09,Centrarchidae,L. megalotis,59.11654430379747,58.604755319148936,56.094500000000004
EM,2018-03-09,Lepisosteidae,L. oculatus,59.11654430379747,502.5,502.5
EM,2018-03-09,Ictaluridae,N. gyrinus,59.11654430379747,65.39500000000001,65.39500000000001
EM,2018-03-09,Centrarchidae,P. nigromaculatus,59.11654430379747,58.604755319148936,233.356
EM,2018-03-09,Leuciscidae,P. vigilax,59.11654430379747,43.996,44.31
EM,2018-03-31,Leuciscidae,C. lutrensis,43.90720161290323,45.451156250000004,41.382285714285715
EM,2018-03-31,Poeciliidae,G. affinis,43.90720161290323,32.12903225806452,32.12903225806452
EM,2018-03-31,Centrarchidae,L. macrochirus,43.90720161290323,52.39607142857143,60.928
EM,2018-03-31,Centrarchidae,L. megalotis,43.90720161290323,52.39607142857143,51.739769230769234
EM,2018-03-31,Ictaluridae,N. gyrinus,43.90720161290323,72.529,72.529
EM,2018-03-31,Leuciscidae,N. texanus,43.90720161290323,45.451156250000004,35.52
EM,2018-03-31,Leuciscidae,P. vigilax,43.90720161290323,45.451156250000004,48.99
EM,2018-05-04,Leuciscidae,C. lutrensis,83.36019186046512,49.98574285714286,47.64042105263158
EM,2018-05-04,Leuciscidae,C. venusta,83.36019186046512,49.98574285714286,73.633
EM,2018-05-04,Clupeidae,D. cepedianum,83.36019186046512,141.542,141.542
EM,2018-05-04,Poeciliidae,G. affinis,83.36019186046512,28.454545454545453,28.454545454545453
EM,2018-05-04,Centrarchidae,L. cyanellus,83.36019186046512,84.72125423728814,71.346
EM,2018-05-04,Centrarchidae,L. gulosus,83.36019186046512,84.72125423728814,67.5
EM,2018-05-04,Centrarchidae,L. macrochirus,83.36019186046512,84.72125423728814,83.49751351351351
EM,2018-05-04,Centrarchidae,L. megalotis,83.36019186046512,84.72125423728814,86.104
EM,2018-05-04,Lepisosteidae,L. oculatus,83.36019186046512,445,445
EM,2018-05-04,Ictaluridae,N. gyrinus,83.36019186046512,73.718,73.718
EM,2018-05-04,Leuciscidae,P. vigilax,83.36019186046512,49.98574285714286,51.38
EM,2018-06-04,Leuciscidae,C. lutrensis,58.3199375,61.16,61.16
EM,2018-06-04,Clupeidae,D. cepedianum,58.3199375,41.60215384615385,41.60215384615385
EM,2018-06-04,Poeciliidae,G. affinis,58.3199375,33.05263157894737,33.05263157894737
EM,2018-06-04,Centrarchidae,L. cyanellus,58.3199375,62.23171428571429,86.02
EM,2018-06-04,Centrarchidae,L. megalotis,58.3199375,62.23171428571429,61.76161538461539
EM,2018-06-04,Lepisosteidae,L. oculatus,58.3199375,253.33333333333334,253.33333333333334
EM,2018-06-04,Centrarchidae,P. annularis,58.3199375,62.23171428571429,50.666
EM,2018-07-05,Ictaluridae,A. natalis,134.05544444444445,246.71499999999995,246.71499999999995
EM,2018-07-05,Leuciscidae,C. lutrensis,134.05544444444445,44.73866666666667,47.816
EM,2018-07-05,Centrarchidae,L. megalotis,134.05544444444445,65.142,65.142
EM,2018-07-05,Lepisosteidae,L. oculatus,134.05544444444445,565,565
EM,2018-07-05,Leuciscidae,N. texanus,134.05544444444445,44.73866666666667,44.400000000000006
EM,2018-07-05,Leuciscidae,P. vigilax,134.05544444444445,44.73866666666667,42
EM,2018-09-01,Clupeidae,D. cepedianum,106.3897,137.922,137.922
EM,2018-09-01,Poeciliidae,G. affinis,106.3897,23.25,23.25
EM,2018-09-01,Ictaluridae,I. punctatus,106.3897,70.33,70.33
EM,2018-09-01,Centrarchidae,L. auritus,106.3897,77.95325,42.763
EM,2018-09-01,Centrarchidae,L. cyanellus,106.3897,77.95325,80.96000000000001
EM,2018-09-01,Centrarchidae,L. macrochirus,106.3897,77.95325,70.144
EM,2018-09-01,Centrarchidae,L. megalotis,106.3897,77.95325,82.03066666666666
EM,2018-09-01,Lepisosteidae,L. oculatus,106.3897,442.25,442.25
EM,2018-09-01,Centrarchidae,P. annularis,106.3897,77.95325,144.76
EM,2020-01-14,Poeciliidae,G. affinis,72.98507462686567,26.571428571428573,26.571428571428573
EM,2020-01-14,Catostomidae,I. bubalus,72.98507462686567,437.5,437.5
EM,2020-01-14,Centrarchidae,L. cyanellus,72.98507462686567,62.56363636363636,69.57142857142857
EM,2020-01-14,Centrarchidae,L. gulosus,72.98507462686567,62.56363636363636,71.75
EM,2020-01-14,Centrarchidae,L. macrochirus,72.98507462686567,62.56363636363636,82.625
EM,2020-01-14,Centrarchidae,L. megalotis,72.98507462686567,62.56363636363636,52.37931034482759
EM,2020-01-14,Lepisosteidae,L. oculatus,72.98507462686567,310,310
EM,2020-01-14,Ictaluridae,N. gyrinus,72.98507462686567,39,39
EM,2020-05-30,Leuciscidae,C. venusta,67.66666666666667,51,51
EM,2020-05-30,Poeciliidae,G. affinis,67.66666666666667,29.833333333333332,29.833333333333332
EM,2020-05-30,Centrarchidae,L. cyanellus,67.66666666666667,63.02272727272727,52
EM,2020-05-30,Centrarchidae,L. gulosus,67.66666666666667,63.02272727272727,80.5
EM,2020-05-30,Centrarchidae,L. macrochirus,67.66666666666667,63.02272727272727,65.29411764705883
EM,2020-05-30,Centrarchidae,L. megalotis,67.66666666666667,63.02272727272727,60.78260869565217
EM,2020-05-30,Lepisosteidae,L. oculatus,67.66666666666667,300,300
EM,2020-09-08,Clupeidae,D. petenense,69.9074074074074,204,204
EM,2020-09-08,Poeciliidae,G. affinis,69.9074074074074,25.375,25.375
EM,2020-09-08,Centrarchidae,L. cyanellus,69.9074074074074,71.46511627906976,59.57142857142857
EM,2020-09-08,Centrarchidae,L. gulosus,69.9074074074074,71.46511627906976,95.33333333333333
EM,2020-09-08,Centrarchidae,L. macrochirus,69.9074074074074,71.46511627906976,73.71428571428571
EM,2020-09-08,Centrarchidae,L. megalotis,69.9074074074074,71.46511627906976,69.16
EM,2020-09-08,Lepisosteidae,L. oculatus,69.9074074074074,241,241
EM,2020-09-08,Centrarchidae,M. salmoides,69.9074074074074,71.46511627906976,125
EM,2020-09-08,Leuciscidae,P. vigilax,69.9074074074074,54,54
EM,2020-11-05,Cyprinidae,C. carpio,100.11392405063292,552.5,552.5
EM,2020-11-05,Leuciscidae,C. venusta,100.11392405063292,43.833333333333336,46.333333333333336
EM,2020-11-05,Pecidae,E. gracile,100.11392405063292,42,42
EM,2020-11-05,Poeciliidae,G. affinis,100.11392405063292,29,29
EM,2020-11-05,Catostomidae,I. bubalus,100.11392405063292,553,553
EM,2020-11-05,Centrarchidae,L. cyanellus,100.11392405063292,63.11904761904762,60
EM,2020-11-05,Centrarchidae,L. gulosus,100.11392405063292,63.11904761904762,56
EM,2020-11-05,Centrarchidae,L. macrochirus,100.11392405063292,63.11904761904762,59.333333333333336
EM,2020-11-05,Centrarchidae,L. megalotis,100.11392405063292,63.11904761904762,56.5
EM,2020-11-05,Lepisosteidae,L. oculatus,100.11392405063292,386,386
EM,2020-11-05,Leuciscidae,N. texanus,100.11392405063292,43.833333333333336,41.333333333333336
EM,2020-11-05,Centrarchidae,P. annularis,100.11392405063292,63.11904761904762,279
GC,2017-10-03,Poeciliidae,G. affinis,54.27945454545455,30.75,30.75
GC,2017-10-03,Centrarchidae,L. auritus,54.27945454545455,63.491800000000005,59.6596
GC,2017-10-03,Centrarchidae,L. cyanellus,54.27945454545455,63.491800000000005,70.587
GC,2017-10-03,Centrarchidae,L. macrochirus,54.27945454545455,63.491800000000005,54.272
GC,2017-10-03,Leuciscidae,N. texanus,54.27945454545455,54.52875,54.52875
GC,2017-11-04,Pecidae,E. gracile,50.25119791666667,48,48
GC,2017-11-04,Fundulidae,F. chrysotus,50.25119791666667,40,40
GC,2017-11-04,Poeciliidae,G. affinis,50.25119791666667,31.772727272727273,31.772727272727273
GC,2017-11-04,Centrarchidae,L. auritus,50.25119791666667,57.57235483870968,95.956
GC,2017-11-04,Centrarchidae,L. gulosus,50.25119791666667,57.57235483870968,48.333333333333336
GC,2017-11-04,Centrarchidae,L. macrochirus,50.25119791666667,57.57235483870968,54.002526315789474
GC,2017-11-04,Centrarchidae,L. megalotis,50.25119791666667,57.57235483870968,57.169315789473686
GC,2017-11-04,Centrarchidae,M. salmoides,50.25119791666667,57.57235483870968,130.048
GC,2017-11-04,Ictaluridae,N. gyrinus,50.25119791666667,60.639,60.639
GC,2017-11-04,Leuciscidae,N. texanus,50.25119791666667,49.7475,55.13
GC,2017-11-04,Leuciscidae,P. vigilax,50.25119791666667,49.7475,33.6
GC,2017-12-03,Ictaluridae,A. natalis,54.97490721649485,167.6655,167.6655
GC,2017-12-03,Pecidae,E. gracile,54.97490721649485,48.666666666666664,48.666666666666664
GC,2017-12-03,Fundulidae,F. chrysotus,54.97490721649485,43.666666666666664,43.666666666666664
GC,2017-12-03,Poeciliidae,G. affinis,54.97490721649485,29.806451612903224,29.806451612903224
GC,2017-12-03,Centrarchidae,L. auritus,54.97490721649485,54.51721153846154,59.45099999999999
GC,2017-12-03,Centrarchidae,L. cyanellus,54.97490721649485,54.51721153846154,66.332
GC,2017-12-03,Centrarchidae,L. gulosus,54.97490721649485,54.51721153846154,41.333333333333336
GC,2017-12-03,Centrarchidae,L. macrochirus,54.97490721649485,54.51721153846154,52.6336
GC,2017-12-03,Centrarchidae,L. megalotis,54.97490721649485,54.51721153846154,48.120769230769234
GC,2017-12-03,Centrarchidae,L. microlophus,54.97490721649485,54.51721153846154,43.5
GC,2017-12-03,Centrarchidae,L. miniatus,54.97490721649485,54.51721153846154,88.40799999999999
GC,2017-12-03,Lepisosteidae,L. oculatus,54.97490721649485,373,373
GC,2017-12-03,Leuciscidae,N. texanus,54.97490721649485,53.835,53.835
GC,2018-02-11,Pecidae,E. gracile,68.96375757575758,50,50
GC,2018-02-11,Fundulidae,F. chrysotus,68.96375757575758,43.666666666666664,43.666666666666664
GC,2018-02-11,Poeciliidae,G. affinis,68.96375757575758,32.666666666666664,32.666666666666664
GC,2018-02-11,Centrarchidae,L. auritus,68.96375757575758,62.16818421052631,51.246066666666664
GC,2018-02-11,Centrarchidae,L. cyanellus,68.96375757575758,62.16818421052631,71.852
GC,2018-02-11,Centrarchidae,L. gulosus,68.96375757575758,62.16818421052631,57
GC,2018-02-11,Centrarchidae,L. macrochirus,68.96375757575758,62.16818421052631,69.97333333333333
GC,2018-02-11,Centrarchidae,L. megalotis,68.96375757575758,62.16818421052631,63.4876
GC,2018-02-11,Centrarchidae,L. miniatus,68.96375757575758,62.16818421052631,46.260000000000005
GC,2018-02-11,Lepisosteidae,L. oculatus,68.96375757575758,358,358
GC,2018-02-11,Centrarchidae,M. salmoides,68.96375757575758,62.16818421052631,122.88
GC,2018-02-11,Ictaluridae,N. gyrinus,68.96375757575758,74.90700000000001,74.90700000000001
GC,2018-02-11,Leuciscidae,N. texanus,68.96375757575758,58.41375000000001,58.41375000000001
GC,2018-03-30,Fundulidae,F. chrysotus,56.067485714285716,61.666666666666664,61.666666666666664
GC,2018-03-30,Poeciliidae,G. affinis,56.067485714285716,38.32142857142857,38.32142857142857
GC,2018-03-30,Centrarchidae,L. auritus,56.067485714285716,68.56362162162162,68.4208
GC,2018-03-30,Centrarchidae,L. cyanellus,56.067485714285716,68.56362162162162,89.8656
GC,2018-03-30,Centrarchidae,L. gulosus,56.067485714285716,68.56362162162162,61
GC,2018-03-30,Centrarchidae,L. macrochirus,56.067485714285716,68.56362162162162,48.896
GC,2018-03-30,Centrarchidae,L. megalotis,56.067485714285716,68.56362162162162,63.2291
GC,2018-03-30,Centrarchidae,M. salmoides,56.067485714285716,68.56362162162162,112.128
GC,2018-03-30,Leuciscidae,N. texanus,56.067485714285716,64.935,64.935
GC,2018-05-04,Fundulidae,F. grandis,81.91387692307693,58.916666666666664,58.916666666666664
GC,2018-05-04,Poeciliidae,G. affinis,81.91387692307693,36.2,36.2
GC,2018-05-04,Centrarchidae,L. cyanellus,81.91387692307693,66.82148571428571,67.298
GC,2018-05-04,Centrarchidae,L. gulosus,81.91387692307693,66.82148571428571,72
GC,2018-05-04,Centrarchidae,L. macrochirus,81.91387692307693,66.82148571428571,72.32000000000001
GC,2018-05-04,Centrarchidae,L. megalotis,81.91387692307693,66.82148571428571,60.75980952380952
GC,2018-05-04,Centrarchidae,L. miniatus,81.91387692307693,66.82148571428571,133.64
GC,2018-05-04,Lepisosteidae,L. oculatus,81.91387692307693,419.5,419.5
GC,2018-05-04,Leuciscidae,N. texanus,81.91387692307693,59.6625,59.6625
GC,2018-06-06,Poeciliidae,G. affinis,51.059031250000004,27.17391304347826,27.17391304347826
GC,2018-06-06,Centrarchidae,L. auritus,51.059031250000004,74.10091666666666,83.78766666666667
GC,2018-06-06,Centrarchidae,L. cyanellus,51.059031250000004,74.10091666666666,88.044
GC,2018-06-06,Centrarchidae,L. macrochirus,51.059031250000004,74.10091666666666,70.784
GC,2018-06-06,Centrarchidae,L. megalotis,51.059031250000004,74.10091666666666,75.482
GC,2018-06-06,Centrarchidae,L. microlophus,51.059031250000004,74.10091666666666,105
GC,2018-06-06,Lepisosteidae,L. oculatus,51.059031250000004,384,384
GC,2018-06-06,Centrarchidae,M. salmoides,51.059031250000004,74.10091666666666,31.744
GC,2018-06-06,Ictaluridae,N. gyrinus,51.059031250000004,30.02225,30.02225
GC,2018-07-05,Poeciliidae,G. affinis,63.74666666666667,32.5,32.5
GC,2018-07-05,Centrarchidae,L. macrochirus,63.74666666666667,72.67428571428572,79.616
GC,2018-07-05,Centrarchidae,L. megalotis,63.74666666666667,72.67428571428572,63.41866666666667
GC,2018-07-27,Poeciliidae,G. affinis,52.49321739130435,31.428571428571427,31.428571428571427
GC,2018-07-27,Centrarchidae,L. cyanellus,52.49321739130435,57.61242,54.31066666666667
GC,2018-07-27,Centrarchidae,L. gulosus,52.49321739130435,57.61242,47
GC,2018-07-27,Centrarchidae,L. humilis,52.49321739130435,57.61242,58.65627272727272
GC,2018-07-27,Centrarchidae,L. macrochirus,52.49321739130435,57.61242,64.85333333333332
GC,2018-07-27,Centrarchidae,L. megalotis,52.49321739130435,57.61242,49.468736842105265
GC,2018-07-27,Centrarchidae,L. microlophus,52.49321739130435,57.61242,86.25
GC,2018-07-27,Centrarchidae,L. miniatus,52.49321739130435,57.61242,81.212
GC,2018-07-27,Centrarchidae,M. salmoides,52.49321739130435,57.61242,59.68457142857143
GC,2018-07-27,Ictaluridae,N. gyrinus,52.49321739130435,72.96136363636364,72.96136363636364
GC,2018-07-27,Leuciscidae,N. texanus,52.49321739130435,48.618,48.618
GC,2018-11-15,Pecidae,E. gracile,43.788105263157895,52,52
GC,2018-11-15,Fundulidae,F. chrysotus,43.788105263157895,49,49
GC,2018-11-15,Poeciliidae,G. affinis,43.788105263157895,32.476190476190474,32.476190476190474
GC,2018-11-15,Centrarchidae,L. gulosus,43.788105263157895,48.01690566037736,56
GC,2018-11-15,Centrarchidae,L. macrochirus,43.788105263157895,48.01690566037736,49.208888888888886
GC,2018-11-15,Centrarchidae,L. megalotis,43.788105263157895,48.01690566037736,40.89
GC,2018-11-15,Centrarchidae,L. miniatus,43.788105263157895,48.01690566037736,54.484
GC,2018-11-15,Centrarchidae,M. salmoides,43.788105263157895,48.01690566037736,71.06666666666668
GC,2020-01-15,Fundulidae,F. notatus,55.52272727272727,51,51
GC,2020-01-15,Poeciliidae,G. affinis,55.52272727272727,32.22222222222222,32.22222222222222
GC,2020-01-15,Centrarchidae,L. gulosus,55.52272727272727,61.666666666666664,68
GC,2020-01-15,Centrarchidae,L. humilis,55.52272727272727,61.666666666666664,73
GC,2020-01-15,Centrarchidae,L. macrochirus,55.52272727272727,61.666666666666664,52.432432432432435
GC,2020-01-15,Centrarchidae,L. megalotis,55.52272727272727,61.666666666666664,66.38461538461539
GC,2020-01-15,Centrarchidae,L. microlophus,55.52272727272727,61.666666666666664,148
GC,2020-05-24,Fundulidae,F. chrysotus,66.17094017094017,58,59
GC,2020-05-24,Fundulidae,F. grandis,66.17094017094017,58,57
GC,2020-05-24,Poeciliidae,G. affinis,66.17094017094017,38.72727272727273,38.72727272727273
GC,2020-05-24,Centrarchidae,L. gulosus,66.17094017094017,69.31067961165049,77.42857142857143
GC,2020-05-24,Centrarchidae,L. macrochirus,66.17094017094017,69.31067961165049,70
GC,2020-05-24,Centrarchidae,L. megalotis,66.17094017094017,69.31067961165049,74.4423076923077
GC,2020-05-24,Centrarchidae,L. microlophus,66.17094017094017,69.31067961165049,62.42857142857143
GC,2020-05-24,Centrarchidae,L. miniatus,66.17094017094017,69.31067961165049,75.375
GC,2020-05-24,Centrarchidae,M. salmoides,66.17094017094017,69.31067961165049,43.6
GC,2020-05-24,Leuciscidae,N. texanus,66.17094017094017,61,61
GC,2020-09-09,Leuciscidae,C. venusta,88.01162790697674,59,60
GC,2020-09-09,Poeciliidae,G. affinis,88.01162790697674,40,40
GC,2020-09-09,Centrarchidae,L. auritus,88.01162790697674,88.63905325443787,102.46666666666667
GC,2020-09-09,Centrarchidae,L. cyanellus,88.01162790697674,88.63905325443787,95.75
GC,2020-09-09,Centrarchidae,L. gulosus,88.01162790697674,88.63905325443787,75
GC,2020-09-09,Centrarchidae,L. macrochirus,88.01162790697674,88.63905325443787,78.53846153846153
GC,2020-09-09,Centrarchidae,L. megalotis,88.01162790697674,88.63905325443787,95.80327868852459
GC,2020-09-09,Centrarchidae,L. microlophus,88.01162790697674,88.63905325443787,85.3913043478261
GC,2020-09-09,Centrarchidae,L. miniatus,88.01162790697674,88.63905325443787,76.72727272727273
GC,2020-09-09,Centrarchidae,M. salmoides,88.01162790697674,88.63905325443787,111.25
GC,2020-09-09,Leuciscidae,N. texanus,88.01162790697674,59,58
GC,2020-11-02,Fundulidae,F. chrysotus,79.47798742138365,44.5,43.25
GC,2020-11-02,Fundulidae,F. grandis,79.47798742138365,44.5,47
GC,2020-11-02,Poeciliidae,G. affinis,79.47798742138365,35.142857142857146,35.142857142857146
GC,2020-11-02,Centrarchidae,L. auritus,79.47798742138365,76.47058823529412,90.18181818181819
GC,2020-11-02,Centrarchidae,L. cyanellus,79.47798742138365,76.47058823529412,51.31578947368421
GC,2020-11-02,Centrarchidae,L. gulosus,79.47798742138365,76.47058823529412,64
GC,2020-11-02,Centrarchidae,L. macrochirus,79.47798742138365,76.47058823529412,77.72413793103448
GC,2020-11-02,Centrarchidae,L. megalotis,79.47798742138365,76.47058823529412,81.94736842105263
GC,2020-11-02,Centrarchidae,L. microlophus,79.47798742138365,76.47058823529412,84.37837837837837
GC,2020-11-02,Centrarchidae,L. miniatus,79.47798742138365,76.47058823529412,74
GC,2020-11-02,Lepisosteidae,L. oculatus,79.47798742138365,492.6666666666667,492.6666666666667
GC,2020-11-02,Centrarchidae,M. salmoides,79.47798742138365,76.47058823529412,79.33333333333333
MR,2017-09-26,Engraulidae,A. mitchilli,35.7303125,37.85388888888889,37.85388888888889
MR,2017-09-26,Poeciliidae,G. affinis,35.7303125,33,33
MR,2017-10-31,Mugilidae,A. monticola,43.70946031746032,140.79999999999998,140.79999999999998
MR,2017-10-31,Leuciscidae,C. lutrensis,43.70946031746032,50.040000000000006,50.040000000000006
MR,2017-10-31,Poeciliidae,G. affinis,43.70946031746032,35.390243902439025,33.625
MR,2017-10-31,Cichlidae,H. cyanoguttatum,43.70946031746032,86,86
MR,2017-10-31,Centrarchidae,L. gulosus,43.70946031746032,49.16977777777778,57.2
MR,2017-10-31,Centrarchidae,L. macrochirus,43.70946031746032,49.16977777777778,32.768
MR,2017-10-31,Centrarchidae,L. megalotis,43.70946031746032,49.16977777777778,45.496
MR,2017-10-31,Poeciliidae,P. formosa,43.70946031746032,35.390243902439025,40
MR,2017-10-31,Poeciliidae,P. latipinna,43.70946031746032,35.390243902439025,41.875
MR,2017-12-05,Engraulidae,A. mitchilli,42.66788421052632,36.861,36.861
MR,2017-12-05,Mugilidae,A. monticola,42.66788421052632,40.150000000000006,40.150000000000006
MR,2017-12-05,Anguillidae,A. rostrata,42.66788421052632,355,355
MR,2017-12-05,Fundulidae,A. xenica,42.66788421052632,53.5,39
MR,2017-12-05,Cyprinodontidae,C. variegatus,42.66788421052632,30.23076923076923,30.23076923076923
MR,2017-12-05,Fundulidae,F. chrysotus,42.66788421052632,53.5,48
MR,2017-12-05,Fundulidae,F. grandis,42.66788421052632,53.5,54.75
MR,2017-12-05,Poeciliidae,G. affinis,42.66788421052632,31.3125,32.44827586206897
MR,2017-12-05,Cichlidae,H. cyanoguttatum,42.66788421052632,60.666666666666664,60.666666666666664
MR,2017-12-05,Centrarchidae,L. gulosus,42.66788421052632,69.547,90
MR,2017-12-05,Centrarchidae,L. megalotis,42.66788421052632,69.547,62.72933333333333
MR,2017-12-05,Atherinopsidae,M. beryllina,42.66788421052632,40.05,40.05
MR,2017-12-05,Poeciliidae,P. formosa,42.66788421052632,31.3125,31
MR,2017-12-05,Poeciliidae,P. latipinna,42.66788421052632,31.3125,29.5
MR,2018-02-05,Fundulidae,A. xenica,45.30392125984252,50.407407407407405,32.2
MR,2018-02-05,Cyprinodontidae,C. variegatus,45.30392125984252,29.5,29.5
MR,2018-02-05,Fundulidae,F. grandis,45.30392125984252,50.407407407407405,55.75
MR,2018-02-05,Poeciliidae,G. affinis,45.30392125984252,32.17391304347826,27.857142857142858
MR,2018-02-05,Cichlidae,H. cyanoguttatum,45.30392125984252,65,65
MR,2018-02-05,Centrarchidae,L. gulosus,45.30392125984252,67.26237037037038,56.75
MR,2018-02-05,Centrarchidae,L. macrochirus,45.30392125984252,67.26237037037038,66.176
MR,2018-02-05,Centrarchidae,L. megalotis,45.30392125984252,67.26237037037038,70.312
MR,2018-02-05,Centrarchidae,L. microlophus,45.30392125984252,67.26237037037038,69.5
MR,2018-02-05,Centrarchidae,L. miniatus,45.30392125984252,67.26237037037038,90.978
MR,2018-02-05,Fundulidae,L. parva,45.30392125984252,50.407407407407405,42.5
MR,2018-02-05,Mugilidae,M. cephalus,45.30392125984252,292.6,292.6
MR,2018-02-05,Ictaluridae,N. gyrinus,45.30392125984252,30.914,30.914
MR,2018-02-05,Poeciliidae,P. formosa,45.30392125984252,32.17391304347826,43.666666666666664
MR,2018-02-05,Poeciliidae,P. latipinna,45.30392125984252,32.17391304347826,34.72727272727273
MR,2018-03-05,Engraulidae,A. mitchilli,50.26987096774194,37.233333333333334,37.233333333333334
MR,2018-03-05,Anguillidae,A. rostrata,50.26987096774194,324,324
MR,2018-03-05,Clupeidae,B. patronus,50.26987096774194,41.883,41.883
MR,2018-03-05,Cyprinodontidae,C. variegatus,50.26987096774194,34.75,34.75
MR,2018-03-05,Fundulidae,F. grandis,50.26987096774194,64,64
MR,2018-03-05,Poeciliidae,G. affinis,50.26987096774194,33.55555555555556,32.3
MR,2018-03-05,Cichlidae,H. cyanoguttatum,50.26987096774194,68,68
MR,2018-03-05,Mugilidae,M. cephalus,50.26987096774194,163.9,163.9
MR,2018-03-05,Poeciliidae,P. latipinna,50.26987096774194,33.55555555555556,35.125
MR,2018-04-01,Cyprinodontidae,C. variegatus,68.8265,42,42
MR,2018-04-01,Poeciliidae,G. affinis,68.8265,40.416666666666664,34.666666666666664
MR,2018-04-01,Centrarchidae,L. macrochirus,68.8265,95.0896,115.712
MR,2018-04-01,Centrarchidae,L. megalotis,68.8265,95.0896,81.34133333333334
MR,2018-04-01,Mugilidae,M. cephalus,68.8265,357.5,357.5
MR,2018-04-01,Poeciliidae,P. latipinna,68.8265,40.416666666666664,41.23809523809524
MR,2018-06-06,Cyprinodontidae,C. variegatus,46.657,42,42
MR,2018-06-06,Poeciliidae,G. affinis,46.657,29,30
MR,2018-06-06,Cichlidae,H. cyanoguttatum,46.657,25,25
MR,2018-06-06,Centrarchidae,L. megalotis,46.657,95.128,95.128
MR,2018-06-06,Poeciliidae,P. latipinna,46.657,29,28.666666666666668
MR,2018-07-27,Engraulidae,A. mitchilli,35.82824,38.4248,38.4248
MR,2018-07-27,Ictaluridae,A. natalis,35.82824,75.86066666666666,75.86066666666666
MR,2018-07-27,Poeciliidae,G. affinis,35.82824,28,24.181818181818183
MR,2018-07-27,Poeciliidae,P. latipinna,35.82824,28,35
MR,2020-01-17,Poeciliidae,G. affinis,99,24,24
MR,2020-01-17,Cichlidae,H. cyanoguttatum,99,58,58
MR,2020-01-17,Centrarchidae,L. cyanellus,99,72,60
MR,2020-01-17,Centrarchidae,L. gulosus,99,72,89
MR,2020-01-17,Centrarchidae,L. macrochirus,99,72,54.5
MR,2020-01-17,Centrarchidae,L. megalotis,99,72,68
MR,2020-01-17,Centrarchidae,L. microlophus,99,72,72
MR,2020-01-17,Mugilidae,M. cephalus,99,265,265
MR,2020-05-21,Eleotridae,D. maculatus,155.1864406779661,390,390
MR,2020-05-21,Poeciliidae,G. affinis,155.1864406779661,40.666666666666664,37.5
MR,2020-05-21,Cichlidae,H. cyanoguttatum,155.1864406779661,99,99
MR,2020-05-21,Ictaluridae,I. punctatus,155.1864406779661,570,570
MR,2020-05-21,Centrarchidae,L. cyanellus,155.1864406779661,81.96296296296296,97
MR,2020-05-21,Centrarchidae,L. gulosus,155.1864406779661,81.96296296296296,125
MR,2020-05-21,Centrarchidae,L. macrochirus,155.1864406779661,81.96296296296296,81.05
MR,2020-05-21,Lepisosteidae,L. oculatus,155.1864406779661,563,563
MR,2020-05-21,Mugilidae,M. cephalus,155.1864406779661,237.04761904761904,237.04761904761904
MR,2020-05-21,Centrarchidae,M. salmoides,155.1864406779661,81.96296296296296,68.25
MR,2020-05-21,Poeciliidae,P. latipinna,155.1864406779661,40.666666666666664,42.25
MR,2020-09-10,Poeciliidae,G. affinis,64.56862745098039,40.51428571428571,27.25
MR,2020-09-10,Eleotridae,G. dormitor,64.56862745098039,461,461
MR,2020-09-10,Cichlidae,H. cyanoguttatum,64.56862745098039,33.666666666666664,33.666666666666664
MR,2020-09-10,Centrarchidae,L. cyanellus,64.56862745098039,109.41666666666667,66
MR,2020-09-10,Centrarchidae,L. macrochirus,64.56862745098039,109.41666666666667,121.33333333333333
MR,2020-09-10,Centrarchidae,L. megalotis,64.56862745098039,109.41666666666667,102
MR,2020-09-10,Centrarchidae,L. microlophus,64.56862745098039,109.41666666666667,166
MR,2020-09-10,Centrarchidae,M. salmoides,64.56862745098039,109.41666666666667,113
MR,2020-09-10,Poeciliidae,P. latipinna,64.56862745098039,40.51428571428571,42.225806451612904
MR,2020-11-03,Fundulidae,F. chrysotus,61.594202898550726,35.25,35.25
MR,2020-11-03,Poeciliidae,G. affinis,61.594202898550726,28.555555555555557,24
MR,2020-11-03,Cichlidae,H. cyanoguttatum,61.594202898550726,51.75,51.75
MR,2020-11-03,Ictaluridae,I. punctatus,61.594202898550726,106,106
MR,2020-11-03,Centrarchidae,L. auritus,61.594202898550726,135.73333333333332,145
MR,2020-11-03,Centrarchidae,L. cyanellus,61.594202898550726,135.73333333333332,50
MR,2020-11-03,Centrarchidae,L. gulosus,61.594202898550726,135.73333333333332,50
MR,2020-11-03,Centrarchidae,L. macrochirus,61.594202898550726,135.73333333333332,80
MR,2020-11-03,Centrarchidae,L. megalotis,61.594202898550726,135.73333333333332,127
MR,2020-11-03,Centrarchidae,L. microlophus,61.594202898550726,135.73333333333332,154
MR,2020-11-03,Lepisosteidae,L. oculatus,61.594202898550726,450,450
MR,2020-11-03,Centrarchidae,M. salmoides,61.594202898550726,135.73333333333332,227
MR,2020-11-03,Poeciliidae,P. latipinna,61.594202898550726,28.555555555555557,31.130434782608695
PD,2017-10-04,Ictaluridae,A. melas,84.73851351351351,113,113
PD,2017-10-04,Fundulidae,F. notatus,84.73851351351351,42,42
PD,2017-10-04,Cichlidae,H. cyanoguttatum,84.73851351351351,81,81
PD,2017-10-04,Centrarchidae,L. auritus,84.73851351351351,86.64416666666666,89.6328125
PD,2017-10-04,Centrarchidae,L. cyanellus,84.73851351351351,86.64416666666666,75.22533333333334
PD,2017-10-04,Centrarchidae,L. macrochirus,84.73851351351351,86.64416666666666,69.97333333333333
PD,2017-10-04,Centrarchidae,L. megalotis,84.73851351351351,86.64416666666666,79.618
PD,2017-10-04,Centrarchidae,M. salmoides,84.73851351351351,86.64416666666666,120.14933333333333
PD,2017-10-04,Poeciliidae,P. formosa,84.73851351351351,37,37
PD,2017-11-01,Fundulidae,F. notatus,74.05364285714286,38.666666666666664,38.666666666666664
PD,2017-11-01,Poeciliidae,G. affinis,74.05364285714286,22.875,22.875
PD,2017-11-01,Cichlidae,H. cyanoguttatum,74.05364285714286,37,37
PD,2017-11-01,Centrarchidae,L. auritus,74.05364285714286,86.85012,94.913
PD,2017-11-01,Centrarchidae,L. macrochirus,74.05364285714286,86.85012,71.4752
PD,2017-11-01,Centrarchidae,L. microlophus,74.05364285714286,86.85012,56.2
PD,2017-11-01,Lepisosteidae,L. oculatus,74.05364285714286,450,450
PD,2017-11-01,Centrarchidae,M. salmoides,74.05364285714286,86.85012,149.504
PD,2017-12-04,Fundulidae,F. grandis,61.21065671641791,52.16,29.666666666666668
PD,2017-12-04,Fundulidae,F. notatus,61.21065671641791,52.16,55.22727272727273
PD,2017-12-04,Poeciliidae,G. affinis,61.21065671641791,28.48,28.304347826086957
PD,2017-12-04,Cichlidae,H. cyanoguttatum,61.21065671641791,43.916666666666664,43.916666666666664
PD,2017-12-04,Centrarchidae,L. auritus,61.21065671641791,78.60038888888889,146.01999999999998
PD,2017-12-04,Centrarchidae,L. cyanellus,61.21065671641791,78.60038888888889,77.63485714285714
PD,2017-12-04,Centrarchidae,L. gulosus,61.21065671641791,78.60038888888889,70
PD,2017-12-04,Centrarchidae,L. macrochirus,61.21065671641791,78.60038888888889,67.94735483870967
PD,2017-12-04,Centrarchidae,L. megalotis,61.21065671641791,78.60038888888889,78.80168421052632
PD,2017-12-04,Centrarchidae,M. salmoides,61.21065671641791,78.60038888888889,180.90666666666667
PD,2017-12-04,Poeciliidae,P. latipinna,61.21065671641791,28.48,30.5
PD,2018-02-03,Ictaluridae,A. melas,60.34112820512821,114,114
PD,2018-02-03,Fundulidae,F. notatus,60.34112820512821,47.90909090909091,47.90909090909091
PD,2018-02-03,Poeciliidae,G. affinis,60.34112820512821,29.8,25.75
PD,2018-02-03,Centrarchidae,L. gulosus,60.34112820512821,71.05927272727273,65.5
PD,2018-02-03,Centrarchidae,L. macrochirus,60.34112820512821,71.05927272727273,68.1528888888889
PD,2018-02-03,Centrarchidae,L. megalotis,60.34112820512821,71.05927272727273,74.448
PD,2018-02-03,Poeciliidae,P. latipinna,60.34112820512821,29.8,46
PD,2018-03-05,Ictaluridae,A. melas,85.53345454545455,134,134
PD,2018-03-05,Fundulidae,F. notatus,85.53345454545455,49.57142857142857,49.57142857142857
PD,2018-03-05,Poeciliidae,G. affinis,85.53345454545455,27.75,27.75
PD,2018-03-05,Cichlidae,H. cyanoguttatum,85.53345454545455,107,107
PD,2018-03-05,Centrarchidae,L. auritus,85.53345454545455,98.85393548387097,100.34757894736842
PD,2018-03-05,Centrarchidae,L. cyanellus,85.53345454545455,98.85393548387097,90.06800000000001
PD,2018-03-05,Centrarchidae,L. macrochirus,85.53345454545455,98.85393548387097,66.21866666666666
PD,2018-03-05,Centrarchidae,L. megalotis,85.53345454545455,98.85393548387097,90.992
PD,2018-03-05,Centrarchidae,M. salmoides,85.53345454545455,98.85393548387097,199.68
PD,2018-03-30,Ictaluridae,A. melas,57.63211475409836,140.5,140.5
PD,2018-03-30,Fundulidae,F. chrysotus,57.63211475409836,50.42424242424242,45.09090909090909
PD,2018-03-30,Fundulidae,F. notatus,57.63211475409836,50.42424242424242,61.09090909090909
PD,2018-03-30,Poeciliidae,G. affinis,57.63211475409836,27.88888888888889,27.88888888888889
PD,2018-03-30,Centrarchidae,L. auritus,57.63211475409836,76.65128571428572,76.139
PD,2018-03-30,Centrarchidae,L. cyanellus,57.63211475409836,76.65128571428572,89.056
PD,2018-03-30,Centrarchidae,L. macrochirus,57.63211475409836,76.65128571428572,58.368
PD,2018-03-30,Centrarchidae,L. megalotis,57.63211475409836,76.65128571428572,76.516
PD,2018-03-30,Lepisosteidae,L. oculatus,57.63211475409836,532,532
PD,2018-05-10,Fundulidae,F. notatus,44.21818181818182,55.04,55.04
PD,2018-05-10,Poeciliidae,G. affinis,44.21818181818182,31.785714285714285,31.785714285714285
PD,2018-05-10,Cichlidae,H. cyanoguttatum,44.21818181818182,82,82
PD,2018-05-10,Centrarchidae,L. gulosus,44.21818181818182,84,84
PD,2018-06-08,Ictaluridae,A. melas,70.43624137931035,121,121
PD,2018-06-08,Fundulidae,F. chrysotus,70.43624137931035,43.333333333333336,40.666666666666664
PD,2018-06-08,Fundulidae,F. notatus,70.43624137931035,43.333333333333336,46
PD,2018-06-08,Poeciliidae,G. affinis,70.43624137931035,32.8125,32.07692307692308
PD,2018-06-08,Cichlidae,H. cyanoguttatum,70.43624137931035,82.5,82.5
PD,2018-06-08,Centrarchidae,L. auritus,70.43624137931035,91.34248484848484,90.741
PD,2018-06-08,Centrarchidae,L. cyanellus,70.43624137931035,91.34248484848484,88.71866666666668
PD,2018-06-08,Centrarchidae,L. gulosus,70.43624137931035,91.34248484848484,90
PD,2018-06-08,Centrarchidae,L. macrochirus,70.43624137931035,91.34248484848484,82.77333333333334
PD,2018-06-08,Centrarchidae,L. microlophus,70.43624137931035,91.34248484848484,137
PD,2018-06-08,Centrarchidae,M. salmoides,70.43624137931035,91.34248484848484,97.792
PD,2018-06-08,Poeciliidae,P. latipinna,70.43624137931035,32.8125,36
PD,2018-08-01,Ictaluridae,A. melas,80.56863106796116,142.168,157.33333333333334
PD,2018-08-01,Ictaluridae,A. natalis,80.56863106796116,142.168,96.672
PD,2018-08-01,Cyprinidae,C. carpio,80.56863106796116,469.982,469.982
PD,2018-08-01,Fundulidae,F. chrysotus,80.56863106796116,41.8,38.625
PD,2018-08-01,Fundulidae,F. notatus,80.56863106796116,41.8,45.42857142857143
PD,2018-08-01,Poeciliidae,G. affinis,80.56863106796116,34.470588235294116,28.9
PD,2018-08-01,Cichlidae,H. cyanoguttatum,80.56863106796116,50.125,50.125
PD,2018-08-01,Centrarchidae,L. auritus,80.56863106796116,90.45464912280701,111.93036842105263
PD,2018-08-01,Centrarchidae,L. gulosus,80.56863106796116,90.45464912280701,75.33333333333333
PD,2018-08-01,Centrarchidae,L. macrochirus,80.56863106796116,90.45464912280701,40.259368421052635
PD,2018-08-01,Centrarchidae,L. megalotis,80.56863106796116,90.45464912280701,56.870000000000005
PD,2018-08-01,Lepisosteidae,L. oculatus,80.56863106796116,490,490
PD,2018-08-01,Centrarchidae,M. salmoides,80.56863106796116,90.45464912280701,132.096
PD,2018-08-01,Poeciliidae,P. latipinna,80.56863106796116,34.470588235294116,42.42857142857143
PD,2018-08-31,Ictaluridae,A. natalis,59.95730434782609,81.567,81.567
PD,2018-08-31,Fundulidae,F. chrysotus,59.95730434782609,43.13636363636363,38.75
PD,2018-08-31,Fundulidae,F. notatus,59.95730434782609,43.13636363636363,44.111111111111114
PD,2018-08-31,Poeciliidae,G. affinis,59.95730434782609,24.043478260869566,21.80952380952381
PD,2018-08-31,Cichlidae,H. cyanoguttatum,59.95730434782609,70.3,70.3
PD,2018-08-31,Centrarchidae,L. auritus,59.95730434782609,78.1105593220339,88.51593333333334
PD,2018-08-31,Centrarchidae,L. cyanellus,59.95730434782609,78.1105593220339,70.84
PD,2018-08-31,Centrarchidae,L. gulosus,59.95730434782609,78.1105593220339,79.5
PD,2018-08-31,Centrarchidae,L. macrochirus,59.95730434782609,78.1105593220339,71.36969696969697
PD,2018-08-31,Centrarchidae,L. megalotis,59.95730434782609,78.1105593220339,95.128
PD,2018-08-31,Centrarchidae,M. salmoides,59.95730434782609,78.1105593220339,97.024
PD,2018-08-31,Poeciliidae,P. latipinna,59.95730434782609,24.043478260869566,47.5
PD,2020-01-16,Cyprinidae,C. carpio,73.82191780821918,127.5,127.5
PD,2020-01-16,Fundulidae,F. notatus,73.82191780821918,38.25,38.25
PD,2020-01-16,Poeciliidae,G. affinis,73.82191780821918,40.5,31
PD,2020-01-16,Cichlidae,H. cyanoguttatum,73.82191780821918,73,73
PD,2020-01-16,Centrarchidae,L. auritus,73.82191780821918,70.18032786885246,87.38888888888889
PD,2020-01-16,Centrarchidae,L. cyanellus,73.82191780821918,70.18032786885246,67.26666666666667
PD,2020-01-16,Centrarchidae,L. macrochirus,73.82191780821918,70.18032786885246,52.9375
PD,2020-01-16,Centrarchidae,L. megalotis,73.82191780821918,70.18032786885246,72.25
PD,2020-01-16,Centrarchidae,L. microlophus,73.82191780821918,70.18032786885246,68.5
PD,2020-01-16,Lepisosteidae,L. oculatus,73.82191780821918,400,400
PD,2020-01-16,Poeciliidae,P. latipinna,73.82191780821918,40.5,50
PD,2020-05-21,Cyprinidae,C. carpio,71.85915492957747,385,385
PD,2020-05-21,Fundulidae,F. chrysotus,71.85915492957747,47,46.5
PD,2020-05-21,Fundulidae,F. grandis,71.85915492957747,47,46.5
PD,2020-05-21,Fundulidae,F. notatus,71.85915492957747,47,49
PD,2020-05-21,Poeciliidae,G. affinis,71.85915492957747,35.666666666666664,33.3
PD,2020-05-21,Cichlidae,H. cyanoguttatum,71.85915492957747,56.333333333333336,56.333333333333336
PD,2020-05-21,Centrarchidae,L. auritus,71.85915492957747,77.7,163
PD,2020-05-21,Centrarchidae,L. cyanellus,71.85915492957747,77.7,74.38461538461539
PD,2020-05-21,Centrarchidae,L. gulosus,71.85915492957747,77.7,94.25
PD,2020-05-21,Centrarchidae,L. macrochirus,71.85915492957747,77.7,74.14285714285714
PD,2020-05-21,Centrarchidae,M. salmoides,71.85915492957747,77.7,74.6
PD,2020-05-21,Poeciliidae,P. latipinna,71.85915492957747,35.666666666666664,47.5
PD,2020-09-09,Fundulidae,F. chrysotus,82.94117647058823,52,52.5
PD,2020-09-09,Fundulidae,F. notatus,82.94117647058823,52,51.666666666666664
PD,2020-09-09,Poeciliidae,G. affinis,82.94117647058823,31.55,28.083333333333332
PD,2020-09-09,Cichlidae,H. cyanoguttatum,82.94117647058823,82.23529411764706,82.23529411764706
PD,2020-09-09,Centrarchidae,L. auritus,82.94117647058823,90.31481481481481,115.65384615384616
PD,2020-09-09,Centrarchidae,L. cyanellus,82.94117647058823,90.31481481481481,76.02857142857142
PD,2020-09-09,Centrarchidae,L. gulosus,82.94117647058823,90.31481481481481,124.25
PD,2020-09-09,Centrarchidae,L. macrochirus,82.94117647058823,90.31481481481481,70.05882352941177
PD,2020-09-09,Centrarchidae,L. megalotis,82.94117647058823,90.31481481481481,68
PD,2020-09-09,Centrarchidae,L. microlophus,82.94117647058823,90.31481481481481,146
PD,2020-09-09,Centrarchidae,M. salmoides,82.94117647058823,90.31481481481481,97.86666666666666
PD,2020-09-09,Poeciliidae,P. latipinna,82.94117647058823,31.55,36.75
PL,2017-10-10,Ictaluridae,A. natalis,64.63435849056604,126.000875,126.000875
PL,2017-10-10,Leuciscidae,C. lutrensis,64.63435849056604,39.068266666666666,39.068266666666666
PL,2017-10-10,Poeciliidae,G. affinis,64.63435849056604,25.11111111111111,25.11111111111111
PL,2017-10-10,Centrarchidae,L. gulosus,64.63435849056604,63.7795,63
PL,2017-10-10,Centrarchidae,L. macrochirus,64.63435849056604,63.7795,29.695999999999998
PL,2017-10-10,Centrarchidae,L. megalotis,64.63435849056604,63.7795,60.682875
PL,2017-10-10,Lepisosteidae,L. oculatus,64.63435849056604,330,330
PL,2017-10-10,Centrarchidae,M. salmoides,64.63435849056604,63.7795,182.272
PL,2017-11-11,Mugilidae,A. monticola,65.46644594594595,59.84,59.84
PL,2017-11-11,Ictaluridae,A. natalis,65.46644594594595,122.04257142857142,119.7211111111111
PL,2017-11-11,Anguillidae,A. rostrata,65.46644594594595,276.3333333333333,276.3333333333333
PL,2017-11-11,Leuciscidae,C. lutrensis,65.46644594594595,44.67172413793104,44.67172413793104
PL,2017-11-11,Poeciliidae,G. affinis,65.46644594594595,34.303030303030305,32.04347826086956
PL,2017-11-11,Ictaluridae,I. punctatus,65.46644594594595,122.04257142857142,135.97133333333335
PL,2017-11-11,Centrarchidae,L. cyanellus,65.46644594594595,62.82964285714286,63.819250000000004
PL,2017-11-11,Centrarchidae,L. gulosus,65.46644594594595,62.82964285714286,50.142857142857146
PL,2017-11-11,Centrarchidae,L. macrochirus,65.46644594594595,62.82964285714286,64.32581818181818
PL,2017-11-11,Centrarchidae,L. megalotis,65.46644594594595,62.82964285714286,72.51786666666666
PL,2017-11-11,Poeciliidae,P. formosa,65.46644594594595,34.303030303030305,32.666666666666664
PL,2017-11-11,Poeciliidae,P. latipinna,65.46644594594595,34.303030303030305,49.75
PL,2017-11-11,Achiridae,T. maculatus,65.46644594594595,52,52
PL,2017-12-03,Ictaluridae,A. natalis,56.86322156862745,121.445,113.791
PL,2017-12-03,Leuciscidae,C. lutrensis,56.86322156862745,41.05807272727273,41.05807272727273
PL,2017-12-03,Poeciliidae,G. affinis,56.86322156862745,31.44,31.44
PL,2017-12-03,Ictaluridae,I. punctatus,56.86322156862745,121.445,148.234
PL,2017-12-03,Centrarchidae,L. cyanellus,56.86322156862745,65.60360869565217,66.033
PL,2017-12-03,Centrarchidae,L. gulosus,56.86322156862745,65.60360869565217,59.25
PL,2017-12-03,Centrarchidae,L. macrochirus,56.86322156862745,65.60360869565217,56.064
PL,2017-12-03,Centrarchidae,L. megalotis,56.86322156862745,65.60360869565217,67.42288235294117
PL,2018-02-11,Ictaluridae,A. natalis,63.00522222222222,121.51133333333333,121.51133333333333
PL,2018-02-11,Leuciscidae,C. lutrensis,63.00522222222222,48.89212903225807,48.89212903225807
PL,2018-02-11,Poeciliidae,G. affinis,63.00522222222222,35.675,35.17948717948718
PL,2018-02-11,Centrarchidae,L. cyanellus,63.00522222222222,75.79009433962264,85.514
PL,2018-02-11,Centrarchidae,L. gulosus,63.00522222222222,75.79009433962264,62
PL,2018-02-11,Centrarchidae,L. macrochirus,63.00522222222222,75.79009433962264,50.688
PL,2018-02-11,Centrarchidae,L. megalotis,63.00522222222222,75.79009433962264,77.69935555555556
PL,2018-02-11,Poeciliidae,P. formosa,63.00522222222222,35.675,55
PL,2018-03-02,Mugilidae,A. monticola,60.62976470588236,42.900000000000006,42.900000000000006
PL,2018-03-02,Leuciscidae,C. lutrensis,60.62976470588236,60.665777777777784,60.665777777777784
PL,2018-03-02,Poeciliidae,G. affinis,60.62976470588236,59.2,45
PL,2018-03-02,Ictaluridae,I. punctatus,60.62976470588236,126.594,126.594
PL,2018-03-02,Centrarchidae,L. cyanellus,60.62976470588236,57.36675,51.612
PL,2018-03-02,Centrarchidae,L. gulosus,60.62976470588236,57.36675,63
PL,2018-03-02,Centrarchidae,L. megalotis,60.62976470588236,57.36675,57.387
PL,2018-03-02,Poeciliidae,P. formosa,60.62976470588236,59.2,66
PL,2018-03-02,Poeciliidae,P. latipinna,60.62976470588236,59.2,61.666666666666664
PL,2018-03-02,Achiridae,T. maculatus,60.62976470588236,45,45
PL,2018-04-01,Mugilidae,A. monticola,68.86804210526316,71.07692307692308,71.07692307692308
PL,2018-04-01,Ictaluridae,A. natalis,68.86804210526316,147.022,147.022
PL,2018-04-01,Leuciscidae,C. lutrensis,68.86804210526316,52.322526315789474,52.322526315789474
PL,2018-04-01,Fundulidae,F. chrysotus,68.86804210526316,37,37
PL,2018-04-01,Poeciliidae,G. affinis,68.86804210526316,34.1875,26.153846153846153
PL,2018-04-01,Centrarchidae,L. auritus,68.86804210526316,74.0198273381295,55.118538461538456
PL,2018-04-01,Centrarchidae,L. cyanellus,68.86804210526316,74.0198273381295,80.45400000000001
PL,2018-04-01,Centrarchidae,L. gulosus,68.86804210526316,74.0198273381295,76
PL,2018-04-01,Centrarchidae,L. macrochirus,68.86804210526316,74.0198273381295,63.328
PL,2018-04-01,Centrarchidae,L. megalotis,68.86804210526316,74.0198273381295,84.85693333333333
PL,2018-04-01,Poeciliidae,P. latipinna,68.86804210526316,34.1875,69
PL,2018-05-10,Mugilidae,A. monticola,60.142025000000004,76.85333333333334,76.85333333333334
PL,2018-05-10,Ictaluridae,A. natalis,60.142025000000004,112.78399999999999,112.78399999999999
PL,2018-05-10,Leuciscidae,C. lutrensis,60.142025000000004,49.612307692307695,49.612307692307695
PL,2018-05-10,Poeciliidae,G. affinis,60.142025000000004,34.72727272727273,31.5
PL,2018-05-10,Centrarchidae,L. auritus,60.142025000000004,67.73361538461539,29.204
PL,2018-05-10,Centrarchidae,L. cyanellus,60.142025000000004,67.73361538461539,99.17599999999999
PL,2018-05-10,Centrarchidae,L. gulosus,60.142025000000004,67.73361538461539,77
PL,2018-05-10,Centrarchidae,L. macrochirus,60.142025000000004,67.73361538461539,65.536
PL,2018-05-10,Centrarchidae,L. megalotis,60.142025000000004,67.73361538461539,68.0889
PL,2018-05-10,Poeciliidae,P. latipinna,60.142025000000004,34.72727272727273,67
PL,2018-06-07,Mugilidae,A. monticola,73.29423684210526,93.80555555555556,93.80555555555556
PL,2018-06-07,Ictaluridae,A. natalis,73.29423684210526,144.6723333333333,144.6723333333333
PL,2018-06-07,Leuciscidae,C. lutrensis,73.29423684210526,47.98707692307693,47.98707692307693
PL,2018-06-07,Poeciliidae,G. affinis,73.29423684210526,40.142857142857146,39.76470588235294
PL,2018-06-07,Centrarchidae,L. cyanellus,73.29423684210526,84.95069158878505,93.03171428571429
PL,2018-06-07,Centrarchidae,L. gulosus,73.29423684210526,84.95069158878505,70.5
PL,2018-06-07,Centrarchidae,L. macrochirus,73.29423684210526,84.95069158878505,96.62171428571429
PL,2018-06-07,Centrarchidae,L. megalotis,73.29423684210526,84.95069158878505,81.65805405405405
PL,2018-06-07,Centrarchidae,M. salmoides,73.29423684210526,84.95069158878505,83.62666666666667
PL,2018-06-07,Poeciliidae,P. latipinna,73.29423684210526,40.142857142857146,53
PL,2018-06-07,Achiridae,T. maculatus,73.29423684210526,61,61
PL,2018-07-27,Ictaluridae,A. natalis,45.53872727272727,68.11075000000001,84.588
PL,2018-07-27,Leuciscidae,C. lutrensis,45.53872727272727,44.29466666666667,44.29466666666667
PL,2018-07-27,Poeciliidae,G. affinis,45.53872727272727,31.208333333333332,30.4
PL,2018-07-27,Ictaluridae,I. punctatus,45.53872727272727,68.11075000000001,46.526
PL,2018-07-27,Centrarchidae,L. macrochirus,45.53872727272727,74.00833333333334,58.368
PL,2018-07-27,Centrarchidae,L. megalotis,45.53872727272727,74.00833333333334,77.13640000000001
PL,2018-07-27,Ictaluridae,N. gyrinus,45.53872727272727,68.11075000000001,68.962
PL,2018-07-27,Poeciliidae,P. latipinna,45.53872727272727,31.208333333333332,35.25
PL,2018-09-25,Leuciscidae,C. lutrensis,49.0110303030303,31.930285714285716,31.930285714285716
PL,2018-09-25,Poeciliidae,G. affinis,49.0110303030303,26.11111111111111,26.11111111111111
PL,2018-09-25,Ictaluridae,I. punctatus,49.0110303030303,194.76,194.76
PL,2018-09-25,Centrarchidae,L. cyanellus,49.0110303030303,61.43514285714286,56.166
PL,2018-09-25,Centrarchidae,L. macrochirus,49.0110303030303,61.43514285714286,48.384
PL,2018-09-25,Centrarchidae,L. megalotis,49.0110303030303,61.43514285714286,69.278
PL,2018-09-25,Achiridae,T. maculatus,49.0110303030303,52,52
PL,2020-01-15,Leuciscidae,C. lutrensis,47.154545454545456,34.370370370370374,34.370370370370374
PL,2020-01-15,Eleotridae,D. maculatus,47.154545454545456,98,98
PL,2020-01-15,Poeciliidae,G. affinis,47.154545454545456,34.17948717948718,31.296296296296298
PL,2020-01-15,Ictaluridae,I. punctatus,47.154545454545456,177.5,177.5
PL,2020-01-15,Centrarchidae,L. cyanellus,47.154545454545456,60.31707317073171,57.75
PL,2020-01-15,Centrarchidae,L. gulosus,47.154545454545456,60.31707317073171,100
PL,2020-01-15,Centrarchidae,L. macrochirus,47.154545454545456,60.31707317073171,64.5
PL,2020-01-15,Centrarchidae,L. megalotis,47.154545454545456,60.31707317073171,57.96969696969697
PL,2020-01-15,Poeciliidae,P. latipinna,47.154545454545456,34.17948717948718,40.666666666666664
PL,2020-05-24,Ictaluridae,A. natalis,77.56818181818181,75.25,72.0909090909091
PL,2020-05-24,Leuciscidae,C. lutrensis,77.56818181818181,46,46
PL,2020-05-24,Poeciliidae,G. affinis,77.56818181818181,49.37931034482759,35.1875
PL,2020-05-24,Ictaluridae,I. punctatus,77.56818181818181,75.25,110
PL,2020-05-24,Centrarchidae,L. auritus,77.56818181818181,83.09740259740259,118.375
PL,2020-05-24,Centrarchidae,L. cyanellus,77.56818181818181,83.09740259740259,85.64
PL,2020-05-24,Centrarchidae,L. gulosus,77.56818181818181,83.09740259740259,113
PL,2020-05-24,Centrarchidae,L. macrochirus,77.56818181818181,83.09740259740259,82.04761904761905
PL,2020-05-24,Centrarchidae,L. megalotis,77.56818181818181,83.09740259740259,79.20588235294117
PL,2020-05-24,Lepisosteidae,L. oculatus,77.56818181818181,437.5,437.5
PL,2020-05-24,Centrarchidae,M. salmoides,77.56818181818181,83.09740259740259,57.666666666666664
PL,2020-05-24,Poeciliidae,P. latipinna,77.56818181818181,49.37931034482759,66.84615384615384
PL,2020-09-15,Ictaluridae,A. natalis,64.9037037037037,74.6,67
PL,2020-09-15,Leuciscidae,C. lutrensis,64.9037037037037,43.76923076923077,43.76923076923077
PL,2020-09-15,Eleotridae,D. maculatus,64.9037037037037,149,149
PL,2020-09-15,Poeciliidae,G. affinis,64.9037037037037,40.16129032258065,33.666666666666664
PL,2020-09-15,Ictaluridae,I. punctatus,64.9037037037037,74.6,105
PL,2020-09-15,Centrarchidae,L. cyanellus,64.9037037037037,69.16867469879519,76.72727272727273
PL,2020-09-15,Centrarchidae,L. gulosus,64.9037037037037,69.16867469879519,45
PL,2020-09-15,Centrarchidae,L. macrochirus,64.9037037037037,69.16867469879519,82
PL,2020-09-15,Centrarchidae,L. megalotis,64.9037037037037,69.16867469879519,66.01492537313433
PL,2020-09-15,Lepisosteidae,L. oculatus,64.9037037037037,536,536
PL,2020-09-15,Centrarchidae,M. salmoides,64.9037037037037,69.16867469879519,132.5
PL,2020-09-15,Poeciliidae,P. latipinna,64.9037037037037,40.16129032258065,44.26315789473684
PL,2020-11-02,Ictaluridae,A. natalis,60.55135135135135,94.25,89
PL,2020-11-02,Leuciscidae,C. lutrensis,60.55135135135135,38.125,38.125
PL,2020-11-02,Eleotridae,D. maculatus,60.55135135135135,149,149
PL,2020-11-02,Poeciliidae,G. affinis,60.55135135135135,42.541666666666664,31.1
PL,2020-11-02,Ictaluridae,I. punctatus,60.55135135135135,94.25,110
PL,2020-11-02,Centrarchidae,L. cyanellus,60.55135135135135,68.625,88
PL,2020-11-02,Centrarchidae,L. gulosus,60.55135135135135,68.625,45.5
PL,2020-11-02,Centrarchidae,L. macrochirus,60.55135135135135,68.625,45.23076923076923
PL,2020-11-02,Centrarchidae,L. megalotis,60.55135135135135,68.625,68.8
PL,2020-11-02,Mugilidae,M. cephalus,60.55135135135135,144.33333333333334,144.33333333333334
PL,2020-11-02,Centrarchidae,M. salmoides,60.55135135135135,68.625,174
PL,2020-11-02,Poeciliidae,P. latipinna,60.55135135135135,42.541666666666664,45.55263157894737
SF,2017-09-19,Characidae,A. mexicanus,51.04459016393442,71.89,71.89
SF,2017-09-19,Poeciliidae,G. affinis,51.04459016393442,32.84848484848485,22.5
SF,2017-09-19,Cichlidae,H. cyanoguttatum,51.04459016393442,49.08695652173913,49.08695652173913
SF,2017-09-19,Centrarchidae,L. macrochirus,51.04459016393442,85.61,85.50399999999999
SF,2017-09-19,Centrarchidae,L. megalotis,51.04459016393442,85.61,85.822
SF,2017-09-19,Lepisosteidae,L. oculatus,51.04459016393442,572,572
SF,2017-09-19,Poeciliidae,P. formosa,51.04459016393442,32.84848484848485,33.5625
SF,2017-09-19,Poeciliidae,P. latipinna,51.04459016393442,32.84848484848485,35.15384615384615
SF,2017-11-05,Characidae,A. mexicanus,39.82451666666667,56.77466666666667,56.77466666666667
SF,2017-11-05,Leuciscidae,C. lutrensis,39.82451666666667,40.68418181818182,38.4752
SF,2017-11-05,Cyprinodontidae,C. variegatus,39.82451666666667,34,34
SF,2017-11-05,Poeciliidae,G. affinis,39.82451666666667,35.921875,30
SF,2017-11-05,Cichlidae,H. cyanoguttatum,39.82451666666667,44.875,44.875
SF,2017-11-05,Centrarchidae,L. macrochirus,39.82451666666667,71.68,71.68
SF,2017-11-05,Poeciliidae,P. latipinna,39.82451666666667,35.921875,39.24390243902439
SF,2017-11-05,Leuciscidae,P. vigilax,39.82451666666667,40.68418181818182,42.525
SF,2017-12-11,Leuciscidae,C. lutrensis,48.733552631578945,43.10714285714286,46.333333333333336
SF,2017-12-11,Poeciliidae,G. affinis,48.733552631578945,41.472727272727276,31
SF,2017-12-11,Cichlidae,H. cyanoguttatum,48.733552631578945,53.46153846153846,53.46153846153846
SF,2017-12-11,Lepisosteidae,L. oculatus,48.733552631578945,426,426
SF,2017-12-11,Poeciliidae,P. formosa,48.733552631578945,41.472727272727276,41.45454545454545
SF,2017-12-11,Poeciliidae,P. latipinna,48.733552631578945,41.472727272727276,43.45945945945946
SF,2017-12-11,Leuciscidae,P. vigilax,48.733552631578945,43.10714285714286,40.6875
SF,2018-02-02,Cyprinodontidae,C. variegatus,40.77430555555556,33.5,33.5
SF,2018-02-02,Poeciliidae,G. affinis,40.77430555555556,38.18421052631579,31.4
SF,2018-02-02,Cichlidae,H. cyanoguttatum,40.77430555555556,46.46666666666667,46.46666666666667
SF,2018-02-02,Poeciliidae,P. formosa,40.77430555555556,38.18421052631579,42.333333333333336
SF,2018-02-02,Poeciliidae,P. latipinna,40.77430555555556,38.18421052631579,42.90909090909091
SF,2018-02-02,Leuciscidae,P. vigilax,40.77430555555556,47.25,47.25
SF,2018-04-07,Leuciscidae,C. lutrensis,43.26754901960784,49.18225,49.24571428571429
SF,2018-04-07,Poeciliidae,G. affinis,43.26754901960784,37.875,34.72727272727273
SF,2018-04-07,Cichlidae,H. cyanoguttatum,43.26754901960784,44.857142857142854,44.857142857142854
SF,2018-04-07,Poeciliidae,P. latipinna,43.26754901960784,37.875,38.810810810810814
SF,2018-04-07,Leuciscidae,P. vigilax,43.26754901960784,49.18225,49.14807692307693
SF,2018-05-12,Leuciscidae,C. lutrensis,37.19198058252427,45.71826666666667,45.07876923076923
SF,2018-05-12,Poeciliidae,G. affinis,37.19198058252427,37.41891891891892,28.515151515151516
SF,2018-05-12,Cichlidae,H. cyanoguttatum,37.19198058252427,26.857142857142858,26.46153846153846
SF,2018-05-12,Cichlidae,O. aureus,37.19198058252427,26.857142857142858,32
SF,2018-05-12,Poeciliidae,P. latipinna,37.19198058252427,37.41891891891892,44.58536585365854
SF,2018-05-12,Leuciscidae,P. vigilax,37.19198058252427,45.71826666666667,49.875
SF,2018-06-01,Leuciscidae,C. lutrensis,55.38870731707317,53.9748,56.712
SF,2018-06-01,Poeciliidae,G. affinis,55.38870731707317,37.1,31
SF,2018-06-01,Cichlidae,H. cyanoguttatum,55.38870731707317,67.2127659574468,67.2127659574468
SF,2018-06-01,Poeciliidae,P. latipinna,55.38870731707317,37.1,43.2
SF,2018-06-01,Leuciscidae,P. vigilax,55.38870731707317,53.9748,52.15
SF,2018-07-01,Cyprinidae,C. carpio,44.831830508474575,81.62200000000001,81.62200000000001
SF,2018-07-01,Leuciscidae,C. lutrensis,44.831830508474575,44.909333333333336,45.314
SF,2018-07-01,Cyprinodontidae,C. variegatus,44.831830508474575,35,35
SF,2018-07-01,Poeciliidae,G. affinis,44.831830508474575,40.10344827586207,35.69230769230769
SF,2018-07-01,Cichlidae,H. cyanoguttatum,44.831830508474575,48.65,48.65
SF,2018-07-01,Centrarchidae,L. gulosus,44.831830508474575,88,88
SF,2018-07-01,Poeciliidae,P. latipinna,44.831830508474575,40.10344827586207,43.6875
SF,2018-07-01,Leuciscidae,P. vigilax,44.831830508474575,44.909333333333336,44.099999999999994
SF,2018-09-18,Characidae,A. mexicanus,30.287096774193547,59.724,59.724
SF,2018-09-18,Leuciscidae,C. lutrensis,30.287096774193547,43.368,43.368
SF,2018-09-18,Poeciliidae,G. affinis,30.287096774193547,27.875,28
SF,2018-09-18,Centrarchidae,L. gulosus,30.287096774193547,33.3616,47
SF,2018-09-18,Centrarchidae,L. macrochirus,30.287096774193547,33.3616,29.951999999999998
SF,2018-09-18,Poeciliidae,P. latipinna,30.287096774193547,27.875,25
SF,2020-01-13,Ictaluridae,A. melas,45.306930693069305,118,118
SF,2020-01-13,Characidae,A. mexicanus,45.306930693069305,46.857142857142854,46.857142857142854
SF,2020-01-13,Poeciliidae,G. affinis,45.306930693069305,40.104166666666664,23.125
SF,2020-01-13,Cichlidae,H. cyanoguttatum,45.306930693069305,45.588235294117645,45.588235294117645
SF,2020-01-13,Centrarchidae,L. cyanellus,45.306930693069305,59.54545454545455,59.54545454545455
SF,2020-01-13,Poeciliidae,P. latipinna,45.306930693069305,40.104166666666664,43.5
SF,2020-05-27,Characidae,A. mexicanus,115.80132450331126,67.05882352941177,67.05882352941177
SF,2020-05-27,Poeciliidae,G. affinis,115.80132450331126,39.80555555555556,29.4
SF,2020-05-27,Cichlidae,H. cyanoguttatum,115.80132450331126,93.75,110.52631578947368
SF,2020-05-27,Centrarchidae,L. cyanellus,115.80132450331126,95.78688524590164,100.15384615384616
SF,2020-05-27,Centrarchidae,L. gulosus,115.80132450331126,95.78688524590164,134
SF,2020-05-27,Centrarchidae,L. macrochirus,115.80132450331126,95.78688524590164,87.35555555555555
SF,2020-05-27,Lepisosteidae,L. oculatus,115.80132450331126,524.6153846153846,524.6153846153846
SF,2020-05-27,Centrarchidae,M. salmoides,115.80132450331126,95.78688524590164,342
SF,2020-05-27,Cichlidae,O. aureus,115.80132450331126,93.75,30
SF,2020-05-27,Poeciliidae,P. latipinna,115.80132450331126,39.80555555555556,52.8125
SF,2020-09-11,Characidae,A. mexicanus,52.911764705882355,64,64
SF,2020-09-11,Poeciliidae,G. affinis,52.911764705882355,36.51063829787234,30.941176470588236
SF,2020-09-11,Cichlidae,H. cyanoguttatum,52.911764705882355,68.25581395348837,68.57142857142857
SF,2020-09-11,Centrarchidae,L. cyanellus,52.911764705882355,42,42
SF,2020-09-11,Cichlidae,O. aureus,52.911764705882355,68.25581395348837,55
SF,2020-09-11,Poeciliidae,P. latipinna,52.911764705882355,36.51063829787234,39.666666666666664
SF,2020-11-04,Characidae,A. mexicanus,49.41614906832298,61.733333333333334,61.733333333333334
SF,2020-11-04,Poeciliidae,G. affinis,49.41614906832298,41.87837837837838,32.47826086956522
SF,2020-11-04,Cichlidae,H. cyanoguttatum,49.41614906832298,53.901408450704224,52.88059701492537
SF,2020-11-04,Centrarchidae,L. macrochirus,49.41614906832298,104,104
SF,2020-11-04,Cichlidae,O. aureus,49.41614906832298,53.901408450704224,71
SF,2020-11-04,Poeciliidae,P. latipinna,49.41614906832298,41.87837837837838,46.11764705882353
TR,2017-09-25,Characidae,A. mexicanus,52.36414705882353,65.254,65.254
TR,2017-09-25,Cyprinodontidae,C. variegatus,52.36414705882353,37.05882352941177,37.05882352941177
TR,2017-09-25,Fundulidae,F. grandis,52.36414705882353,37.6,37.6
TR,2017-09-25,Poeciliidae,P. latipinna,52.36414705882353,59.23255813953488,59.23255813953488
TR,2017-11-05,Cyprinodontidae,C. variegatus,39.76671755725191,35.758620689655174,35.758620689655174
TR,2017-11-05,Eleotridae,D. maculatus,39.76671755725191,95,95
TR,2017-11-05,Fundulidae,F. grandis,39.76671755725191,56.90909090909091,56.90909090909091
TR,2017-11-05,Poeciliidae,G. affinis,39.76671755725191,34.88157894736842,26.75
TR,2017-11-05,Cichlidae,H. cyanoguttatum,39.76671755725191,53.666666666666664,73
TR,2017-11-05,Centrarchidae,L. megalotis,39.76671755725191,106.502,106.502
TR,2017-11-05,Ictaluridae,N. gyrinus,39.76671755725191,49.938,49.938
TR,2017-11-05,Cichlidae,O. aureus,39.76671755725191,53.666666666666664,49.8
TR,2017-11-05,Poeciliidae,P. formosa,39.76671755725191,34.88157894736842,37.371428571428574
TR,2017-11-05,Poeciliidae,P. latipinna,39.76671755725191,34.88157894736842,35.241379310344826
TR,2017-12-11,Cyprinodontidae,C. variegatus,33.142857142857146,36.69565217391305,36.69565217391305
TR,2017-12-11,Poeciliidae,G. affinis,33.142857142857146,30,31.9
TR,2017-12-11,Poeciliidae,P. latipinna,33.142857142857146,30,27.40909090909091
TR,2018-02-02,Characidae,A. mexicanus,40.02506756756757,63.595000000000006,63.595000000000006
TR,2018-02-02,Cyprinodontidae,C. variegatus,40.02506756756757,37.06976744186046,37.06976744186046
TR,2018-02-02,Fundulidae,F. grandis,40.02506756756757,104,104
TR,2018-02-02,Poeciliidae,G. affinis,40.02506756756757,33.170731707317074,28.37037037037037
TR,2018-02-02,Cichlidae,H. cyanoguttatum,40.02506756756757,49,49
TR,2018-02-02,Poeciliidae,P. formosa,40.02506756756757,33.170731707317074,37.72
TR,2018-02-02,Poeciliidae,P. latipinna,40.02506756756757,33.170731707317074,33.7
TR,2018-04-07,Characidae,A. mexicanus,46.089688524590166,76.31400000000001,76.31400000000001
TR,2018-04-07,Cyprinodontidae,C. variegatus,46.089688524590166,38.05128205128205,38.05128205128205
TR,2018-04-07,Fundulidae,F. grandis,46.089688524590166,29.444444444444443,29.444444444444443
TR,2018-04-07,Poeciliidae,G. affinis,46.089688524590166,51.33802816901409,30.5
TR,2018-04-07,Poeciliidae,P. latipinna,46.089688524590166,51.33802816901409,54.75409836065574
TR,2018-06-01,Characidae,A. mexicanus,56.84047887323944,78.042125,78.042125
TR,2018-06-01,Cyprinodontidae,C. variegatus,56.84047887323944,39.96296296296296,39.96296296296296
TR,2018-06-01,Fundulidae,F. grandis,56.84047887323944,70.78571428571429,70.78571428571429
TR,2018-06-01,Poeciliidae,P. latipinna,56.84047887323944,51.214285714285715,51.214285714285715
TR,2018-07-01,Cyprinodontidae,C. variegatus,50.6623,46.05,46.05
TR,2018-07-01,Fundulidae,F. grandis,50.6623,54,54
TR,2018-07-01,Cichlidae,H. cyanoguttatum,50.6623,73,92
TR,2018-07-01,Centrarchidae,L. cyanellus,50.6623,77.87299999999999,69.828
TR,2018-07-01,Centrarchidae,L. macrochirus,50.6623,77.87299999999999,90.112
TR,2018-07-01,Centrarchidae,M. salmoides,50.6623,77.87299999999999,75.776
TR,2018-07-01,Cichlidae,O. aureus,50.6623,73,54
TR,2018-07-01,Poeciliidae,P. latipinna,50.6623,45.69230769230769,45.69230769230769
TR,2018-08-31,Cyprinodontidae,C. variegatus,48.470588235294116,47.5,47.5
TR,2018-08-31,Poeciliidae,G. affinis,48.470588235294116,48.6,34
TR,2018-08-31,Poeciliidae,P. latipinna,48.470588235294116,48.6,50.84615384615385
TR,2020-01-13,Characidae,A. mexicanus,44.22680412371134,27.5,27.5
TR,2020-01-13,Cyprinodontidae,C. variegatus,44.22680412371134,40.73076923076923,40.73076923076923
TR,2020-01-13,Fundulidae,F. grandis,44.22680412371134,81.75,81.75
TR,2020-01-13,Poeciliidae,G. affinis,44.22680412371134,37.18181818181818,34.23809523809524
TR,2020-01-13,Cichlidae,H. cyanoguttatum,44.22680412371134,72.5,59
TR,2020-01-13,Centrarchidae,L. macrochirus,44.22680412371134,83,83
TR,2020-01-13,Cichlidae,O. aureus,44.22680412371134,72.5,86
TR,2020-01-13,Poeciliidae,P. latipinna,44.22680412371134,37.18181818181818,39
TR,2020-05-27,Characidae,A. mexicanus,87.171875,81,81
TR,2020-05-27,Cyprinodontidae,C. variegatus,87.171875,46,46
TR,2020-05-27,Poeciliidae,G. affinis,87.171875,54.96969696969697,16
TR,2020-05-27,Cichlidae,H. cyanoguttatum,87.171875,122,101
TR,2020-05-27,Centrarchidae,L. cyanellus,87.171875,125.84615384615384,75
TR,2020-05-27,Centrarchidae,L. macrochirus,87.171875,125.84615384615384,127.88
TR,2020-05-27,Cichlidae,O. aureus,87.171875,122,164
TR,2020-05-27,Poeciliidae,P. latipinna,87.171875,54.96969696969697,56.1875
TR,2020-09-11,Characidae,A. mexicanus,60.5655737704918,65.33333333333333,65.33333333333333
TR,2020-09-11,Cyprinodontidae,C. variegatus,60.5655737704918,47.214285714285715,47.214285714285715
TR,2020-09-11,Poeciliidae,G. affinis,60.5655737704918,42.76271186440678,24.307692307692307
TR,2020-09-11,Cichlidae,H. cyanoguttatum,60.5655737704918,105.95652173913044,107.27272727272727
TR,2020-09-11,Fundulidae,L. parva,60.5655737704918,68.34782608695652,68.34782608695652
TR,2020-09-11,Cichlidae,O. aureus,60.5655737704918,105.95652173913044,77
TR,2020-09-11,Poeciliidae,P. latipinna,60.5655737704918,42.76271186440678,47.97826086956522
TR,2020-11-04,Cyprinodontidae,C. variegatus,46.04807692307692,44.5,44.5
TR,2020-11-04,Fundulidae,F. grandis,46.04807692307692,78.23529411764706,78.23529411764706
TR,2020-11-04,Poeciliidae,G. affinis,46.04807692307692,34.520833333333336,33.06896551724138
TR,2020-11-04,Cichlidae,O. aureus,46.04807692307692,66.66666666666667,66.66666666666667
TR,2020-11-04,Poeciliidae,P. latipinna,46.04807692307692,34.520833333333336,36.73684210526316
WM,2017-09-30,Ictaluridae,A. natalis,74.5431052631579,113.615,72.50399999999999
WM,2017-09-30,Leuciscidae,C. lutrensis,74.5431052631579,35.376000000000005,38.364000000000004
WM,2017-09-30,Clupeidae,D. cepedianum,74.5431052631579,116.202,116.202
WM,2017-09-30,Ictaluridae,I. punctatus,74.5431052631579,113.615,154.726
WM,2017-09-30,Centrarchidae,L. auritus,74.5431052631579,74.36607692307692,130.375
WM,2017-09-30,Centrarchidae,L. cyanellus,74.5431052631579,74.36607692307692,61.732
WM,2017-09-30,Centrarchidae,L. macrochirus,74.5431052631579,74.36607692307692,55.296
WM,2017-09-30,Centrarchidae,L. megalotis,74.5431052631579,74.36607692307692,73.06933333333333
WM,2017-09-30,Leuciscidae,P. vigilax,74.5431052631579,35.376000000000005,29.4
WM,2017-11-03,Leuciscidae,C. venusta,74.1535243902439,61.5075,70.06125
WM,2017-11-03,Poeciliidae,G. affinis,74.1535243902439,27.454545454545453,27.454545454545453
WM,2017-11-03,Centrarchidae,L. gulosus,74.1535243902439,62.2384262295082,48
WM,2017-11-03,Centrarchidae,L. macrochirus,74.1535243902439,62.2384262295082,66.048
WM,2017-11-03,Centrarchidae,L. megalotis,74.1535243902439,62.2384262295082,66.176
WM,2017-11-03,Centrarchidae,L. microlophus,74.1535243902439,62.2384262295082,50.7
WM,2017-11-03,Centrarchidae,L. miniatus,74.1535243902439,62.2384262295082,53.97
WM,2017-11-03,Lepisosteidae,L. oculatus,74.1535243902439,403.25,403.25
WM,2017-11-03,Leuciscidae,N. texanus,74.1535243902439,61.5075,44.400000000000006
WM,2017-12-02,Ictaluridae,A. natalis,57.8541884057971,129.97787499999998,179.24599999999998
WM,2017-12-02,Aphredoderidae,A. sayanus,57.8541884057971,68.5,68.5
WM,2017-12-02,Leuciscidae,C. lutrensis,57.8541884057971,44.16769811320755,39.031200000000005
WM,2017-12-02,Leuciscidae,C. venusta,57.8541884057971,44.16769811320755,52.0926
WM,2017-12-02,Poeciliidae,G. affinis,57.8541884057971,29.095238095238095,29.095238095238095
WM,2017-12-02,Ictaluridae,I. punctatus,57.8541884057971,129.97787499999998,157.25066666666666
WM,2017-12-02,Centrarchidae,L. cyanellus,57.8541884057971,67.07862264150944,59.202
WM,2017-12-02,Centrarchidae,L. gulosus,57.8541884057971,67.07862264150944,49.083333333333336
WM,2017-12-02,Centrarchidae,L. humilis,57.8541884057971,67.07862264150944,59.223
WM,2017-12-02,Centrarchidae,L. macrochirus,57.8541884057971,67.07862264150944,61.644800000000004
WM,2017-12-02,Centrarchidae,L. megalotis,57.8541884057971,67.07862264150944,66.4345
WM,2017-12-02,Lepisosteidae,L. oculatus,57.8541884057971,300,300
WM,2017-12-02,Centrarchidae,M. salmoides,57.8541884057971,67.07862264150944,258.56
WM,2017-12-02,Ictaluridae,N. gyrinus,57.8541884057971,129.97787499999998,55.090333333333334
WM,2017-12-02,Leuciscidae,N. texanus,57.8541884057971,44.16769811320755,38.85
WM,2017-12-02,Ictaluridae,P. olivaris,57.8541884057971,129.97787499999998,223.55399999999997
WM,2017-12-02,Leuciscidae,P. vigilax,57.8541884057971,44.16769811320755,44.625
WM,2018-02-09,Pecidae,E. gracile,69.92087096774193,47.333333333333336,47.333333333333336
WM,2018-02-09,Poeciliidae,G. affinis,69.92087096774193,29,29
WM,2018-02-09,Ictaluridae,I. punctatus,69.92087096774193,165.39866666666666,107.11800000000001
WM,2018-02-09,Centrarchidae,L. cyanellus,69.92087096774193,70.99562162162162,66.539
WM,2018-02-09,Centrarchidae,L. gulosus,69.92087096774193,70.99562162162162,69.14285714285714
WM,2018-02-09,Centrarchidae,L. humilis,69.92087096774193,70.99562162162162,76.886
WM,2018-02-09,Centrarchidae,L. macrochirus,69.92087096774193,70.99562162162162,63.14666666666667
WM,2018-02-09,Centrarchidae,L. megalotis,69.92087096774193,70.99562162162162,74.67777777777778
WM,2018-02-09,Lepisosteidae,L. oculatus,69.92087096774193,465,465
WM,2018-02-09,Leuciscidae,N. texanus,69.92087096774193,45.612,46.620000000000005
WM,2018-02-09,Ictaluridae,P. olivaris,69.92087096774193,165.39866666666666,281.96
WM,2018-02-09,Leuciscidae,P. vigilax,69.92087096774193,45.612,44.1
WM,2018-03-02,Leuciscidae,C. lutrensis,64.72985185185185,52.1212,48.928
WM,2018-03-02,Pecidae,E. gracile,64.72985185185185,48,48
WM,2018-03-02,Poeciliidae,G. affinis,64.72985185185185,35.90909090909091,35.90909090909091
WM,2018-03-02,Ictaluridae,I. punctatus,64.72985185185185,59.510000000000005,59.510000000000005
WM,2018-03-02,Centrarchidae,L. cyanellus,64.72985185185185,70.8672,66.11733333333333
WM,2018-03-02,Centrarchidae,L. gulosus,64.72985185185185,70.8672,70.25
WM,2018-03-02,Centrarchidae,L. macrochirus,64.72985185185185,70.8672,69.40444444444445
WM,2018-03-02,Centrarchidae,L. megalotis,64.72985185185185,70.8672,72.38
WM,2018-03-02,Centrarchidae,L. microlophus,64.72985185185185,70.8672,83
WM,2018-03-02,Lepisosteidae,L. oculatus,64.72985185185185,378.5,378.5
WM,2018-03-02,Atherinopsidae,M. beryllina,64.72985185185185,74.34,74.34
WM,2018-03-02,Centrarchidae,P. annularis,64.72985185185185,70.8672,136.488
WM,2018-03-02,Leuciscidae,P. vigilax,64.72985185185185,52.1212,54.25
WM,2018-03-31,Leuciscidae,C. lutrensis,39.12960606060606,52.1146,56.712
WM,2018-03-31,Leuciscidae,C. venusta,39.12960606060606,52.1146,65.3905
WM,2018-03-31,Pecidae,E. gracile,39.12960606060606,35.2,35.2
WM,2018-03-31,Fundulidae,F. chrysotus,39.12960606060606,13,13
WM,2018-03-31,Poeciliidae,G. affinis,39.12960606060606,32.05,32.05
WM,2018-03-31,Centrarchidae,L. macrochirus,39.12960606060606,100.352,100.352
WM,2018-03-31,Leuciscidae,N. texanus,39.12960606060606,52.1146,31.08
WM,2018-03-31,Leuciscidae,P. vigilax,39.12960606060606,52.1146,42
WM,2018-05-04,Leuciscidae,C. lutrensis,76.72167441860465,55.60000000000001,55.60000000000001
WM,2018-05-04,Clupeidae,D. cepedianum,76.72167441860465,130.32000000000002,130.32000000000002
WM,2018-05-04,Poeciliidae,G. affinis,76.72167441860465,30.933333333333334,30.933333333333334
WM,2018-05-04,Centrarchidae,L. cyanellus,76.72167441860465,78.17133333333334,49.588
WM,2018-05-04,Centrarchidae,L. gulosus,76.72167441860465,78.17133333333334,51
WM,2018-05-04,Centrarchidae,L. macrochirus,76.72167441860465,78.17133333333334,81.7152
WM,2018-05-04,Centrarchidae,L. megalotis,76.72167441860465,78.17133333333334,80.40870588235295
WM,2018-05-04,Lepisosteidae,L. oculatus,76.72167441860465,386.5,386.5
WM,2018-06-04,Ictaluridae,A. natalis,111.15273076923077,176.225,176.225
WM,2018-06-04,Aphredoderidae,A. sayanus,111.15273076923077,47,47
WM,2018-06-04,Leuciscidae,C. venusta,111.15273076923077,70.336,70.336
WM,2018-06-04,Clupeidae,D. cepedianum,111.15273076923077,170.502,170.502
WM,2018-06-04,Poeciliidae,G. affinis,111.15273076923077,35.714285714285715,35.714285714285715
WM,2018-06-04,Centrarchidae,L. gulosus,111.15273076923077,77.3406,92
WM,2018-06-04,Centrarchidae,L. megalotis,111.15273076923077,77.3406,75.71177777777778
WM,2018-06-04,Lepisosteidae,L. oculatus,111.15273076923077,395,395
WM,2018-09-01,Ictaluridae,A. melas,62.619925925925926,59.766000000000005,83
WM,2018-09-01,Aphredoderidae,A. sayanus,62.619925925925926,48.857142857142854,48.857142857142854
WM,2018-09-01,Leuciscidae,C. lutrensis,62.619925925925926,39.437000000000005,35.584
WM,2018-09-01,Poeciliidae,G. affinis,62.619925925925926,25.666666666666668,25.666666666666668
WM,2018-09-01,Ictaluridae,I. punctatus,62.619925925925926,59.766000000000005,48.149
WM,2018-09-01,Centrarchidae,L. auritus,62.619925925925926,77.2819393939394,64.666
WM,2018-09-01,Centrarchidae,L. cyanellus,62.619925925925926,77.2819393939394,111.32
WM,2018-09-01,Centrarchidae,L. gulosus,62.619925925925926,77.2819393939394,61.25
WM,2018-09-01,Centrarchidae,L. macrochirus,62.619925925925926,77.2819393939394,54.12571428571429
WM,2018-09-01,Centrarchidae,L. megalotis,62.619925925925926,77.2819393939394,78.00955555555555
WM,2018-09-01,Centrarchidae,M. salmoides,62.619925925925926,77.2819393939394,281.6
WM,2018-09-01,Leuciscidae,N. texanus,62.619925925925926,39.437000000000005,43.290000000000006
WM,2020-01-14,Pecidae,E. gracile,60.764044943820224,46,46
WM,2020-01-14,Poeciliidae,G. affinis,60.764044943820224,38.15384615384615,38.15384615384615
WM,2020-01-14,Centrarchidae,L. cyanellus,60.764044943820224,66.52173913043478,61.130434782608695
WM,2020-01-14,Centrarchidae,L. gulosus,60.764044943820224,66.52173913043478,65.84615384615384
WM,2020-01-14,Centrarchidae,L. macrochirus,60.764044943820224,66.52173913043478,88.33333333333333
WM,2020-01-14,Centrarchidae,L. megalotis,60.764044943820224,66.52173913043478,60.38095238095238
WM,2020-05-30,Leuciscidae,C. venusta,64.725,53.333333333333336,53.333333333333336
WM,2020-05-30,Poeciliidae,G. affinis,64.725,35.476190476190474,35.476190476190474
WM,2020-05-30,Centrarchidae,L. cyanellus,64.725,76.30357142857143,52.25
WM,2020-05-30,Centrarchidae,L. macrochirus,64.725,76.30357142857143,95.66666666666667
WM,2020-05-30,Centrarchidae,L. megalotis,64.725,76.30357142857143,74.625
WM,2020-05-30,Centrarchidae,M. salmoides,64.725,76.30357142857143,195
WM,2020-09-08,Aphredoderidae,A. sayanus,55.470588235294116,80,80
WM,2020-09-08,Poeciliidae,G. affinis,55.470588235294116,40,40
WM,2020-09-08,Centrarchidae,L. cyanellus,55.470588235294116,55.1875,65
WM,2020-09-08,Centrarchidae,L. gulosus,55.470588235294116,55.1875,64
WM,2020-09-08,Centrarchidae,L. macrochirus,55.470588235294116,55.1875,84
WM,2020-09-08,Centrarchidae,L. megalotis,55.470588235294116,55.1875,46.43478260869565
WM,2020-09-08,Centrarchidae,M. salmoides,55.470588235294116,55.1875,124
WM,2020-11-05,Aphredoderidae,A. sayanus,59.906666666666666,59.333333333333336,59.333333333333336
WM,2020-11-05,Leuciscidae,C. venusta,59.906666666666666,50.5,50.5
WM,2020-11-05,Poeciliidae,G. affinis,59.906666666666666,28.916666666666668,28.916666666666668
WM,2020-11-05,Centrarchidae,L. cyanellus,59.906666666666666,67.25,47.6
WM,2020-11-05,Centrarchidae,L. gulosus,59.906666666666666,67.25,77.38461538461539
WM,2020-11-05,Centrarchidae,L. macrochirus,59.906666666666666,67.25,71
WM,2020-11-05,Centrarchidae,L. megalotis,59.906666666666666,67.25,63.526315789473685
WM,2020-11-05,Centrarchidae,L. microlophus,59.906666666666666,67.25,84
WM,2020-11-05,Centrarchidae,M. salmoides,59.906666666666666,67.25,164.5
