site_code,RI_shannon,RI_biomass,RI_d100,RI_length,collection_date,qtr,length_A20_mu,length_A20_sd,d100_A20_mu,d100_A20_sd,biomass_A20_mu,biomass_A20_sd,shannon_A20_mu,shannon_A20_sd,length_mu,d100_mu,biomass_mu,shannon,q_2w_max,depth_mx,canopy_density_mid,conductivity,do_mg_l,nh4_n,no3n,ortho_p,year,month,day,annualrain,flsh,lfpp,hfpp3,RR_length,RR_d100,RR_biomass,RR_shannon,LRR_length,LRR_d100,LRR_biomass,LRR_shannon,y_margin,LCL_d100,UCL_d100,RS_d100,LCL_length,UCL_length,RS_length,LCL_biomass,UCL_biomass,RS_biomass,LCL_shannon,UCL_shannon,RS_shannon
AR,20,20,20,66,2017-09-16,Q3,63.54984398370193,10.523032583000983,8,4.230536124114283,0.12739111949999998,0.11188134068311262,5.348282730543959,1.29446827495348,49.95703846153846,4.928571428571429,0.032818628071428574,4.75863719287109,16.9,0.324375,0.783783783875,913.5,5.25759589575,0.0875,2.3591375,1.43625,2017,9,16,68.5326087,1.05,7.546559343,0.111426768,-0.21389203607879037,-0.3839285714285714,-0.7423789962735309,-0.1102495076233372,-1.5422838955701192,-0.9572987556015322,-0.29789538956778344,-2.205009230666631,1.5231771528932572,3.022005487950606,12.977994512049394,ordinary,51.16758393167058,75.93210403573329,under,-0.004257608600121532,0.2590398476001215,ordinary,3.8251055776507017,6.8714598834372165,ordinary
AR,20,20,20,66,2017-11-01,Q4,63.54984398370193,10.523032583000983,8,4.230536124114283,0.12739111949999998,0.11188134068311262,5.348282730543959,1.29446827495348,66.45523636363636,14.571428571428571,0.4112849477142857,4.85909962569213,3.65,0.2725,0.70945945975,1060.25,7.696032972,0.07,11.73375,2.775,2017,11,1,68.5326087,1.05,7.546559343,0.111426768,0.04571832435465217,0.8214285714285714,2.228521339074077,-0.09146545339836133,-3.0852560908878743,-0.19671029424605427,0.8013382888910838,-2.391793936481667,1.5231771528932572,3.022005487950606,12.977994512049394,over,51.16758393167058,75.93210403573329,ordinary,-0.004257608600121532,0.2590398476001215,over,3.8251055776507017,6.8714598834372165,ordinary
AR,20,20,20,66,2017-12-07,Q4,63.54984398370193,10.523032583000983,8,4.230536124114283,0.12739111949999998,0.11188134068311262,5.348282730543959,1.29446827495348,59.28147142857143,7.5,0.07461726164285715,4.021505162339264,4.07,0.27,0.79054054075,784.7750000000001,8.23275921925,0.105,14.245,2.885,2017,12,7,68.5326087,1.05,7.546559343,0.111426768,-0.06716574404533827,-0.0625,-0.4142663795111938,-0.24807543562113663,-2.700591922655546,-2.772588722239781,-0.8812460832973643,-1.3940224031775825,1.5231771528932572,3.022005487950606,12.977994512049394,ordinary,51.16758393167058,75.93210403573329,ordinary,-0.004257608600121532,0.2590398476001215,ordinary,3.8251055776507017,6.8714598834372165,ordinary
AR,20,20,20,66,2018-02-03,Q1,63.54984398370193,10.523032583000983,8,4.230536124114283,0.12739111949999998,0.11188134068311262,5.348282730543959,1.29446827495348,47.11504938271605,9.071428571428571,0.030592890857142858,3.390740411334612,8.04,0.16,0.71621621625,763.25,8.734759407750001,0.35,9.706,1.2825,2018,2,3,68.5326087,1.05,7.546559343,0.111426768,-0.25861266638515695,0.1339285714285714,-0.7598506789388655,-0.366013245341323,-1.3524238332361687,-2.0104486701928845,-0.2746333400859576,-1.0050857567784266,1.5231771528932572,3.022005487950606,12.977994512049394,ordinary,51.16758393167058,75.93210403573329,under,-0.004257608600121532,0.2590398476001215,ordinary,3.8251055776507017,6.8714598834372165,under
AR,20,20,20,66,2018-04-07,Q2,63.54984398370193,10.523032583000983,8,4.230536124114283,0.12739111949999998,0.11188134068311262,5.348282730543959,1.29446827495348,57.17712280701755,5.142857142857143,0.028837398214285714,1.8573088521104577,16.1,0.18,0.78378378375,1288.25,5.8965869067500005,0.12666666666666668,8.588666666666667,3.38,2018,4,7,68.5326087,1.05,7.546559343,0.111426768,-0.10027910026527748,-0.3571428571428571,-0.7736310166087699,-0.6527279978106999,-2.29979797795729,-1.0296194171811583,-0.25666024178850394,-0.4265947788868075,1.5231771528932572,3.022005487950606,12.977994512049394,ordinary,51.16758393167058,75.93210403573329,ordinary,-0.004257608600121532,0.2590398476001215,ordinary,3.8251055776507017,6.8714598834372165,under
AR,20,20,20,66,2018-05-12,Q2,63.54984398370193,10.523032583000983,8,4.230536124114283,0.12739111949999998,0.11188134068311262,5.348282730543959,1.29446827495348,67.86852688172043,9.571428571428571,0.13084402364285713,3.4744486402319144,3.23,0.1875,0.78378378375,1247,4.496322614,0.0775,4.43225,1.6275,2018,5,12,68.5326087,1.05,7.546559343,0.111426768,0.0679574114946068,0.1964285714285714,0.027104747618276092,-0.3503618235458285,-2.6888740715646744,-1.6274564179367788,-3.6080463775739826,-1.0487888769233404,1.5231771528932572,3.022005487950606,12.977994512049394,ordinary,51.16758393167058,75.93210403573329,ordinary,-0.004257608600121532,0.2590398476001215,ordinary,3.8251055776507017,6.8714598834372165,under
AR,20,20,20,66,2018-06-08,Q2,63.54984398370193,10.523032583000983,8,4.230536124114283,0.12739111949999998,0.11188134068311262,5.348282730543959,1.29446827495348,68.53262,5.071428571428571,0.5724239475,5.7534411142382575,2.42,0.11,0.85810810825,1780.25,6.7056642835,0.0225,3.766,2.665,2018,6,8,68.5326087,1.05,7.546559343,0.111426768,0.07840736820024215,-0.3660714285714286,3.4934368246916936,0.07575485517630651,-2.5458373738958744,-1.0049268045907866,1.250886015174807,-2.580252741909919,1.5231771528932572,3.022005487950606,12.977994512049394,ordinary,51.16758393167058,75.93210403573329,ordinary,-0.004257608600121532,0.2590398476001215,over,3.8251055776507017,6.8714598834372165,ordinary
AR,20,20,20,66,2018-07-01,Q3,63.54984398370193,10.523032583000983,8,4.230536124114283,0.12739111949999998,0.11188134068311262,5.348282730543959,1.29446827495348,47.91328571428571,0.6428571428571429,0.0022123563571428573,4.166436205292808,2080,0.205,0.87162162175,1671.75,4.2489777515,0.18,3.0275,1.405,2018,7,1,68.5326087,1.05,7.546559343,0.111426768,-0.24605187501996684,-0.9196428571428571,-0.9826333549322261,-0.22097682280363456,-1.4022128912156788,-0.08376988306545882,-0.017519214238315213,-1.5096974571557655,1.5231771528932572,3.022005487950606,12.977994512049394,under,51.16758393167058,75.93210403573329,under,-0.004257608600121532,0.2590398476001215,ordinary,3.8251055776507017,6.8714598834372165,ordinary
AR,20,20,20,66,2018-08-01,Q3,63.54984398370193,10.523032583000983,8,4.230536124114283,0.12739111949999998,0.11188134068311262,5.348282730543959,1.29446827495348,107.2028,0.2857142857142857,0.009106213714285714,4,2.1,0.47,0,1814.75,5.183411877,0.205,3.0475,1.55,2018,8,1,68.5326087,1.05,7.546559343,0.111426768,0.6869089407598443,-0.9642857142857143,-0.928517672581677,-0.2520963827966568,-0.37555354174591166,-0.03636764417087483,-0.07416586489536067,-1.3779437931789562,1.5231771528932572,3.022005487950606,12.977994512049394,under,51.16758393167058,75.93210403573329,over,-0.004257608600121532,0.2590398476001215,ordinary,3.8251055776507017,6.8714598834372165,ordinary
AR,20,20,20,66,2018-09-11,Q3,63.54984398370193,10.523032583000983,8,4.230536124114283,0.12739111949999998,0.11188134068311262,5.348282730543959,1.29446827495348,71.87218181818182,7.642857142857143,0.7611159463571429,6.622382527248003,4.45,0.44,0.614864865,1450.05,6.0920552282500005,0.19,6.4925,1.6124999999999998,2018,9,11,68.5326087,1.05,7.546559343,0.111426768,0.13095764383960154,-0.044642857142857095,4.974638964980153,0.2382259616582496,-2.0328813375319186,-3.1090609588609954,1.6043527981240013,-1.4345356369914213,1.5231771528932572,3.022005487950606,12.977994512049394,ordinary,51.16758393167058,75.93210403573329,ordinary,-0.004257608600121532,0.2590398476001215,over,3.8251055776507017,6.8714598834372165,ordinary
EM,44,44,44,68,2017-10-10,Q4,72.28325947657704,9.340188485864955,1.953125,0.9860683187115722,0.12083151575000001,0.1611178052930718,5.383389220661691,1.2221891851772069,56.004000000000005,2.3333333333333335,0.04061414957142857,5.365290907706528,33.5,0.4125,0,366.575,5.62412912975,0.10857142857142855,0.3929857142857142,0.3514285714285714,2017,10,10,95.02463768,0.79,0,0.366003788,-0.2252147951608662,0.19466666666666674,-0.6638778441258727,-0.003361880817701448,-1.4907006870022048,-1.6364665848220192,-0.40965711612015315,-5.695254694445177,1.4381276694031375,0.792836437263837,3.113413562736163,ordinary,61.29283044818124,83.27368850497285,under,-0.0687528600861175,0.3104158915861175,ordinary,3.9452615512585534,6.821516890064828,ordinary
EM,44,44,44,68,2017-11-03,Q4,72.28325947657704,9.340188485864955,1.953125,0.9860683187115722,0.12083151575000001,0.1611178052930718,5.383389220661691,1.2221891851772069,69.49104743083004,7.666666666666667,0.09359438657142857,4.621796733014487,3.55,0.6125,0,437.7,4.5353221535,0.0975,0.604625,0.0675,2017,11,3,95.02463768,0.79,0,0.366003788,-0.038628751193100344,2.9253333333333336,-0.22541411493111582,-0.1414708200410584,-3.253758430211931,1.0734084343048196,-1.4898160576374027,-1.95566180195597,1.4381276694031375,0.792836437263837,3.113413562736163,over,61.29283044818124,83.27368850497285,ordinary,-0.0687528600861175,0.3104158915861175,ordinary,3.9452615512585534,6.821516890064828,ordinary
EM,44,44,44,68,2017-12-02,Q4,72.28325947657704,9.340188485864955,1.953125,0.9860683187115722,0.12083151575000001,0.1611178052930718,5.383389220661691,1.2221891851772069,55.5064708994709,9.476190476190476,0.048811843333333334,3.5798684828256397,0.1,0.56,0.00675675675,588.25,6.57167406175,0.0925,0.3794,0.0375,2017,12,2,95.02463768,0.79,0,0.366003788,-0.23209784255153246,3.851809523809524,-0.5960338407545522,-0.33501585412291146,-1.4605962610851784,1.348543044065675,-0.5174578337391813,-1.093577422536864,1.4381276694031375,0.792836437263837,3.113413562736163,over,61.29283044818124,83.27368850497285,under,-0.0687528600861175,0.3104158915861175,ordinary,3.9452615512585534,6.821516890064828,under
EM,44,44,44,68,2018-02-09,Q1,72.28325947657704,9.340188485864955,1.953125,0.9860683187115722,0.12083151575000001,0.1611178052930718,5.383389220661691,1.2221891851772069,66.7748624535316,7.571428571428571,0.10137231514285715,4.760168904648248,3.31,0.4825,0.02027027025,534.75,8.99510953975,0.2075,0.7202500000000001,0.16,2018,2,9,95.02463768,0.79,0,0.366003788,-0.07620570880357726,2.8765714285714283,-0.1610440826332418,-0.11576727791137507,-2.5743189004136844,1.0565991087777014,-1.8260771463000554,-2.1561733279425903,1.4381276694031375,0.792836437263837,3.113413562736163,over,61.29283044818124,83.27368850497285,ordinary,-0.0687528600861175,0.3104158915861175,ordinary,3.9452615512585534,6.821516890064828,ordinary
EM,44,44,44,68,2018-03-09,Q1,72.28325947657704,9.340188485864955,1.953125,0.9860683187115722,0.12083151575000001,0.1611178052930718,5.383389220661691,1.2221891851772069,58.758695431472084,7.285714285714286,0.1423791259047619,3.223758836602721,27.7,0.27375,0.10472972975,506,6.059182765,0.2675,0.34875,0.365,2018,3,9,95.02463768,0.79,0,0.366003788,-0.1871050661389656,2.7302857142857144,0.17832773197469295,-0.40116556606574366,-1.676084968896222,1.0044062609681952,-1.7241322307352316,-0.9133810539313147,1.4381276694031375,0.792836437263837,3.113413562736163,over,61.29283044818124,83.27368850497285,under,-0.0687528600861175,0.3104158915861175,ordinary,3.9452615512585534,6.821516890064828,under
EM,44,44,44,68,2018-03-31,Q1,72.28325947657704,9.340188485864955,1.953125,0.9860683187115722,0.12083151575000001,0.1611178052930718,5.383389220661691,1.2221891851772069,43.49488622754491,5.238095238095238,0.008643643857142858,3.901094060568136,400,1.04,0,132.4,5.950931242999999,0.3375,1.07175,2.775,2018,3,31,95.02463768,0.79,0,0.366003788,-0.39827165318078706,1.681904761904762,-0.9284653196354291,-0.27534608762904217,-0.9206209608456948,0.5199269380123364,-0.07422224984501409,-1.2897264720942494,1.4381276694031375,0.792836437263837,3.113413562736163,over,61.29283044818124,83.27368850497285,under,-0.0687528600861175,0.3104158915861175,ordinary,3.9452615512585534,6.821516890064828,under
EM,44,44,44,68,2018-05-04,Q2,72.28325947657704,9.340188485864955,1.953125,0.9860683187115722,0.12083151575000001,0.1611178052930718,5.383389220661691,1.2221891851772069,81.8418371040724,4.809523809523809,0.19971438157142857,5.211720029134734,17,0.46,0.25675675675,1463.25,6.70499734075,0.14500000000000002,2.061,0.045,2018,5,4,95.02463768,0.79,0,0.366003788,0.13223777810673787,1.4624761904761903,0.6528335371099452,-0.03188868285207439,-2.0231536275861894,0.3801310199750734,-0.42643310240254806,-3.4455041016643833,1.4381276694031375,0.792836437263837,3.113413562736163,over,61.29283044818124,83.27368850497285,ordinary,-0.0687528600861175,0.3104158915861175,ordinary,3.9452615512585534,6.821516890064828,ordinary
EM,44,44,44,68,2018-06-04,Q2,72.28325947657704,9.340188485864955,1.953125,0.9860683187115722,0.12083151575000001,0.1611178052930718,5.383389220661691,1.2221891851772069,63.39440476190476,1.5714285714285714,0.0699644969047619,4.609086695816717,16.2,0.695,0,1249.75,4.795620834,0.03,1.93225,0.05,2018,6,4,95.02463768,0.79,0,0.366003788,-0.12297252197865627,-0.19542857142857145,-0.4209747641540953,-0.1438317931523818,-2.0957943471144023,-1.6325603298549545,-0.8651823897232387,-1.9391107652787767,1.4381276694031375,0.792836437263837,3.113413562736163,ordinary,61.29283044818124,83.27368850497285,ordinary,-0.0687528600861175,0.3104158915861175,ordinary,3.9452615512585534,6.821516890064828,ordinary
EM,44,44,44,68,2018-07-05,Q3,72.28325947657704,9.340188485864955,1.953125,0.9860683187115722,0.12083151575000001,0.1611178052930718,5.383389220661691,1.2221891851772069,134.05544444444445,0.2857142857142857,0.04167474395238095,6,235,0.605,0.0135135135,657,3.30956621225,0.09,0.19,0.1075,2018,7,5,95.02463768,0.79,0,0.366003788,0.8545849400701736,-0.8537142857142858,-0.6551003792867595,0.11453951294692367,-0.1571393781248014,-0.15815870122479708,-0.42296680426911226,-2.1668354242786214,1.4381276694031375,0.792836437263837,3.113413562736163,under,61.29283044818124,83.27368850497285,over,-0.0687528600861175,0.3104158915861175,ordinary,3.9452615512585534,6.821516890064828,ordinary
EM,44,44,44,68,2018-09-01,Q3,72.28325947657704,9.340188485864955,1.953125,0.9860683187115722,0.12083151575000001,0.1611178052930718,5.383389220661691,1.2221891851772069,106.3897,0.6190476190476191,0.077191814,6.292111764414631,0.1,0.538,0.02027027025,952.75,3.1004684840000003,0.1475,0.05,0.14250000000000002,2018,9,1,95.02463768,0.79,0,0.366003788,0.4718442523261551,-0.683047619047619,-0.3611615850312629,0.16880119688638198,-0.7511063217352079,-0.3811907014205913,-1.0184298168293113,-1.7790336062862833,1.4381276694031375,0.792836437263837,3.113413562736163,under,61.29283044818124,83.27368850497285,over,-0.0687528600861175,0.3104158915861175,ordinary,3.9452615512585534,6.821516890064828,ordinary
GC,37,37,69,98,2017-10-03,Q4,71.85793467135696,14.867885991798696,3.609375,1.1763456390449194,0.10945049675,0.10224825860498961,6.731103682439864,2.2437657337635066,54.27945454545455,0.5,0.0019022568333333333,4.166436205292808,104,0.24,0.45270270275,394.9875,3.92377078825,0.08125,0.08574,0.07375,2017,10,3,84.25101449,0.81,4.723800505,0.283775253,-0.2446282405178743,-0.8614718614718615,-0.9826199342184956,-0.38101737815118986,-1.4080156064742315,-0.14911288579730111,-0.017532872237317032,-0.964910292950249,2.6401981170501614,2.2251905931915505,4.9935594068084495,under,54.3631650484063,89.35270429430761,under,-0.010863159786571777,0.2297641532865718,ordinary,4.090905565389702,9.371301799490025,ordinary
GC,37,37,69,98,2017-11-04,Q4,71.85793467135696,14.867885991798696,3.609375,1.1763456390449194,0.10945049675,0.10224825860498961,6.731103682439864,2.2437657337635066,48.95894957983193,3.1666666666666665,0.012737732944444444,4.8717098499547635,2.05,0.34,0.5675675675,549.25,5.6664107365,0.0625,0.108315,0.0575,2017,11,4,84.25101449,0.81,4.723800505,0.283775253,-0.31867023727099564,-0.1226551226551227,-0.8836210586276353,-0.2762390716601047,-1.143598449836319,-2.0983787426995866,-0.12372697495915293,-1.2864885865341071,2.6401981170501614,2.2251905931915505,4.9935594068084495,ordinary,54.3631650484063,89.35270429430761,under,-0.010863159786571777,0.2297641532865718,ordinary,4.090905565389702,9.371301799490025,ordinary
GC,37,37,69,98,2017-12-03,Q4,71.85793467135696,14.867885991798696,3.609375,1.1763456390449194,0.10945049675,0.10224825860498961,6.731103682439864,2.2437657337635066,54.46543065693431,3.111111111111111,0.04038671261111111,6.745649985384081,1.73,0.30125,0.7972972975,535,6.6918836605,0.06,0.2564,0.0625,2017,12,3,84.25101449,0.81,4.723800505,0.283775253,-0.242040132296697,-0.13804713804713803,-0.6310047573072243,0.0021610576259827796,-1.4186517306379451,-1.9801600720983918,-0.4604418771552013,-6.13715753546273,2.6401981170501614,2.2251905931915505,4.9935594068084495,ordinary,54.3631650484063,89.35270429430761,ordinary,-0.010863159786571777,0.2297641532865718,ordinary,4.090905565389702,9.371301799490025,ordinary
GC,37,37,69,98,2018-02-11,Q1,71.85793467135696,14.867885991798696,3.609375,1.1763456390449194,0.10945049675,0.10224825860498961,6.731103682439864,2.2437657337635066,63.30794936708861,2.6666666666666665,0.035434720055555556,5.184548957063665,0.3,0.5475,0.8108108110000001,485.9,7.21361001725,0.2125,0.1555,0.2525,2018,2,11,84.25101449,0.81,4.723800505,0.283775253,-0.1189845678611805,-0.26118326118326124,-0.6762488877826354,-0.22976242802660404,-2.128761476118844,-1.3425329679240772,-0.3911940935065168,-1.470709425513578,2.6401981170501614,2.2251905931915505,4.9935594068084495,ordinary,54.3631650484063,89.35270429430761,ordinary,-0.010863159786571777,0.2297641532865718,ordinary,4.090905565389702,9.371301799490025,ordinary
GC,37,37,69,98,2018-03-30,Q1,71.85793467135696,14.867885991798696,3.609375,1.1763456390449194,0.10945049675,0.10224825860498961,6.731103682439864,2.2437657337635066,53.273833333333336,2.5555555555555554,0.008944560166666667,3.6195544291406905,12.6,0.385,0.78378378375,285.425,3.04402945425,0.1175,0.065,1.9575,2018,3,30,84.25101449,0.81,4.723800505,0.283775253,-0.2586228149058028,-0.29196729196729204,-0.9182775735856432,-0.46226434773491876,-1.352384591842203,-1.2311134967985145,-0.08525556632520702,-0.771618370289258,2.6401981170501614,2.2251905931915505,4.9935594068084495,ordinary,54.3631650484063,89.35270429430761,under,-0.010863159786571777,0.2297641532865718,ordinary,4.090905565389702,9.371301799490025,under
GC,37,37,69,98,2018-05-04,Q2,71.85793467135696,14.867885991798696,3.609375,1.1763456390449194,0.10945049675,0.10224825860498961,6.731103682439864,2.2437657337635066,79.37197647058824,2.111111111111111,0.09553156283333333,5.803353150879149,0.79,0.225,0.91216216225,638.5,5.440295614,0.0875,0.58575,0.075,2018,5,4,84.25101449,0.81,4.723800505,0.283775253,0.10456801790361539,-0.4151034151034151,-0.12717104380493977,-0.13783037304581047,-2.2579175302838506,-0.8792275967745851,-2.062222297033652,-1.9817315307147678,2.6401981170501614,2.2251905931915505,4.9935594068084495,under,54.3631650484063,89.35270429430761,ordinary,-0.010863159786571777,0.2297641532865718,ordinary,4.090905565389702,9.371301799490025,ordinary
GC,37,37,69,98,2018-06-06,Q2,71.85793467135696,14.867885991798696,3.609375,1.1763456390449194,0.10945049675,0.10224825860498961,6.731103682439864,2.2437657337635066,47.69598648648649,1.4444444444444444,0.01745547888888889,5.895197589772761,0.02,0.1125,0.70270270275,325.25,0.5411040785,0.005,0.03925,0.945,2018,6,6,84.25101449,0.81,4.723800505,0.283775253,-0.3362460707418798,-0.5998075998075998,-0.8405171341637708,-0.12418559156172543,-1.0899120336603725,-0.5111463421779765,-0.17373794066157214,-2.0859781261824404,2.6401981170501614,2.2251905931915505,4.9935594068084495,under,54.3631650484063,89.35270429430761,under,-0.010863159786571777,0.2297641532865718,ordinary,4.090905565389702,9.371301799490025,ordinary
GC,37,37,69,98,2018-07-05,Q3,71.85793467135696,14.867885991798696,3.609375,1.1763456390449194,0.10945049675,0.10224825860498961,6.731103682439864,2.2437657337635066,63.74666666666667,0.16666666666666666,0.0015026304444444444,2.9999999999999996,901,0.39,0.8986486487500001,485.9,4.08038247225,0.1025,0.1875,0.1275,2018,7,5,84.25101449,0.81,4.723800505,0.283775253,-0.11287922540199993,-0.9538239538239539,-0.9862711409352791,-0.5543078607113995,-2.181436833597906,-0.047276159338216855,-0.013823971375972199,-0.5900350413266066,2.6401981170501614,2.2251905931915505,4.9935594068084495,under,54.3631650484063,89.35270429430761,ordinary,-0.010863159786571777,0.2297641532865718,ordinary,4.090905565389702,9.371301799490025,under
GC,37,37,69,98,2018-07-27,Q3,71.85793467135696,14.867885991798696,3.609375,1.1763456390449194,0.10945049675,0.10224825860498961,6.731103682439864,2.2437657337635066,51.60984210526316,2.0555555555555554,0.011162072055555555,7.956756186746701,1.63,0.09333333333333334,0,437.3333333333333,4.578986249333333,0.14,0.0725,0.0425,2018,7,27,84.25101449,0.81,4.723800505,0.283775253,-0.28177949531528657,-0.43049543049543054,-0.8980171640421947,0.18208789555631502,-1.266630445417995,-0.8428185695831575,-0.10756609722986711,-1.7032657658674795,2.6401981170501614,2.2251905931915505,4.9935594068084495,under,54.3631650484063,89.35270429430761,under,-0.010863159786571777,0.2297641532865718,ordinary,4.090905565389702,9.371301799490025,ordinary
GC,37,37,69,98,2018-11-15,Q4,71.85793467135696,14.867885991798696,3.609375,1.1763456390449194,0.10945049675,0.10224825860498961,6.731103682439864,2.2437657337635066,42.41446666666667,1.6111111111111112,0.004076249888888888,5.138009466578085,88.94846153846154,0.2776217948717949,0.6673596674038461,438.7823717948718,4.5756081189814815,0.13,0,0.0075,2018,11,15,84.25101449,0.81,4.723800505,0.283775253,-0.4097455366529849,-0.5536315536315536,-0.9627571366971536,-0.23667652305191061,-0.8922189542717418,-0.5912558791361303,-0.037954093489713264,-1.4410609517838715,2.6401981170501614,2.2251905931915505,4.9935594068084495,under,54.3631650484063,89.35270429430761,under,-0.010863159786571777,0.2297641532865718,ordinary,4.090905565389702,9.371301799490025,ordinary
MR,100,30,217,190,2017-09-26,Q3,94.91331262697297,42.01044709592368,2.015625,0.6216053644931538,0.1852203549375,0.1995177146177906,7.086976768429824,1.771277063843893,36.04892857142857,0.1875,1.01416375e-4,1,47.1,0.5125,0.62162162175,1577.5,5.1159588312499995,0.145,0.07887,0.055,2017,9,26,72.85028986,0.58,3.456439394,0.204387626,-0.6201910187972515,-0.9069767441860465,-0.9994524555628121,-0.8588961086404749,-0.4777277535601906,-0.09763846956391606,-5.476943943845177e-4,-0.15210730885187235,2.0842293374766774,1.2841933321625758,2.747056667837424,under,45.48038758936132,144.3462376645846,under,-0.04954849215086696,0.419989202025867,ordinary,5.002747430953146,9.171206105906501,under
MR,100,30,217,190,2017-10-31,Q4,94.91331262697297,42.01044709592368,2.015625,0.6216053644931538,0.1852203549375,0.1995177146177906,7.086976768429824,1.771277063843893,42.69263157894737,7.875,0.010666886375,2.6558144581592265,21,0.3875,0.50675675675,1025.6725,8.23358980675,0.0575,0.0071325,0.05,2017,10,31,72.85028986,0.58,3.456439394,0.204387626,-0.550193430222614,2.9069767441860463,-0.9424097509228974,-0.6252542452248445,-0.5974853712706708,1.0671136216087387,-0.05931511923374118,-0.4695969196035645,2.0842293374766774,1.2841933321625758,2.747056667837424,over,45.48038758936132,144.3462376645846,under,-0.04954849215086696,0.419989202025867,ordinary,5.002747430953146,9.171206105906501,under
MR,100,30,217,190,2017-12-05,Q4,94.91331262697297,42.01044709592368,2.015625,0.6216053644931538,0.1852203549375,0.1995177146177906,7.086976768429824,1.771277063843893,40.424635714285714,3.9375,0.0060686593125,5.102281065256272,5.81,0.46,0.331081081,764.475,6.3171919395,0.0675,0.0095225,0.06,2017,12,5,72.85028986,0.58,3.456439394,0.204387626,-0.5740888754651091,0.9534883720930233,-0.9672354622441589,-0.2800482868823171,-0.5549710593432512,-0.04762804898925459,-0.03331331550241245,-1.2727932375300903,2.0842293374766774,1.2841933321625758,2.747056667837424,over,45.48038758936132,144.3462376645846,under,-0.04954849215086696,0.419989202025867,ordinary,5.002747430953146,9.171206105906501,ordinary
MR,100,30,217,190,2018-02-05,Q1,94.91331262697297,42.01044709592368,2.015625,0.6216053644931538,0.1852203549375,0.1995177146177906,7.086976768429824,1.771277063843893,44.78274712643678,7.5625,0.058850927124999994,5.069151200505786,5.96,0.4525,0.554054054,1697.5,7.79987352425,0.25,0.0305,0.15,2018,2,5,72.85028986,0.58,3.456439394,0.204387626,-0.5281721195166653,2.751937984496124,-0.6822653366318274,-0.28472303971882545,-0.6383330644640155,1.0123053851137436,-0.38233664015667906,-1.2562383616682327,2.0842293374766774,1.2841933321625758,2.747056667837424,over,45.48038758936132,144.3462376645846,under,-0.04954849215086696,0.419989202025867,ordinary,5.002747430953146,9.171206105906501,ordinary
MR,100,30,217,190,2018-03-05,Q1,94.91331262697297,42.01044709592368,2.015625,0.6216053644931538,0.1852203549375,0.1995177146177906,7.086976768429824,1.771277063843893,49.25351515151515,0.75,0.0018157450625,4.662978688338382,10.4,0.5275,0.422297297,1728.75,7.859172350750001,0.2475,0.02625,0.1,2018,3,5,72.85028986,0.58,3.456439394,0.204387626,-0.48106842140163564,-0.627906976744186,-0.9901968384462242,-0.3420355617489202,-0.7317457707564482,-0.4653632496892333,-0.009851528903555024,-1.0728405656032676,2.0842293374766774,1.2841933321625758,2.747056667837424,under,45.48038758936132,144.3462376645846,ordinary,-0.04954849215086696,0.419989202025867,ordinary,5.002747430953146,9.171206105906501,under
MR,100,30,217,190,2018-04-01,Q2,94.91331262697297,42.01044709592368,2.015625,0.6216053644931538,0.1852203549375,0.1995177146177906,7.086976768429824,1.771277063843893,77.05910204081633,1.875,0.1809790383125,5.1833491118601,17.7,0.465,0.63513513525,761.1500000000001,5.61805147525,0.2475,0.06125,1.285,2018,4,1,72.85028986,0.58,3.456439394,0.204387626,-0.18811070957271314,-0.06976744186046512,-0.022898760918750878,-0.2686092700416017,-1.670724608768469,-2.662587827025453,-3.7766724782373426,-1.31449748304773,2.0842293374766774,1.2841933321625758,2.747056667837424,ordinary,45.48038758936132,144.3462376645846,ordinary,-0.04954849215086696,0.419989202025867,ordinary,5.002747430953146,9.171206105906501,ordinary
MR,100,30,217,190,2018-06-06,Q2,94.91331262697297,42.01044709592368,2.015625,0.6216053644931538,0.1852203549375,0.1995177146177906,7.086976768429824,1.771277063843893,46.657,0.3125,0.0010027969375,5.000000000000001,0.87,0.2625,0.756756757,4213.75,3.072220681,0.0425,0.015,0.06,2018,6,6,72.85028986,0.58,3.456439394,0.204387626,-0.5084251227920923,-0.8449612403100775,-0.9945859247606,-0.29448054320237443,-0.6764373254823647,-0.16846452213252847,-0.0054287844599896235,-1.222542345297566,2.0842293374766774,1.2841933321625758,2.747056667837424,under,45.48038758936132,144.3462376645846,ordinary,-0.04954849215086696,0.419989202025867,ordinary,5.002747430953146,9.171206105906501,under
MR,100,30,217,190,2018-07-27,Q3,94.91331262697297,42.01044709592368,2.015625,0.6216053644931538,0.1852203549375,0.1995177146177906,7.086976768429824,1.771277063843893,35.82824,0.4375,6.5188325e-4,2.6004900059896596,47.3,0.5975,0,1809.25,7.13703534375,0.1275,0.07250000000000001,0.0475,2018,7,27,72.85028986,0.58,3.456439394,0.204387626,-0.6225161780959888,-0.7829457364341085,-0.9964804988619097,-0.6330607407133043,-0.47398566207176124,-0.24469188752041274,-0.0035257091525769885,-0.4571889045484732,2.0842293374766774,1.2841933321625758,2.747056667837424,under,45.48038758936132,144.3462376645846,under,-0.04954849215086696,0.419989202025867,ordinary,5.002747430953146,9.171206105906501,under
PL,44,76,98,44,2017-10-10,Q4,60.566246465849545,13.304891028332742,12.285714285714285,5.599137445719154,0.17880348019642858,0.11159582506999803,5.308869156992198,1.2993979577360464,59.649524590163935,3.0714285714285716,0.04247085221428571,4.902656245986705,2120,0.45,0.472972973,1198.75,6.3397747945,0.0875,2.0705,0.115,2017,10,10,82.05065217,0.92,5.127051768,0.254892677,-0.015135854195661711,-0.75,-0.7624718927862679,-0.07651590178493642,-4.19068889966948,-0.2876820724517809,-0.27118963309963623,-2.570256693281131,1.528977820496089,5.697311620121713,18.874116951306856,under,44.91062444079898,76.2218684909001,ordinary,0.047490713098291504,0.31011624729456566,under,3.7798913364961093,6.8378469774882875,ordinary
PL,44,76,98,44,2017-11-11,Q4,60.566246465849545,13.304891028332742,12.285714285714285,5.599137445719154,0.17880348019642858,0.11159582506999803,5.308869156992198,1.2993979577360464,62.3946,19.785714285714285,0.15131778457142855,4.412397665001475,3.12,0.53,0.4932432435,1574.75,7.51632175025,0.08,3.0795,0.0325,2017,11,11,82.05065217,0.92,5.127051768,0.254892677,0.030187664596011812,0.6104651162790699,-0.15372013785640526,-0.16886298484301507,-3.5003218951283324,-0.49353412665592955,-1.8726216164838843,-1.7786676334608194,1.528977820496089,5.697311620121713,18.874116951306856,over,44.91062444079898,76.2218684909001,ordinary,0.047490713098291504,0.31011624729456566,ordinary,3.7798913364961093,6.8378469774882875,ordinary
PL,44,76,98,44,2017-12-03,Q4,60.566246465849545,13.304891028332742,12.285714285714285,5.599137445719154,0.17880348019642858,0.11159582506999803,5.308869156992198,1.2993979577360464,53.05911386861314,6.928571428571429,0.04113463428571428,4.335359704063138,1.29,0.21625,0.42567567575,1723.5,9.35730265,0.0775,3.3845,0.035,2017,12,3,82.05065217,0.92,5.127051768,0.254892677,-0.12394911415666687,-0.4360465116279069,-0.7699450019623505,-0.1833741657857346,-2.0878841673060897,-0.8300063632771427,-0.2614361927082888,-1.6962265917550536,1.528977820496089,5.697311620121713,18.874116951306856,ordinary,44.91062444079898,76.2218684909001,ordinary,0.047490713098291504,0.31011624729456566,under,3.7798913364961093,6.8378469774882875,ordinary
PL,44,76,98,44,2018-02-11,Q1,60.566246465849545,13.304891028332742,12.285714285714285,5.599137445719154,0.17880348019642858,0.11159582506999803,5.308869156992198,1.2993979577360464,61.373353711790394,22,0.19041438407142855,3.4081719101148185,1.36,0.2375,0.6486486487500001,1511.25,8.8437879775,0.165,2.89525,0.07,2018,2,11,82.05065217,0.92,5.127051768,0.254892677,0.013326023867038518,0.7906976744186048,0.06493667719579366,-0.358022997114934,-4.31803647383045,-0.2348395910774008,-2.734342680912591,-1.0271580568933805,1.528977820496089,5.697311620121713,18.874116951306856,over,44.91062444079898,76.2218684909001,ordinary,0.047490713098291504,0.31011624729456566,ordinary,3.7798913364961093,6.8378469774882875,under
PL,44,76,98,44,2018-03-02,Q1,60.566246465849545,13.304891028332742,12.285714285714285,5.599137445719154,0.17880348019642858,0.11159582506999803,5.308869156992198,1.2993979577360464,60.27009090909091,2.4285714285714284,0.010534771285714286,2.9422117406686668,1.68,0.19,0.70270270275,1511.25,8.8437879775,0.12,0.94325,0.0425,2018,3,2,82.05065217,0.92,5.127051768,0.254892677,-0.004889778945202137,-0.8023255813953488,-0.9410818443011228,-0.4457931334032706,-5.32060818199729,-0.22024079165624838,-0.06072516730101964,-0.8079002610129001,1.528977820496089,5.697311620121713,18.874116951306856,under,44.91062444079898,76.2218684909001,ordinary,0.047490713098291504,0.31011624729456566,under,3.7798913364961093,6.8378469774882875,under
PL,44,76,98,44,2018-04-01,Q2,60.566246465849545,13.304891028332742,12.285714285714285,5.599137445719154,0.17880348019642858,0.11159582506999803,5.308869156992198,1.2993979577360464,65.76368913857678,30.428571428571427,0.2310812825,4.236932015684529,676,0.375,0.6486486487500001,319.875,5.9836154555,0.185,1.1075,1.0075,2018,4,1,82.05065217,0.92,5.127051768,0.254892677,0.08581417829248883,1.4767441860465118,0.2923757537948393,-0.20191440203340558,-2.455571037975989,0.38983979020508364,-1.2297154759029583,-1.5999114236991876,1.528977820496089,5.697311620121713,18.874116951306856,over,44.91062444079898,76.2218684909001,ordinary,0.047490713098291504,0.31011624729456566,ordinary,3.7798913364961093,6.8378469774882875,ordinary
PL,44,76,98,44,2018-05-10,Q2,60.566246465849545,13.304891028332742,12.285714285714285,5.599137445719154,0.17880348019642858,0.11159582506999803,5.308869156992198,1.2993979577360464,57.3700206185567,4.214285714285714,0.020270164285714286,4.0256567031369235,0.53,0.195,0.3648648645,24.6475,5.396397477,0.0525,0.0325,0.02,2018,5,10,82.05065217,0.92,5.127051768,0.254892677,-0.05277239442426146,-0.6569767441860463,-0.8866343973649392,-0.24171107177602658,-2.9417670578685224,-0.42010665810111275,-0.12032256048609451,-1.4200121843945583,1.528977820496089,5.697311620121713,18.874116951306856,under,44.91062444079898,76.2218684909001,ordinary,0.047490713098291504,0.31011624729456566,under,3.7798913364961093,6.8378469774882875,ordinary
PL,44,76,98,44,2018-06-07,Q2,60.566246465849545,13.304891028332742,12.285714285714285,5.599137445719154,0.17880348019642858,0.11159582506999803,5.308869156992198,1.2993979577360464,73.06456250000001,13.071428571428571,0.16600764364285714,4.3348455831538875,0.56,0.24,0.4594594595,3311.75,4.510528528,0.13,0.0335,0.0425,2018,6,7,82.05065217,0.92,5.127051768,0.254892677,0.20635777786225656,0.0639534883720931,-0.07156368846688158,-0.18347100767315866,-1.5781438309217752,-2.749599204015081,-2.6371674779740077,-1.6956986203018078,1.528977820496089,5.697311620121713,18.874116951306856,ordinary,44.91062444079898,76.2218684909001,ordinary,0.047490713098291504,0.31011624729456566,ordinary,3.7798913364961093,6.8378469774882875,ordinary
PL,44,76,98,44,2018-07-27,Q3,60.566246465849545,13.304891028332742,12.285714285714285,5.599137445719154,0.17880348019642858,0.11159582506999803,5.308869156992198,1.2993979577360464,43.723,1.9285714285714286,0.0058202150714285715,5.172276485542817,7.04,0.375,0,1950.75,7.55470242675,0.13,0.1,0.0225,2018,7,27,82.05065217,0.92,5.127051768,0.254892677,-0.2780962573823468,-0.8430232558139534,-0.9674490951460528,-0.02572914634173615,-1.2797879756452641,-0.1707607343928787,-0.033092470298530345,-3.660130830785076,1.528977820496089,5.697311620121713,18.874116951306856,under,44.91062444079898,76.2218684909001,under,0.047490713098291504,0.31011624729456566,under,3.7798913364961093,6.8378469774882875,ordinary
PL,44,76,98,44,2018-09-25,Q3,60.566246465849545,13.304891028332742,12.285714285714285,5.599137445719154,0.17880348019642858,0.11159582506999803,5.308869156992198,1.2993979577360464,49.0110303030303,1.1428571428571428,0.007773128142857143,5.106083043687101,2940,0.35,0.58783783775,1183.5,2.21148274775,0.1825,1.015,0.0975,2018,9,25,82.05065217,0.92,5.127051768,0.254892677,-0.19078640062885,-0.9069767441860466,-0.956526975121973,-0.038197609944485476,-1.6566007980383084,-0.09763846956391593,-0.04444628859466244,-3.2649823322252836,1.528977820496089,5.697311620121713,18.874116951306856,under,44.91062444079898,76.2218684909001,ordinary,0.047490713098291504,0.31011624729456566,under,3.7798913364961093,6.8378469774882875,ordinary
SF,23,23,159,23,2017-09-19,Q3,61.533039421108455,28.819044264637387,22.204545454545453,13.936173870498328,0.6080980580454546,1.0468102845797995,3.6147575039821747,1.9191772916938816,48.30166666666667,2.230769230769231,0.11712649507692309,3.910118252582494,1.01,0.195,0.672297297375,1307.375,5.70237798875,0.14125,17.16,5.8075,2017,9,19,56.67231884,0.91,21.14188763,0.177556818,-0.21502875331561894,-0.8995354696480592,-0.8073888026326044,0.08170969927441518,-1.536983523444667,-0.10587679374191404,-0.21394993908576537,-2.5045825659935277,2.2582608315871884,5.806104450609762,38.60298645848114,under,27.62219692194202,95.44388192027489,ordinary,-0.6236644654068416,1.8398605814977507,ordinary,1.3564966723949863,5.873018335569363,ordinary
SF,23,23,159,23,2017-11-05,Q4,61.533039421108455,28.819044264637387,22.204545454545453,13.936173870498328,0.6080980580454546,1.0468102845797995,3.6147575039821747,1.9191772916938816,39.57891304347826,50.84615384615385,0.203637689,3.4247819427566264,1.31,0.16999999999999998,0.560810811,1329.5,4.44630589825,0.125,14.72,3.31,2017,11,5,56.67231884,0.91,21.14188763,0.177556818,-0.3567859898384768,1.289898433194237,-0.6651235992192918,-0.0525555479216138,-1.0306191451949849,0.2545634813159441,-0.4077823921091042,-2.9458846130811396,2.2582608315871884,5.806104450609762,38.60298645848114,over,27.62219692194202,95.44388192027489,ordinary,-0.6236644654068416,1.8398605814977507,ordinary,1.3564966723949863,5.873018335569363,ordinary
SF,23,23,159,23,2017-12-11,Q4,61.533039421108455,28.819044264637387,22.204545454545453,13.936173870498328,0.6080980580454546,1.0468102845797995,3.6147575039821747,1.9191772916938816,47.61516853932584,4.769230769230769,0.05826518007692308,2.541291524964522,0.97,0.59,0.777027027,1052.75,7.5032519095,0.1225,17.295,1.3925,2017,12,11,56.67231884,0.91,21.14188763,0.177556818,-0.22618533088434095,-0.7852137626958506,-0.9041845647983178,-0.2969676327762169,-1.4864005676048349,-0.24179928910245163,-0.10072177482880713,-1.2141321266697074,2.2582608315871884,5.806104450609762,38.60298645848114,under,27.62219692194202,95.44388192027489,ordinary,-0.6236644654068416,1.8398605814977507,ordinary,1.3564966723949863,5.873018335569363,ordinary
SF,23,23,159,23,2018-02-02,Q1,61.533039421108455,28.819044264637387,22.204545454545453,13.936173870498328,0.6080980580454546,1.0468102845797995,3.6147575039821747,1.9191772916938816,41.269262295081965,22.846153846153847,0.06627829476923076,2.130289760273348,0.78,0.1825,0.62162162175,1145.5,8.224891027249999,0.5075,17.37775,0.755,2018,2,2,56.67231884,0.91,21.14188763,0.177556818,-0.32931539408201493,0.028895362569876473,-0.8910072250809975,-0.4106686941166792,-1.110739342796886,-3.544074161449746,-0.11540274258685668,-0.8899684865965353,2.2582608315871884,5.806104450609762,38.60298645848114,ordinary,27.62219692194202,95.44388192027489,ordinary,-0.6236644654068416,1.8398605814977507,ordinary,1.3564966723949863,5.873018335569363,ordinary
SF,23,23,159,23,2018-04-07,Q2,61.533039421108455,28.819044264637387,22.204545454545453,13.936173870498328,0.6080980580454546,1.0468102845797995,3.6147575039821747,1.9191772916938816,42.271655172413794,11.846153846153847,0.02228083746153846,4.020307715546555,0.92,0.105,0.93918918925,1216.25,4.7393959809999995,0.235,9.795,1.2425000000000002,2018,4,7,56.67231884,0.91,21.14188763,0.177556818,-0.31302507449497424,-0.4664987008896937,-0.963359795074575,0.1121929233475852,-1.1614719814430496,-0.7625000435009877,-0.037328317985488184,-2.1875353596510516,2.2582608315871884,5.806104450609762,38.60298645848114,ordinary,27.62219692194202,95.44388192027489,ordinary,-0.6236644654068416,1.8398605814977507,ordinary,1.3564966723949863,5.873018335569363,ordinary
SF,23,23,159,23,2018-05-12,Q2,61.533039421108455,28.819044264637387,22.204545454545453,13.936173870498328,0.6080980580454546,1.0468102845797995,3.6147575039821747,1.9191772916938816,37.0175572519084,8.23076923076923,0.013953101538461538,3.674288112973942,0.35,0.1325,0.79729729725,1417,5.37713200075,0.0525,8.692,1.9275,2018,5,12,56.67231884,0.91,21.14188763,0.177556818,-0.3984116890671615,-0.6293205259428392,-0.9770545204776521,0.016468769737993712,-0.9202694136740882,-0.4631145718783004,-0.02321282452740023,-4.106289434729267,2.2582608315871884,5.806104450609762,38.60298645848114,ordinary,27.62219692194202,95.44388192027489,ordinary,-0.6236644654068416,1.8398605814977507,ordinary,1.3564966723949863,5.873018335569363,ordinary
SF,23,23,159,23,2018-06-01,Q2,61.533039421108455,28.819044264637387,22.204545454545453,13.936173870498328,0.6080980580454546,1.0468102845797995,3.6147575039821747,1.9191772916938816,50.99892307692308,13.846153846153847,0.08463947361538461,2.490707028923247,0.48,0.5875,1,1418.25,4.2884401055,0.0175,16.098,2.2075,2018,6,1,56.67231884,0.91,21.14188763,0.177556818,-0.17119447443663455,-0.37642705298795365,-0.8608127875174733,-0.3109615164559793,-1.7649550912823078,-0.9770310008782163,-0.14987823429755803,-1.1680861157585911,2.2582608315871884,5.806104450609762,38.60298645848114,ordinary,27.62219692194202,95.44388192027489,ordinary,-0.6236644654068416,1.8398605814977507,ordinary,1.3564966723949863,5.873018335569363,ordinary
SF,23,23,159,23,2018-07-01,Q3,61.533039421108455,28.819044264637387,22.204545454545453,13.936173870498328,0.6080980580454546,1.0468102845797995,3.6147575039821747,1.9191772916938816,45.0916404494382,6.3076923076923075,0.023021488,4.913543959342188,2940,0.2075,0.7364864865,735.25,4.336761594,0.2125,11.4725,2.3325,2018,7,1,56.67231884,0.91,21.14188763,0.177556818,-0.26719627579505123,-0.7159278796945123,-0.9621418162820721,0.35930112986257395,-1.3197717753095521,-0.33417584377840653,-0.0385934210087895,-1.0235944402459163,2.2582608315871884,5.806104450609762,38.60298645848114,ordinary,27.62219692194202,95.44388192027489,ordinary,-0.6236644654068416,1.8398605814977507,ordinary,1.3564966723949863,5.873018335569363,ordinary
SF,23,23,159,23,2018-09-18,Q3,61.533039421108455,28.819044264637387,22.204545454545453,13.936173870498328,0.6080980580454546,1.0468102845797995,3.6147575039821747,1.9191772916938816,30.737037037037037,6.076923076923077,0.004093152076923077,2.919100230208694,602,0.35250000000000004,0.8175675677500001,387.8,4.3033530375,0.1825,1.19,0.4575,2018,9,18,56.67231884,0.91,21.14188763,0.177556818,-0.5004791356610133,-0.726320762144713,-0.9932689275639537,-0.19244922322095304,-0.6921893680867709,-0.3197635405955916,-0.006753828275737494,-1.6479229355247365,2.2582608315871884,5.806104450609762,38.60298645848114,ordinary,27.62219692194202,95.44388192027489,ordinary,-0.6236644654068416,1.8398605814977507,ordinary,1.3564966723949863,5.873018335569363,ordinary
TR,70,29,29,29,2017-09-25,Q3,57.923865574723784,20.059613259251336,18.3,19.309755738140932,0.10468685922500001,0.04646401130300611,3.7501347857465177,1.6074936525927872,52.031136363636364,17,0.08772945876923076,1.3252460775824588,0.26,0.355,0.8513513515,4199.75,0.30363716550000003,0.0425,0.024655,0.1725,2017,9,25,54.17231884,0.78,24.13880814,0.243785511375,-0.10173231970310401,-0.07103825136612026,-0.1619821301479995,-0.6466137476926314,-2.2854102318894767,-2.6445367953798837,-1.820269257562496,-0.43600615240641666,1.8915083918439464,-4.421436544547792,41.0214365445478,ordinary,34.32008539442981,81.52764575501776,ordinary,0.05001350660764338,0.15936021184235666,ordinary,1.8586263939025713,5.641643177590464,under
TR,70,29,29,29,2017-11-05,Q4,57.923865574723784,20.059613259251336,18.3,19.309755738140932,0.10468685922500001,0.04646401130300611,3.7501347857465177,1.6074936525927872,38.91307262569833,7.923076923076923,0.017598512692307694,3.916267782394103,2.1,0.3625,0.7702702705,3937,1.416872871,0.305,0.0407375,0.1025,2017,11,5,54.17231884,0.78,24.13880814,0.243785511375,-0.32820311214383435,-0.5670449768810425,-0.8318937751825777,0.04430054015098925,-1.1141226179096961,-0.5673166540952017,-0.1840505203713568,-3.1167584089807936,1.8915083918439464,-4.421436544547792,41.0214365445478,ordinary,34.32008539442981,81.52764575501776,ordinary,0.05001350660764338,0.15936021184235666,under,1.8586263939025713,5.641643177590464,ordinary
TR,70,29,29,29,2017-12-11,Q4,57.923865574723784,20.059613259251336,18.3,19.309755738140932,0.10468685922500001,0.04646401130300611,3.7501347857465177,1.6074936525927872,32.1203007518797,12.76923076923077,0.01672127446153846,2.1469623835867977,12.9,0.245,0.7027027029999999,2450.75,9.77802252125,0.1625,2.3295,0.19,2017,12,11,54.17231884,0.78,24.13880814,0.243785511375,-0.44547380543096865,-0.3022278268179907,-0.840273415543015,-0.42749727509876306,-0.8086168319347017,-1.1965741525819111,-0.17402794541261793,-0.8498073646636175,1.8915083918439464,-4.421436544547792,41.0214365445478,ordinary,34.32008539442981,81.52764575501776,under,0.05001350660764338,0.15936021184235666,under,1.8586263939025713,5.641643177590464,ordinary
TR,70,29,29,29,2018-02-02,Q1,57.923865574723784,20.059613259251336,18.3,19.309755738140932,0.10468685922500001,0.04646401130300611,3.7501347857465177,1.6074936525927872,39.60390721649485,69.3076923076923,0.10920877630769231,1.7381298970136116,4.44,0.245,0.5135135135,7184.5,3.997407024,0.4075,0.11,0.1025,2018,2,2,54.17231884,0.78,24.13880814,0.243785511375,-0.31627651532675355,2.787305590584279,0.0431946962223166,-0.5365153530961388,-1.1511383995245832,1.02507539106591,-3.142037563900809,-0.6226601001798607,1.8915083918439464,-4.421436544547792,41.0214365445478,over,34.32008539442981,81.52764575501776,ordinary,0.05001350660764338,0.15936021184235666,ordinary,1.8586263939025713,5.641643177590464,under
TR,70,29,29,29,2018-04-07,Q2,57.923865574723784,20.059613259251336,18.3,19.309755738140932,0.10468685922500001,0.04646401130300611,3.7501347857465177,1.6074936525927872,45.08296932515337,25.46153846153846,0.07061272753846154,2.3831740858111687,3.95,0.25,0.7297297300000001,2727.75,4.36918684725,0.1375,0.04475,0.085,2018,4,7,54.17231884,0.78,24.13880814,0.243785511375,-0.22168576151060246,0.3913408995376207,-0.32548623522369763,-0.36450975179102424,-1.5064943885513211,-0.938176233025891,-1.1224351063269193,-1.0092019740064628,1.8915083918439464,-4.421436544547792,41.0214365445478,ordinary,34.32008539442981,81.52764575501776,ordinary,0.05001350660764338,0.15936021184235666,ordinary,1.8586263939025713,5.641643177590464,ordinary
TR,70,29,29,29,2018-06-01,Q2,57.923865574723784,20.059613259251336,18.3,19.309755738140932,0.10468685922500001,0.04646401130300611,3.7501347857465177,1.6074936525927872,57.00075675675676,17.615384615384617,0.06865277792307692,2.8294064461614195,2.37,0.8125,0.92567567575,3196.25,0.6234115615,0.1325,0.03525,0.0925,2018,6,1,54.17231884,0.78,24.13880814,0.243785511375,-0.01593658863765203,-0.03741067675493901,-0.3442082565919399,-0.24551873257585172,-4.139137641218404,-3.285799140570819,-1.0665084077180251,-1.4043820308872563,1.8915083918439464,-4.421436544547792,41.0214365445478,ordinary,34.32008539442981,81.52764575501776,ordinary,0.05001350660764338,0.15936021184235666,ordinary,1.8586263939025713,5.641643177590464,ordinary
TR,70,29,29,29,2018-07-01,Q3,57.923865574723784,20.059613259251336,18.3,19.309755738140932,0.10468685922500001,0.04646401130300611,3.7501347857465177,1.6074936525927872,51.356676923076925,8.384615384615385,0.03171278523076923,1.9555925197600688,35,0.2525,0.93918918925,2941.5,2.2978297085,0.8125,0.2175,0.13,2018,7,1,54.17231884,0.78,24.13880814,0.243785511375,-0.11337621525232909,-0.5418242959226566,-0.6970700480887483,-0.47852740461679694,-2.177043651730377,-0.6128135073637703,-0.3608693738613717,-0.7370417978026719,1.8915083918439464,-4.421436544547792,41.0214365445478,ordinary,34.32008539442981,81.52764575501776,ordinary,0.05001350660764338,0.15936021184235666,under,1.8586263939025713,5.641643177590464,ordinary
TR,70,29,29,29,2018-08-31,Q3,57.923865574723784,20.059613259251336,18.3,19.309755738140932,0.10468685922500001,0.04646401130300611,3.7501347857465177,1.6074936525927872,48.42857142857143,0.7692307692307693,0.002565981,1.8946457081379977,2.03,0.255,0.84459459475,3451.25,1.6565557789999998,0.4375,0,0.275,2018,8,31,54.17231884,0.78,24.13880814,0.243785511375,-0.16392714905919215,-0.9579655317360235,-0.9754889866885297,-0.4947793035761936,-1.8083331629034916,-0.042943481057273455,-0.02481640889707516,-0.7036434671959425,1.8915083918439464,-4.421436544547792,41.0214365445478,ordinary,34.32008539442981,81.52764575501776,ordinary,0.05001350660764338,0.15936021184235666,under,1.8586263939025713,5.641643177590464,ordinary
WM,34,34,68,97,2017-09-30,Q3,60.354149572200015,2.8072253353330687,2.725,0.7762087348130012,0.031871563025,0.012707747788530501,5.121380106948427,0.6242994978697193,75.19257142857143,1.2173913043478262,0.019594142652173914,4.786085337239045,612,0,0,169.025,4.9464259345,0.14250000000000002,0.37775,0.27,2017,9,30,94.17101449,0.63,10.6573548,0.280776515,0.2458558684290732,-0.5532508974870363,-0.38521550898510054,-0.06546961223488798,-1.4030098154514827,-0.5919436778434619,-0.9539523377058917,-2.7261691793374516,0.7346018053258685,1.8116493728586485,3.6383506271413517,under,57.05093884348895,63.65736030091108,over,0.016918588532894283,0.04682453751710572,ordinary,4.3867783016225586,5.855981912274296,ordinary
WM,34,34,68,97,2017-11-03,Q4,60.354149572200015,2.8072253353330687,2.725,0.7762087348130012,0.031871563025,0.012707747788530501,5.121380106948427,0.6242994978697193,79.07658558558559,1.826086956521739,0.07651752617391305,4.429856466229894,21.6,0.6775,0.84459459475,495.975,5.71860843,0.0675,0.019765,0.15000000000000002,2017,11,3,94.17101449,0.63,10.6573548,0.280776515,0.31020959032797635,-0.3298763462305545,1.4008087119509274,-0.13502681431130437,-1.1705071121219384,-1.109037403134602,0.3370497212383889,-2.002281895738767,0.7346018053258685,1.8116493728586485,3.6383506271413517,ordinary,57.05093884348895,63.65736030091108,over,0.016918588532894283,0.04682453751710572,over,4.3867783016225586,5.855981912274296,ordinary
WM,34,34,68,97,2017-12-02,Q4,60.354149572200015,2.8072253353330687,2.725,0.7762087348130012,0.031871563025,0.012707747788530501,5.121380106948427,0.6242994978697193,60.64551904761905,4.173913043478261,0.04611530543478261,7.413459596550936,1.92,0.39125,0.6621621625,688.825,2.287298805,0.085,0.005,0.25,2017,12,2,94.17101449,0.63,10.6573548,0.280776515,0.004827662679108325,0.5317112086158755,0.4469106958642047,0.44755113694699844,-5.33339284581233,-0.6316547779795848,-0.8053964898670495,-0.8039644752885735,0.7346018053258685,1.8116493728586485,3.6383506271413517,over,57.05093884348895,63.65736030091108,ordinary,0.016918588532894283,0.04682453751710572,ordinary,4.3867783016225586,5.855981912274296,over
WM,34,34,68,97,2018-02-09,Q1,60.354149572200015,2.8072253353330687,2.725,0.7762087348130012,0.031871563025,0.012707747788530501,5.121380106948427,0.6242994978697193,64.08345238095238,1.2608695652173914,0.017897948347826088,6.506119738661026,52.8,0.595,0.608108108,621.5,9.1620590395,0.2575,0.0364,0.09,2018,2,9,94.17101449,0.63,10.6573548,0.280776515,0.06179032983127535,-0.5372955723972876,-0.438435186445454,0.2703840767128092,-2.7840084019840985,-0.6212069217479294,-0.8245432855164906,-1.307911824443704,0.7346018053258685,1.8116493728586485,3.6383506271413517,under,57.05093884348895,63.65736030091108,over,0.016918588532894283,0.04682453751710572,ordinary,4.3867783016225586,5.855981912274296,over
WM,34,34,68,97,2018-03-02,Q1,60.354149572200015,2.8072253353330687,2.725,0.7762087348130012,0.031871563025,0.012707747788530501,5.121380106948427,0.6242994978697193,64.91223529411765,2.260869565217391,0.04216184352173913,6.327897326149425,56,0.30375,0.331081081125,459.4,8.15997342075,0.205,1.408,0.11,2018,3,2,94.17101449,0.63,10.6573548,0.280776515,0.07552232537822312,-0.1703230953330675,0.32286714299726843,0.23558439209853935,-2.5833269660640807,-1.7700580849296683,-1.130514362365455,-1.4456860768586757,0.7346018053258685,1.8116493728586485,3.6383506271413517,ordinary,57.05093884348895,63.65736030091108,over,0.016918588532894283,0.04682453751710572,ordinary,4.3867783016225586,5.855981912274296,over
WM,34,34,68,97,2018-03-31,Q1,60.354149572200015,2.8072253353330687,2.725,0.7762087348130012,0.031871563025,0.012707747788530501,5.121380106948427,0.6242994978697193,37.71781578947368,0.5652173913043478,9.245525652173913e-4,5.685866013025648,96.7,0.845,0.83108108125,462.875,6.3319151965,0.2975,1.557,0.18,2018,3,31,94.17101449,0.63,10.6573548,0.280776515,-0.37505844988582115,-0.792580773833267,-0.9709913014152405,0.11022144310502456,-0.9806733987954358,-0.2324608556064764,-0.029437769108651847,-2.205263817662074,0.7346018053258685,1.8116493728586485,3.6383506271413517,under,57.05093884348895,63.65736030091108,under,0.016918588532894283,0.04682453751710572,under,4.3867783016225586,5.855981912274296,ordinary
WM,34,34,68,97,2018-05-04,Q2,60.354149572200015,2.8072253353330687,2.725,0.7762087348130012,0.031871563025,0.012707747788530501,5.121380106948427,0.6242994978697193,75.75072727272727,0.5652173913043478,0.02039083413043478,5.539172576785735,22.2,0.65,0.92567567575,996,5.57876168425,2.3175,1.4335,0.06,2018,5,4,94.17101449,0.63,10.6573548,0.280776515,0.2551038795121909,-0.792580773833267,-0.36021857119337874,0.08157810221320394,-1.3660844461405581,-0.2324608556064764,-1.0210442895644114,-2.5061944082561274,0.7346018053258685,1.8116493728586485,3.6383506271413517,under,57.05093884348895,63.65736030091108,over,0.016918588532894283,0.04682453751710572,ordinary,4.3867783016225586,5.855981912274296,ordinary
WM,34,34,68,97,2018-06-04,Q2,60.354149572200015,2.8072253353330687,2.725,0.7762087348130012,0.031871563025,0.012707747788530501,5.121380106948427,0.6242994978697193,111.15273076923077,0.391304347826087,0.02332155739130435,6.613805215240195,17.8,0.5650000000000001,0.9324324325,943.5,6.3455165545,0,0.08349999999999999,0.095,2018,6,4,94.17101449,0.63,10.6573548,0.280776515,0.8416750390337586,-0.8564020741922617,-0.2682643969167449,0.29141072857820516,-0.17236127862341935,-0.15501530027951235,-1.3157822291379868,-1.2330215685404868,0.7346018053258685,1.8116493728586485,3.6383506271413517,under,57.05093884348895,63.65736030091108,over,0.016918588532894283,0.04682453751710572,ordinary,4.3867783016225586,5.855981912274296,over
WM,34,34,68,97,2018-09-01,Q3,60.354149572200015,2.8072253353330687,2.725,0.7762087348130012,0.031871563025,0.012707747788530501,5.121380106948427,0.6242994978697193,62.807087719298245,0.782608695652174,0.009014800217391305,10.498761356185051,2.73,0.49,0.9594594595,838.75,4.552887739,0.1575,0.005,0.2175,2018,9,1,94.17101449,0.63,10.6573548,0.280776515,0.04064241091101528,-0.7128041483845233,-0.7171522397467577,1.0499867490680623,-3.202943153873669,-0.33854858299886537,-0.33246713212504936,0.04877754415462122,0.7346018053258685,1.8116493728586485,3.6383506271413517,under,57.05093884348895,63.65736030091108,ordinary,0.016918588532894283,0.04682453751710572,under,4.3867783016225586,5.855981912274296,over
PD,NA,38,38,66,2017-10-04,Q4,74.69736634673343,5.521428048926494,4.066666666666666,3.0051807118892384,0.13431196604444445,0.12354652833302115,7.915214257187938,0.06473081630389466,85.25002272727272,1.1764705882352942,0.02470244305882353,6.337285984685423,0.19,0.6525,0,890.75,5.0075868845,0.0525,0.0136475,0.055,2017,10,4,78.72898551,1.34,0,0.271464646,0.141272134435845,-0.7107039537126325,-0.8160815913404962,-0.1993538293760744,-1.9570672172617873,-0.34149931604019085,-0.2032409396287727,-1.6126739960286378,0.07616756809722974,0.530525465500741,7.602807867832592,ordinary,68.20040290761703,81.19432978584983,over,-0.011062975093375366,0.2796869071822643,ordinary,7.839046689090709,7.991381825285168,under
PD,NA,38,38,66,2017-11-01,Q4,74.69736634673343,5.521428048926494,4.066666666666666,3.0051807118892384,0.13431196604444445,0.12354652833302115,7.915214257187938,0.06473081630389466,72.79658139534884,1.1764705882352942,0.04299882223529412,6.603448667383888,0.1,0.525,0,873.75,6.46288573225,0.1025,0.0153,0.0625,2017,11,1,78.72898551,1.34,0,0.271464646,-0.02544647882980839,-0.7107039537126325,-0.6798585896578597,-0.1657271107491265,-3.6711779019503314,-0.34149931604019085,-0.3858704588234124,-1.797412754480056,0.07616756809722974,0.530525465500741,7.602807867832592,ordinary,68.20040290761703,81.19432978584983,ordinary,-0.011062975093375366,0.2796869071822643,ordinary,7.839046689090709,7.991381825285168,under
PD,NA,38,38,66,2017-12-04,Q4,74.69736634673343,5.521428048926494,4.066666666666666,3.0051807118892384,0.13431196604444445,0.12354652833302115,7.915214257187938,0.06473081630389466,63.29718032786885,5.588235294117647,0.09296995788235295,8.26259388353276,0.02,0.445,0,943.75,5.0189866225,0.0575,0.1169,0.0525,2017,12,4,78.72898551,1.34,0,0.271464646,-0.1526183127521084,0.3741562198649952,-0.3078058447034514,0.043887583463626534,-1.8798151624031694,-0.9830818686062538,-1.178286069117447,-3.1261238357263292,0.07616756809722974,0.530525465500741,7.602807867832592,ordinary,68.20040290761703,81.19432978584983,under,-0.011062975093375366,0.2796869071822643,ordinary,7.839046689090709,7.991381825285168,over
PD,NA,38,38,66,2018-02-03,Q1,74.69736634673343,5.521428048926494,4.066666666666666,3.0051807118892384,0.13431196604444445,0.12354652833302115,7.915214257187938,0.06473081630389466,60.693,1.2352941176470589,0.012977946705882353,5.33564051851863,0.08,0.3825,0,756.4,9.979533322,0.3225,0.016,0.1275,2018,2,3,78.72898551,1.34,0,0.271464646,-0.18748139367762134,-0.6962391513982642,-0.9033746054942872,-0.3259006837783012,-1.6740756722150156,-0.36206206933670115,-0.10161796608113553,-1.1211625950177746,0.07616756809722974,0.530525465500741,7.602807867832592,ordinary,68.20040290761703,81.19432978584983,under,-0.011062975093375366,0.2796869071822643,ordinary,7.839046689090709,7.991381825285168,under
PD,NA,38,38,66,2018-03-05,Q1,74.69736634673343,5.521428048926494,4.066666666666666,3.0051807118892384,0.13431196604444445,0.12354652833302115,7.915214257187938,0.06473081630389466,85.53345454545455,1.1764705882352942,0.0354854995882353,6.427170388974259,0.66,0.5275,0.1283783785,769.5,6.010721354,0.18,0.0255,0.0975,2018,3,5,78.72898551,1.34,0,0.271464646,0.14506653619381568,-0.7107039537126325,-0.7357979290058715,-0.18799792650746774,-1.9305627715081668,-0.34149931604019085,-0.3067997509309834,-1.6713243454286073,0.07616756809722974,0.530525465500741,7.602807867832592,ordinary,68.20040290761703,81.19432978584983,over,-0.011062975093375366,0.2796869071822643,ordinary,7.839046689090709,7.991381825285168,under
PD,NA,38,38,66,2018-03-30,Q1,74.69736634673343,5.521428048926494,4.066666666666666,3.0051807118892384,0.13431196604444445,0.12354652833302115,7.915214257187938,0.06473081630389466,63.443232558139535,3.4705882352941178,0.2652848671764706,6.597184417886837,0.15,0.5549999999999999,0.45270270275,904.75,9.88365754925,0.14250000000000002,0.01925,0.4975,2018,3,30,78.72898551,1.34,0,0.271464646,-0.15066306001143304,-0.14657666345226608,0.9751394830203484,-0.1665185295652833,-1.8927093260817478,-1.9202066873832515,-0.025174758708275846,-1.7926486870733842,0.07616756809722974,0.530525465500741,7.602807867832592,ordinary,68.20040290761703,81.19432978584983,under,-0.011062975093375366,0.2796869071822643,ordinary,7.839046689090709,7.991381825285168,under
PD,NA,38,38,66,2018-05-10,Q2,74.69736634673343,5.521428048926494,4.066666666666666,3.0051807118892384,0.13431196604444445,0.12354652833302115,7.915214257187938,0.06473081630389466,44.0625,4.294117647058823,0.007327105705882353,1.9416635965218092,0.08,0.27,0,1007.25,5.799043246,0.23,0.022465,0.07250000000000001,2018,5,10,78.72898551,1.34,0,0.271464646,-0.41011976519401233,0.055930568948891056,-0.9454471115145632,-0.7546922251967403,-0.8913060517103716,-2.8836441976831075,-0.056097329503090806,-0.2814452615904894,0.07616756809722974,0.530525465500741,7.602807867832592,ordinary,68.20040290761703,81.19432978584983,under,-0.011062975093375366,0.2796869071822643,ordinary,7.839046689090709,7.991381825285168,under
PD,NA,38,38,66,2018-06-08,Q2,74.69736634673343,5.521428048926494,4.066666666666666,3.0051807118892384,0.13431196604444445,0.12354652833302115,7.915214257187938,0.06473081630389466,66.64001351351351,2.2941176470588234,0.033270245058823526,5.762665151785468,0,0.17375000000000002,0.195945946,1149,3.74850824225,0.035,0.01875,0.08750000000000001,2018,6,8,78.72898551,1.34,0,0.271464646,-0.10786662538835651,-0.43587270973963355,-0.7522912809733255,-0.2719508323413614,-2.226859765145002,-0.8304050283972961,-0.2846316883098876,-1.3021339924766986,0.07616756809722974,0.530525465500741,7.602807867832592,ordinary,68.20040290761703,81.19432978584983,under,-0.011062975093375366,0.2796869071822643,ordinary,7.839046689090709,7.991381825285168,under
PD,NA,38,38,66,2018-08-01,Q3,74.69736634673343,5.521428048926494,4.066666666666666,3.0051807118892384,0.13431196604444445,0.12354652833302115,7.915214257187938,0.06473081630389466,77.71147457627119,3.1176470588235294,0.16659952817647058,10.804678223860645,0,0.2175,0,1102.5,2.32932386175,0.2,0.0325,0.0625,2018,8,1,78.72898551,1.34,0,0.271464646,0.040350930386845736,-0.23336547733847632,0.24039229774465537,0.3650518953480932,-3.2101408266176166,-1.4551494820728412,-1.4254831161660713,-1.007715756470255,0.07616756809722974,0.530525465500741,7.602807867832592,ordinary,68.20040290761703,81.19432978584983,ordinary,-0.011062975093375366,0.2796869071822643,ordinary,7.839046689090709,7.991381825285168,over
PD,NA,38,38,66,2018-08-31,Q3,74.69736634673343,5.521428048926494,4.066666666666666,3.0051807118892384,0.13431196604444445,0.12354652833302115,7.915214257187938,0.06473081630389466,62.268576687116564,4.9411764705882355,0.09497040623529411,8.212108863545975,0,0.3025,0.027027027,886.75,6.3556098105,0.46,0.5625,0.0425,2018,8,31,78.72898551,1.34,0,0.271464646,-0.16638859263021913,0.21504339440694323,-0.2929118005474809,0.03750935814383315,-1.7934293068498883,-1.536915436769408,-1.2278837373035425,-3.2831648266361015,0.07616756809722974,0.530525465500741,7.602807867832592,ordinary,68.20040290761703,81.19432978584983,under,-0.011062975093375366,0.2796869071822643,ordinary,7.839046689090709,7.991381825285168,over
