site_code,collection_date,lowest_taxon,RR_biomass_com,RR_biomass_fam,RR_biomass_spe,LRR_biomass_com,LRR_biomass_fam,LRR_biomass_spe
AR,2017-09-16,C. lutrensis,-0.4809715075572076,23.911180404598557,23.911180404598557,-0.7319472464786893,-0.7319472464786893,3.1743461489090463
AR,2017-09-16,G. affinis,-0.4809715075572076,-0.4691579672478111,-0.4691579672478111,-0.7319472464786893,-0.7319472464786893,-0.7568157500865116
AR,2017-09-16,H. cyanoguttatum,-0.4809715075572076,-0.7403836807506716,-0.7403836807506716,-0.7319472464786893,-0.7319472464786893,-0.30058673965121485
AR,2017-09-16,I. punctatus,-0.4809715075572076,-0.45809020796219113,-0.45809020796219113,-0.7319472464786893,-0.7319472464786893,-0.7806891536460099
AR,2017-09-16,L. auritus,-0.7396382330033056,-0.5684321544758623,-0.09511506542931983,-0.3015940866417902,-0.3015940866417902,-2.352667905265304
AR,2017-09-16,L. cyanellus,-0.4809715075572076,-0.02739495547433891,2.102689634293899,-0.7319472464786893,-0.7319472464786893,0.7432173034677779
AR,2017-09-16,L. macrochirus,-0.4809715075572076,-0.02739495547433891,-0.36831526247645585,-0.7319472464786893,-0.7319472464786893,-0.9988160160518248
AR,2017-11-01,C. lutrensis,2.897973937887045,0.5806494387541175,0.5806494387541175,1.0640118507203864,1.0640118507203864,-0.5436080798729136
AR,2017-11-01,G. affinis,2.897973937887045,21.374349916084782,21.374349916084782,1.0640118507203864,1.0640118507203864,3.0621916010777475
AR,2017-11-01,H. cyanoguttatum,2.897973937887045,-0.6812981561695887,-0.6812981561695887,1.0640118507203864,1.0640118507203864,-0.3837552475475995
AR,2017-11-01,L. auritus,2.262803396041221,0.9191406802784508,-0.2504629971520563,0.8166044852994289,0.8166044852994289,-1.3844440853281497
AR,2017-11-01,L. cyanellus,2.897973937887045,1.171735505147559,-0.45072802377816534,1.0640118507203864,1.0640118507203864,-0.7968911728778011
AR,2017-11-01,L. macrochirus,2.897973937887045,1.171735505147559,1.1319694825991713,1.0640118507203864,1.0640118507203864,0.12395902058294095
AR,2017-11-01,L. megalotis,2.897973937887045,1.171735505147559,1.0448400350816966,1.0640118507203864,1.0640118507203864,0.043863797222529345
AR,2017-11-01,L. oculatus,2.262803396041221,2.5613878620593975,2.5613878620593975,0.8166044852994289,0.8166044852994289,0.9405492452070849
AR,2017-11-01,M. salmoides,2.262803396041221,0.9191406802784508,-0.5563076002124856,0.8166044852994289,0.8166044852994289,-0.5864338999189216
PD,2017-11-01,F. notatus,-0.6433610712975881,-0.47223870610608587,0.45205192484172446,-0.44104917067417015,-0.44104917067417015,-0.7939582277794575
PD,2017-11-01,G. affinis,-0.6433610712975881,-0.8032967264180878,-0.47911974623863707,-0.44104917067417015,-0.44104917067417015,-0.7358047206665841
PD,2017-11-01,H. cyanoguttatum,-0.6433610712975881,-0.9917305084914603,-0.9917305084914603,-0.44104917067417015,-0.44104917067417015,-0.008303873431994877
PD,2017-11-01,L. auritus,-0.6433610712975881,-0.8373661506808966,-0.7144195100556635,-0.44104917067417015,-0.44104917067417015,-0.3362849400843755
PD,2017-11-01,L. macrochirus,-0.6433610712975881,-0.8373661506808966,-0.932928749823756,-0.44104917067417015,-0.44104917067417015,-0.06942644779926772
PD,2017-11-01,L. microlophus,-0.6433610712975881,-0.8373661506808966,-0.7331039110979835,-0.44104917067417015,-0.44104917067417015,-0.3104678257538912
PD,2017-11-01,L. oculatus,-0.6433610712975881,0.46291234572355994,0.46291234572355994,-0.44104917067417015,-0.44104917067417015,-0.7702175609104982
PD,2017-11-01,M. salmoides,-0.6433610712975881,-0.8373661506808966,-0.4440976236070196,-0.44104917067417015,-0.44104917067417015,-0.8117108677296524
AR,2017-12-07,C. lutrensis,-0.29280557933124757,0.08801112111148551,0.08801112111148551,-1.228246441983468,-1.228246441983468,-2.4302920962218573
AR,2017-12-07,G. affinis,-0.29280557933124757,27.554146033193128,27.554146033193128,-1.228246441983468,-1.228246441983468,3.3161530154992365
AR,2017-12-07,H. cyanoguttatum,-0.29280557933124757,-0.7395537077759894,-0.7395537077759894,-1.228246441983468,-1.228246441983468,-0.3017083723204475
AR,2017-12-07,L. cyanellus,-0.29280557933124757,0.06915801450514442,-0.0599437553038628,-1.228246441983468,-1.228246441983468,-2.814348568007353
AR,2017-12-07,L. macrochirus,-0.29280557933124757,0.06915801450514442,-0.38480286235121364,-1.228246441983468,-1.228246441983468,-0.9550241216755965
AR,2017-12-07,L. megalotis,-0.29280557933124757,0.06915801450514442,0.7788926476985923,-1.228246441983468,-1.228246441983468,-0.24988205044011957
AR,2018-02-03,C. lutrensis,-0.1566098602652689,25.446452593751953,25.446452593751953,-1.8539975327507356,-1.8539975327507356,3.2365763460023205
AR,2018-02-03,G. affinis,-0.757295408082428,9.63183689836266,9.63183689836266,-0.2780018664190664,-0.2780018664190664,2.2650739551135706
AR,2018-02-03,H. cyanoguttatum,-0.1566098602652689,-0.10996402760045587,-0.10996402760045587,-1.8539975327507356,-1.8539975327507356,-2.207601988487052
AR,2018-02-03,L. macrochirus,-0.1566098602652689,-0.44511396202177744,-0.5088755759982831,-1.8539975327507356,-1.8539975327507356,-0.6755517402543866
AR,2018-02-03,L. megalotis,-0.1566098602652689,-0.44511396202177744,1.8931004382999508,-1.8539975327507356,-1.8539975327507356,0.6382159285586864
PD,2018-02-03,A. melas,22062.509400000003,1028.6674,1028.6674,10.001635039737884,10.001635039737884,6.936019457151696
PD,2018-02-03,F. notatus,-0.720920384813254,4.21768599332571,4.21768599332571,-0.3272265710768755,-0.3272265710768755,1.4392866348392057
PD,2018-02-03,G. affinis,-0.720920384813254,0.2277863921485873,3.1038718592256282,-0.3272265710768755,-0.3272265710768755,1.1326503190028576
PD,2018-02-03,L. gulosus,-0.8923554823916943,-0.8746041103703616,-0.9279665781896339,-0.11389070293062754,-0.11389070293062754,-0.07475956172634793
PD,2018-02-03,L. macrochirus,-0.720920384813254,-0.4946724522684879,-0.047043649875939585,-0.3272265710768755,-0.3272265710768755,-3.0566793875017075
PD,2018-02-03,L. megalotis,-0.720920384813254,-0.4946724522684879,2.1399974914769238,-0.3272265710768755,-0.3272265710768755,0.7608046568260282
PD,2018-02-03,P. latipinna,-0.720920384813254,0.2277863921485873,-0.22130008495625492,-0.3272265710768755,-0.3272265710768755,-1.5082356480288899
AR,2018-04-07,C. lutrensis,-0.8924554486629623,-0.2017320730544529,-0.2017320730544529,-0.11377868403872897,-0.11377868403872897,-1.6008148330071155
AR,2018-04-07,G. affinis,-0.8924554486629623,4.277559463806435,4.277559463806435,-0.11377868403872897,-0.11377868403872897,1.4533826282203588
AR,2018-04-07,H. cyanoguttatum,-0.8924554486629623,-0.7514647130900103,-0.7514647130900103,-0.11377868403872897,-0.11377868403872897,-0.2857310261942568
AR,2018-04-07,L. macrochirus,-0.8924554486629623,-0.9762698899885719,-0.8947975700766833,-0.11377868403872897,-0.11377868403872897,-0.11115776497480813
SF,2018-04-07,C. lutrensis,28965.088699999997,7291.2723,2085.5511,10.273846545842625,10.273846545842625,7.6427884158542
SF,2018-04-07,G. affinis,-0.9879109781847013,-0.44454409434454556,4.073075175868774,-0.012162688345714828,-0.012162688345714828,1.4043982856206132
SF,2018-04-07,H. cyanoguttatum,-0.9879109781847013,-0.9872293679979234,-0.9872045041583891,-0.012162688345714828,-0.012162688345714828,-0.012878063282275937
SF,2018-04-07,P. latipinna,-0.9879109781847013,-0.44454409434454556,-0.5754702449870598,-0.012162688345714828,-0.012162688345714828,-0.5525677550463974
SF,2018-04-07,P. vigilax,28965.088699999997,7291.2723,5205.7212,10.273846545842625,10.273846545842625,8.557513530528457
TR,2018-04-07,A. mexicanus,-0.2814485325951557,-0.03184005359011874,-0.03184005359011874,-1.2678056808175968,-1.2678056808175968,-3.4470302349006268
TR,2018-04-07,C. variegatus,-0.2814485325951557,80.27798365420867,80.27798365420867,-1.2678056808175968,-1.2678056808175968,4.385495407197776
TR,2018-04-07,F. grandis,-0.08416763399078973,-0.9879731029007816,-0.9675841253938008,-2.4749448260409976,-2.4749448260409976,-0.03295290654682434
TR,2018-04-07,G. affinis,-0.2814485325951557,3.570614045681849,86.32985280588775,-1.2678056808175968,-1.2678056808175968,4.45817545722904
TR,2018-04-07,P. latipinna,-0.2814485325951557,3.570614045681849,3.458429590475552,-1.2678056808175968,-1.2678056808175968,1.2408146104518318
AR,2018-05-12,C. lutrensis,-0.512047168990672,-0.420357649434427,-0.420357649434427,-0.6693385312511484,-0.6693385312511484,-0.8666493837921088
AR,2018-05-12,H. cyanoguttatum,-0.512047168990672,-0.9153099764785732,-0.9153099764785732,-0.6693385312511484,-0.6693385312511484,-0.08849249896919939
AR,2018-05-12,L. cyanellus,-0.512047168990672,-0.04648569278666353,-0.8576015541594232,-0.6693385312511484,-0.6693385312511484,-0.15361567644776492
AR,2018-05-12,L. macrochirus,-0.512047168990672,-0.04648569278666353,-0.5265197801222182,-0.6693385312511484,-0.6693385312511484,-0.6414663790307716
AR,2018-05-12,L. megalotis,-0.512047168990672,-0.04648569278666353,33.4734134852833,-0.6693385312511484,-0.6693385312511484,3.5107514964371753
AR,2018-05-12,M. salmoides,-0.512047168990672,-0.04648569278666353,-0.5794263759582559,-0.6693385312511484,-0.6693385312511484,-0.5457166718002884
SF,2018-05-12,C. lutrensis,18139.032,2145.428,1407.9785,9.805821359510997,9.805821359510997,7.249910266715038
SF,2018-05-12,G. affinis,-0.9924292421786922,-0.4105214674635144,1.0082154882349355,-0.007599561477395294,-0.007599561477395294,0.00818192481276268
SF,2018-05-12,H. cyanoguttatum,-0.9924292421786922,-0.9976055243528119,-0.9978424389864673,-0.007599561477395294,-0.007599561477395294,-0.002159891901588558
SF,2018-05-12,O. aureus,-0.9924292421786922,-0.9976055243528119,-0.8752036415005701,-0.007599561477395294,-0.007599561477395294,-0.1332986865591708
SF,2018-05-12,P. latipinna,-0.9924292421786922,-0.4105214674635144,-0.4516268666907573,-0.007599561477395294,-0.007599561477395294,-0.7948989562469105
SF,2018-05-12,P. vigilax,18139.032,2145.428,737.4495,9.805821359510997,9.805821359510997,6.603197611293213
AR,2018-06-08,A. melas,801393.5265,272.6759,86.86580000000001,13.5941073994126,13.5941073994126,4.464364398996656
AR,2018-06-08,A. natalis,801393.5265,272.6759,185.8101,13.5941073994126,13.5941073994126,5.224725184428685
AR,2018-06-08,C. lutrensis,1.1347150728398114,-0.6847413971287774,-0.6847413971287774,0.12638158227272678,0.12638158227272678,-0.37871403443918944
AR,2018-06-08,G. affinis,1.1347150728398114,10.847566542682118,10.847566542682118,0.12638158227272678,0.12638158227272678,2.3839407730510986
AR,2018-06-08,H. cyanoguttatum,1.1347150728398114,4.462030485386385,4.462030485386385,0.12638158227272678,0.12638158227272678,1.4956039282116504
AR,2018-06-08,L. gulosus,1.1347150728398114,-0.8268083675255904,0.5386580057454511,0.12638158227272678,0.12638158227272678,-0.6186744071413163
AR,2018-06-08,L. macrochirus,1.1347150728398114,-0.8268083675255904,-0.7759907554372008,0.12638158227272678,0.12638158227272678,-0.2536146719662706
AR,2018-06-08,L. megalotis,1.1347150728398114,-0.8268083675255904,4.022202520174136,0.12638158227272678,0.12638158227272678,1.3918296431842614
AR,2018-06-08,L. oculatus,1.1347150728398114,2.4207843395669673,2.4207843395669673,0.12638158227272678,0.12638158227272678,0.8840915949162607
PD,2018-06-08,A. melas,56559.4166,1238.1219,1238.1219,10.943046985807214,10.943046985807214,7.121350913663714
PD,2018-06-08,F. chrysotus,-0.4889304778789492,0.024420692532678503,0.0024232269077800435,-0.7155349716413544,-0.7155349716413544,-6.022655194078809
PD,2018-06-08,F. notatus,-0.4889304778789492,0.024420692532678503,2.3767627272402123,-0.7155349716413544,-0.7155349716413544,0.8657393631349394
PD,2018-06-08,G. affinis,-0.4889304778789492,0.7196870816942734,2.363372573534986,-0.7155349716413544,-0.7155349716413544,0.860089655490548
PD,2018-06-08,H. cyanoguttatum,-0.4889304778789492,1.9436775988694193,1.9436775988694193,-0.7155349716413544,-0.7155349716413544,0.6645818480816033
PD,2018-06-08,L. auritus,-0.4889304778789492,-0.1427330462353974,5.018165501171459,-0.7155349716413544,-0.7155349716413544,1.6130644289012415
PD,2018-06-08,L. cyanellus,-0.4889304778789492,-0.1427330462353974,-0.7909915507178225,-0.7155349716413544,-0.7155349716413544,-0.23446799304419813
PD,2018-06-08,L. gulosus,-0.4889304778789492,-0.1427330462353974,-0.8665514811809292,-0.7155349716413544,-0.7155349716413544,-0.1432337588031993
PD,2018-06-08,L. macrochirus,-0.4889304778789492,-0.1427330462353974,-0.7129626326880201,-0.7155349716413544,-0.7155349716413544,-0.3383262685134202
PD,2018-06-08,L. microlophus,-0.724050301778746,-0.7050343735124361,-0.36122695959608586,-0.32289441141492403,-0.32289441141492403,-1.0182488212543186
PD,2018-06-08,M. salmoides,-0.4889304778789492,-0.1427330462353974,-0.4454285639611104,-0.7155349716413544,-0.7155349716413544,-0.8087183951843941
PD,2018-06-08,P. latipinna,-0.4889304778789492,0.7196870816942734,-0.6507456431390353,-0.7155349716413544,-0.7155349716413544,-0.4296364302677384
AR,2018-07-01,C. lutrensis,-0.9650009221107518,0.4888106313568682,-0.09264468128019354,-0.03562622208842442,-0.03562622208842442,-2.378983734480418
AR,2018-07-01,G. affinis,-0.9650009221107518,0.2809368749979201,0.2809368749979201,-0.03562622208842442,-0.03562622208842442,-1.2696252790201803
AR,2018-07-01,I. punctatus,-0.9650009221107518,0.7088864947922944,0.7088864947922944,-0.03562622208842442,-0.03562622208842442,-0.3440598572374731
AR,2018-07-01,L. megalotis,-0.9650009221107518,-0.9929783470182518,-0.9718032963257696,-0.03562622208842442,-0.03562622208842442,-0.02860186503649307
AR,2018-07-01,N. texanus,3097.2989000000002,231.52169999999998,90.81139999999999,8.038285688070426,8.038285688070426,4.508784828387216
SF,2018-07-01,C. carpio,29927.934400000002,2955.1951999999997,2955.1951999999997,10.306547584098288,10.306547584098288,7.991319985188107
SF,2018-07-01,C. lutrensis,29927.934400000002,2008.4719,1449.0699,10.306547584098288,10.306547584098288,7.278677181322794
SF,2018-07-01,C. variegatus,29927.934400000002,705.8026000000001,705.8026000000001,10.306547584098288,10.306547584098288,6.55933559499749
SF,2018-07-01,G. affinis,-0.6177248650757025,0.1749924098464679,-0.028664425357049585,-0.48171212279922015,-0.48171212279922015,-3.552098459672563
SF,2018-07-01,H. cyanoguttatum,-0.6177248650757025,-0.8624860440815675,-0.8619482293929492,-0.48171212279922015,-0.48171212279922015,-0.14856006883091602
SF,2018-07-01,L. gulosus,-0.9673138421873763,-0.9658261672232115,-0.7376329587443466,-0.03323228376744379,-0.03323228376744379,-0.30430892397401516
SF,2018-07-01,P. latipinna,-0.6177248650757025,0.1749924098464679,0.19605042840290127,-0.48171212279922015,-0.48171212279922015,-1.6293833650745375
SF,2018-07-01,P. vigilax,29927.934400000002,2008.4719,559.4019999999999,10.306547584098288,10.306547584098288,6.326868356020674
TR,2018-07-01,C. variegatus,-0.6086352939049864,-0.3541329166259031,-0.3541329166259031,-0.4965360512438069,-0.4965360512438069,-1.0380829656252029
TR,2018-07-01,F. grandis,-0.5886862859661055,-0.98618930606617,-0.9627762905851482,-0.5298618586734765,-0.5298618586734765,-0.037934198859244726
TR,2018-07-01,H. cyanoguttatum,-0.6086352939049864,-0.9579108644496703,-0.9625129726880214,-0.4965360512438069,-0.4965360512438069,-0.038207734793601955
TR,2018-07-01,L. cyanellus,-0.5886862859661055,-0.9348065140219897,-0.6794213047780141,-0.5298618586734765,-0.5298618586734765,-0.38651386552238726
TR,2018-07-01,L. macrochirus,-0.5886862859661055,-0.9348065140219897,-0.9613632834539815,-0.5298618586734765,-0.5298618586734765,-0.03940291495888148
TR,2018-07-01,M. salmoides,41226.6208,3500.8425,1181.5602999999999,10.626839462604009,10.626839462604009,7.074591132142233
TR,2018-07-01,O. aureus,-0.6086352939049864,-0.9579108644496703,-0.6519373326483816,-0.4965360512438069,-0.4965360512438069,-0.42780683724484836
TR,2018-07-01,P. latipinna,-0.6086352939049864,1.4322050831413027,1.4708823607680128,-0.4965360512438069,-0.4965360512438069,0.3858624661358354
AR,2018-09-11,A. natalis,1065562.3249,12017.956999999999,3481.2114999999994,13.87901322238122,13.87901322238122,8.15513564436848
AR,2018-09-11,C. lutrensis,11.036841830883827,5.372764031130846,5.372764031130846,2.401238933881122,2.401238933881122,1.6813424932559176
AR,2018-09-11,G. affinis,11.036841830883827,-0.29140113611026985,-0.29140113611026985,2.401238933881122,2.401238933881122,-1.2330544864288049
AR,2018-09-11,H. cyanoguttatum,11.036841830883827,0.8539726265179961,0.8539726265179961,2.401238933881122,2.401238933881122,-0.15785613896489964
AR,2018-09-11,I. punctatus,11.036841830883827,7.944218285250516,5.353584542811437,2.401238933881122,2.401238933881122,1.6777663445548991
AR,2018-09-11,L. cyanellus,11.036841830883827,1.1280987332703711,-0.3049809473775981,2.401238933881122,2.401238933881122,-1.1875059719403405
AR,2018-09-11,L. gulosus,11.036841830883827,1.1280987332703711,1.8166787352333085,2.401238933881122,2.401238933881122,0.5970099632326695
AR,2018-09-11,L. macrochirus,11.036841830883827,1.1280987332703711,1.0634780159156014,2.401238933881122,2.401238933881122,0.061544683997014134
AR,2018-09-11,L. megalotis,11.036841830883827,1.1280987332703711,2.1854800762952253,2.401238933881122,2.401238933881122,0.7818355189654369
AR,2018-09-11,L. oculatus,5.038075854754859,7.761969530962614,7.761969530962614,1.6170242343384793,1.6170242343384793,2.0492361075283703
AR,2018-09-11,M. salmoides,11.036841830883827,1.1280987332703711,0.2920085099845429,2.401238933881122,2.401238933881122,-1.2309723333558458
EM,2017-10-10,C. lutrensis,85289.71410000001,816.9391,54.002300000000005,11.353809141214677,11.353809141214677,3.9890266382498285
EM,2017-10-10,E. gracile,-0.8513778922882043,-0.2636539432002748,-0.2636539432002748,-0.16089919222988505,-0.16089919222988505,-1.3331178569245377
EM,2017-10-10,G. affinis,-0.8513778922882043,0.5217779263972933,0.5217779263972933,-0.16089919222988505,-0.16089919222988505,-0.6505132099774921
EM,2017-10-10,I. bubalus,-0.8513778922882043,-0.21569435871851428,-0.21569435871851428,-0.16089919222988505,-0.16089919222988505,-1.5338928792970694
EM,2017-10-10,L. cyanellus,-0.8513778922882043,-0.7040974416294201,0.30190867164091406,-0.16089919222988505,-0.16089919222988505,-1.197630719127985
EM,2017-10-10,L. gulosus,-0.8513778922882043,-0.7040974416294201,-0.04128389642430924,-0.16089919222988505,-0.16089919222988505,-3.1872827721395267
EM,2017-10-10,L. macrochirus,-0.8513778922882043,-0.7040974416294201,-0.7246376964575529,-0.16089919222988505,-0.16089919222988505,-0.3220834780576905
EM,2017-10-10,L. megalotis,-0.8513778922882043,-0.7040974416294201,-0.49120696840669026,-0.16089919222988505,-0.16089919222988505,-0.7108897157541268
EM,2017-10-10,N. texanus,-0.8513778922882043,3.229075247468441,-0.3083956066704258,-0.16089919222988505,-0.16089919222988505,-1.1763718829507681
EM,2017-10-10,P. vigilax,-0.6378899617580733,4.9087777166147255,9.511918315550732,-0.44958948424607936,-0.44958948424607936,2.252545571835915
PL,2017-10-10,A. natalis,-0.7325781670826955,6.2560601323419265,8.330761882369284,-0.31118523104343293,-0.31118523104343293,2.1199549144656165
PL,2017-10-10,C. lutrensis,-0.7325781670826955,-0.6594797439961608,-0.6594797439961608,-0.31118523104343293,-0.31118523104343293,-0.4163040214796864
PL,2017-10-10,G. affinis,-0.7325781670826955,-0.9816801491899209,-0.6778366899871454,-0.31118523104343293,-0.31118523104343293,-0.3888488902810826
PL,2017-10-10,L. gulosus,-0.7325781670826955,-0.9156004469902921,0.3692648904683957,-0.31118523104343293,-0.31118523104343293,-0.9962410321321498
PL,2017-10-10,L. macrochirus,-0.7325781670826955,-0.9156004469902921,-0.974139114570517,-0.31118523104343293,-0.31118523104343293,-0.0262011574374172
PL,2017-10-10,L. megalotis,-0.7325781670826955,-0.9156004469902921,-0.9439963082389361,-0.31118523104343293,-0.31118523104343293,-0.0576330236081223
PL,2017-10-10,L. oculatus,-0.7744686708665758,-0.8893606217589608,-0.8893606217589608,-0.2555780707289391,-0.2555780707289391,-0.11725247694871838
PL,2017-10-10,M. salmoides,-0.7325781670826955,-0.9156004469902921,-0.7421500868597294,-0.31118523104343293,-0.31118523104343293,-0.2982037828734
EM,2017-11-03,A. natalis,196548.21180000002,19290.0325,1487.4973,12.188663032869165,12.188663032869165,7.304850322292087
EM,2017-11-03,C. lutrensis,196548.21180000002,1874.0885999999998,67.1306,12.188663032869165,12.188663032869165,4.20663997579244
EM,2017-11-03,E. gracile,-0.6575059965782588,1.5019443537409194,1.5019443537409194,-0.4193013947006908,-0.4193013947006908,0.40676050454706925
EM,2017-11-03,G. affinis,-0.6575059965782588,3.706460722071993,3.706460722071993,-0.4193013947006908,-0.4193013947006908,1.3100774380186915
EM,2017-11-03,I. punctatus,196548.21180000002,19290.0325,17074.9369,12.188663032869165,12.188663032869165,9.745366988970963
EM,2017-11-03,L. auritus,196548.21180000002,81380.8233,5154.698199999999,12.188663032869165,12.188663032869165,8.547663849635386
EM,2017-11-03,L. gulosus,-0.6575059965782588,1.116896552371745,8.287459799054314,-0.4193013947006908,-0.4193013947006908,2.114743504707373
EM,2017-11-03,L. macrochirus,-0.6575059965782588,1.116896552371745,1.8960865549585026,-0.4193013947006908,-0.4193013947006908,0.6397920541402602
EM,2017-11-03,L. megalotis,-0.6575059965782588,1.116896552371745,2.0034253783365843,-0.4193013947006908,-0.4193013947006908,0.6948584047486085
EM,2017-11-03,L. miniatus,196548.21180000002,81380.8233,245.55190000000002,12.188663032869165,12.188663032869165,5.50350833018694
EM,2017-11-03,L. oculatus,-0.6575059965782588,-0.5309049156427932,-0.5309049156427932,-0.4193013947006908,-0.4193013947006908,-0.6331723403606104
EM,2017-11-03,N. gyrinus,-0.16553116769697057,183.27078905514932,5.959678474713077,-1.7985957774428487,-1.7985957774428487,1.7850165324262637
EM,2017-11-03,P. vigilax,-0.16553116769697057,12.545607168502277,26.11951915735536,-1.7985957774428487,-1.7985957774428487,3.2626828952554505
WM,2017-11-03,C. venusta,3.8525152590809593,1.6374940489885812,1.2921971930037812,1.3487262490299767,1.3487262490299767,0.2563440198781395
WM,2017-11-03,G. affinis,3.8525152590809593,3.8582063016420816,3.8582063016420816,1.3487262490299767,1.3487262490299767,1.3502023867817279
WM,2017-11-03,L. gulosus,3.8525152590809593,-0.5520950520722481,-0.9744815477749599,1.3487262490299767,1.3487262490299767,-0.025849695283099702
WM,2017-11-03,L. macrochirus,3.8525152590809593,-0.5520950520722481,-0.884967222613671,1.3487262490299767,1.3487262490299767,-0.12220467125480118
WM,2017-11-03,L. megalotis,3.8525152590809593,-0.5520950520722481,-0.2639826131626059,1.3487262490299767,1.3487262490299767,-1.3318720372371888
WM,2017-11-03,L. microlophus,3.8525152590809593,-0.5520950520722481,1.6989463194865981,1.3487262490299767,1.3487262490299767,0.530008246832557
WM,2017-11-03,L. miniatus,175990.3102,16055.909899999999,827.9252000000001,12.078184216822851,12.078184216822851,6.718922812140271
WM,2017-11-03,L. oculatus,175990.3102,158708.3806,158708.3806,12.078184216822851,12.078184216822851,11.974823712933702
WM,2017-11-03,N. texanus,175990.3102,363.5328,47.7241,12.078184216822851,12.078184216822851,3.865436511393137
EM,2018-03-09,C. lutrensis,298996.1644,1408.5765999999999,414.30319999999995,12.608186024196897,12.608186024196897,6.026598072925117
EM,2018-03-09,E. gracile,0.26942159855959746,1.62520620327296,1.62520620327296,-1.311477845392529,-1.311477845392529,0.48563470205311887
EM,2018-03-09,G. affinis,1.2796023791686975,68.8433869316212,68.8433869316212,0.24654938839807558,0.24654938839807558,4.2318341701856586
EM,2018-03-09,L. auritus,298996.1644,43719.159999999996,505.8919000000001,12.608186024196897,12.608186024196897,6.226323010100331
EM,2018-03-09,L. gulosus,1.2796023791686975,0.5123463114817892,-0.31220849680037027,0.24654938839807558,0.24654938839807558,-1.1640840553827132
EM,2018-03-09,L. macrochirus,1.2796023791686975,0.5123463114817892,-0.3168336129143265,0.24654938839807558,0.24654938839807558,-1.1493785232992386
EM,2018-03-09,L. megalotis,1.2796023791686975,0.5123463114817892,1.672931655397582,0.24654938839807558,0.24654938839807558,0.5145775696445872
EM,2018-03-09,L. oculatus,1.2796023791686975,22.013431019746832,22.013431019746832,0.24654938839807558,0.24654938839807558,3.091652767976038
EM,2018-03-09,N. gyrinus,1.2796023791686975,1.8053004866819178,1.8053004866819178,0.24654938839807558,0.24654938839807558,0.590727052545504
EM,2018-03-09,P. vigilax,0.26942159855959746,9.182756642813075,13.929183110507106,-1.311477845392529,-1.311477845392529,2.6339861436103766
EM,2018-03-31,C. lutrensis,18151.6521,7236.786099999999,2529.7901,9.80651686034388,9.80651686034388,7.83589161385295
EM,2018-03-31,G. affinis,-0.8616012663584255,39.87500974229284,39.87500974229284,-0.148962683365707,-0.148962683365707,3.6857498054258024
EM,2018-03-31,L. macrochirus,-0.8616012663584255,-0.7554739160581132,-0.8913760650185785,-0.148962683365707,-0.148962683365707,-0.11498886983020032
EM,2018-03-31,L. megalotis,-0.8616012663584255,-0.7554739160581132,-0.5480315730958327,-0.148962683365707,-0.148962683365707,-0.601422378555429
EM,2018-03-31,N. gyrinus,-0.8616012663584255,6.709300448473328,6.709300448473328,-0.148962683365707,-0.148962683365707,1.9034946904776135
EM,2018-03-31,N. texanus,-0.9229311465440833,51.28563987869488,-0.5876978577828285,-0.08020064472217865,-0.08020064472217865,-0.5315423104563957
EM,2018-03-31,P. vigilax,-0.9229311465440833,51.28563987869488,69.0617118394151,-0.08020064472217865,-0.08020064472217865,4.235000479366989
WM,2018-03-31,C. lutrensis,2126.4709,208.9685,54.8998,7.662219030142025,7.662219030142025,4.005509705521599
WM,2018-03-31,C. venusta,-0.932898393220034,-0.2709425817608649,-0.5557617284308556,-0.06945898736633085,-0.06945898736633085,-0.5874156225712991
WM,2018-03-31,E. gracile,-0.9362479823970945,-0.7909572521543166,-0.7909572521543166,-0.06587489913610643,-0.06587489913610643,-0.23451135546332194
WM,2018-03-31,F. chrysotus,2126.4709,0.975,0.975,7.662219030142025,7.662219030142025,-0.025317807984289897
WM,2018-03-31,G. affinis,-0.9362479823970945,-0.45481315506661485,-0.45481315506661485,-0.06587489913610643,-0.06587489913610643,-0.7878685925754929
WM,2018-03-31,L. macrochirus,-0.9362479823970945,-0.9524771386571705,-0.7570375555443833,-0.06587489913610643,-0.06587489913610643,-0.2783424157523109
WM,2018-03-31,N. texanus,2126.4709,208.9685,8,7.662219030142025,7.662219030142025,2.0794415416798357
WM,2018-03-31,P. vigilax,2126.4709,208.9685,19.1281,7.662219030142025,7.662219030142025,2.9511584580804593
EM,2018-05-04,C. lutrensis,419400.20129999996,3520.6173,1496.3886,12.94658087742123,12.94658087742123,7.310809884161091
EM,2018-05-04,C. venusta,10.809721104942614,34.13609783303851,1.6814140573632694,2.3804458315905106,2.3804458315905106,0.5196351401951546
EM,2018-05-04,G. affinis,10.809721104942614,15.792995430250114,15.792995430250114,2.3804458315905106,2.3804458315905106,2.7595665145350052
EM,2018-05-04,L. cyanellus,10.809721104942614,8.005816044584725,4.005450268252122,2.3804458315905106,2.3804458315905106,1.3876560007308019
EM,2018-05-04,L. gulosus,10.809721104942614,8.005816044584725,0.1494040505824884,2.3804458315905106,2.3804458315905106,-1.9011008943183665
EM,2018-05-04,L. macrochirus,10.809721104942614,8.005816044584725,3.4668033206985407,2.3804458315905106,2.3804458315905106,1.2432329361345633
EM,2018-05-04,L. megalotis,10.809721104942614,8.005816044584725,13.219991524543405,2.3804458315905106,2.3804458315905106,2.5817301933146664
EM,2018-05-04,L. oculatus,10.809721104942614,12.861888340272381,12.861888340272381,2.3804458315905106,2.3804458315905106,2.554268546309134
EM,2018-05-04,N. gyrinus,0.7806086705217646,3.057804820968874,3.057804820968874,-0.2476813167880039,-0.2476813167880039,1.1176972797566707
EM,2018-05-04,P. vigilax,0.7806086705217646,24.440101626985328,25.362287992583955,-0.2476813167880039,-0.2476813167880039,3.2332633460271567
GC,2018-05-04,F. grandis,1.911853671538319,2.6232160072303676,11.934919367343081,0.6480732800782975,0.6480732800782975,2.4794685037849873
GC,2018-05-04,G. affinis,1.911853671538319,0.18299039060476902,0.18299039060476902,0.6480732800782975,0.6480732800782975,-1.6983216378758865
GC,2018-05-04,L. cyanellus,-0.14649738453196567,-0.8834939419396654,-0.885365715310003,-1.9207477037085072,-1.9207477037085072,-0.12175448169494407
GC,2018-05-04,L. gulosus,1.911853671538319,-0.7747739439236478,-0.7152094155564576,0.6480732800782975,0.6480732800782975,-0.33517989028155676
GC,2018-05-04,L. macrochirus,1.911853671538319,-0.7747739439236478,-0.4835026262305377,0.6480732800782975,0.6480732800782975,-0.7266985323961195
GC,2018-05-04,L. megalotis,1.911853671538319,-0.7747739439236478,-0.8306448121876285,0.6480732800782975,0.6480732800782975,-0.18555299765446087
GC,2018-05-04,L. miniatus,1.911853671538319,-0.7747739439236478,-0.771434751831993,0.6480732800782975,0.6480732800782975,-0.25950318388311266
GC,2018-05-04,L. oculatus,-0.14649738453196567,-0.4885336852834794,-0.4885336852834794,-1.9207477037085072,-1.9207477037085072,-0.7163468533086711
GC,2018-05-04,N. texanus,1.911853671538319,1.8719585751080285,1.8719585751080285,0.6480732800782975,0.6480732800782975,0.6269852491289487
WM,2018-05-04,C. lutrensis,46898.91849999999,51.6617,51.6617,10.755749894467,10.755749894467,3.9447166945981875
WM,2018-05-04,G. affinis,0.06953359194092405,-0.5723330224371677,-0.5723330224371677,-2.665945305901746,-2.665945305901746,-0.558034249961129
WM,2018-05-04,L. cyanellus,0.06953359194092405,-0.7472893556972235,-0.9620250865658327,-2.665945305901746,-2.665945305901746,-0.0387147511451823
WM,2018-05-04,L. gulosus,0.4792493233159844,-0.6481940151767546,-0.9800745270193999,-0.7355343090219404,-0.7355343090219404,-0.020126662230040917
WM,2018-05-04,L. macrochirus,0.06953359194092405,-0.7472893556972235,-0.6594934745212759,-2.665945305901746,-2.665945305901746,-0.416283201458593
WM,2018-05-04,L. megalotis,0.06953359194092405,-0.7472893556972235,-0.6657837482834733,-2.665945305901746,-2.665945305901746,-0.40679036344601344
WM,2018-05-04,L. oculatus,46898.91849999999,35772.133499999996,35772.133499999996,10.755749894467,10.755749894467,10.484924475428246
EM,2018-06-04,C. lutrensis,146925.4435,535.6683999999999,535.6683999999999,11.897680550023173,11.897680550023173,6.283515312907354
EM,2018-06-04,G. affinis,3.1372325956571085,7.407098412827941,7.407098412827941,1.1433410723499273,1.1433410723499273,2.0024387854054155
EM,2018-06-04,L. cyanellus,3.1372325956571085,-0.186701563314485,10.790745083059045,1.1433410723499273,1.1433410723499273,2.378688829996186
EM,2018-06-04,L. megalotis,3.1372325956571085,-0.186701563314485,0.21765238943772955,1.1433410723499273,1.1433410723499273,-1.524856032694772
EM,2018-06-04,L. oculatus,3.1372325956571085,5.739485665176522,5.739485665176522,1.1433410723499273,1.1433410723499273,1.74736960094673
EM,2018-06-04,P. annularis,-0.3762094662244684,-0.5360127513393667,-0.9738085445184937,-0.9776091996873169,-0.9776091996873169,-0.026540560864048518
WM,2018-06-04,A. natalis,53639.581999999995,2547.7513,2547.7513,10.89004254467323,10.89004254467323,7.842966405962819
WM,2018-06-04,A. sayanus,0.6918535716810591,-0.8481473184789653,-0.8481473184789653,-0.36838094737221494,-0.36838094737221494,-0.16470093365718724
WM,2018-06-04,C. venusta,0.22325168518707939,-0.8255000535647268,-0.8255000535647268,-1.4994555108236511,-1.4994555108236511,-0.19176595073434075
WM,2018-06-04,G. affinis,0.22325168518707939,-0.817293375726459,-0.817293375726459,-1.4994555108236511,-1.4994555108236511,-0.2017571595626913
WM,2018-06-04,L. gulosus,0.6918535716810591,-0.8900525309159693,-0.8765984656440943,-0.36838094737221494,-0.36838094737221494,-0.13170624134792855
WM,2018-06-04,L. megalotis,0.22325168518707939,-0.9210221060746177,-0.8917995869396014,-1.4994555108236511,-1.4994555108236511,-0.11451384996491494
WM,2018-06-04,L. oculatus,53639.581999999995,47493.074,47493.074,10.89004254467323,10.89004254467323,10.768339168865028
EM,2018-07-05,A. natalis,87516.9623,11152.5674,11152.5674,11.379587908415424,11.379587908415424,9.319425010472164
EM,2018-07-05,C. lutrensis,87516.9623,116.7849,50.3223,11.379587908415424,11.379587908415424,3.9184483188198085
EM,2018-07-05,L. megalotis,1.670335718718935,-0.9476685931816746,-0.9040677854433198,0.5130246353980221,0.5130246353980221,-0.10085093750363483
EM,2018-07-05,L. oculatus,1.670335718718935,14.671711930196821,14.671711930196821,0.5130246353980221,0.5130246353980221,2.685921281338046
EM,2018-07-05,N. texanus,-0.6284339624809345,-0.1491239476463544,-0.5918229385108523,-0.46452432810162553,-0.46452432810162553,-0.5245477791878614
EM,2018-07-05,P. vigilax,1.670335718718935,0.7667832173076948,-0.5409329751313633,0.5130246353980221,0.5130246353980221,-0.6144598985106252
GC,2018-07-05,G. affinis,-0.9885785688101316,-0.4340937487168357,-0.4340937487168357,-0.01148715666700407,-0.01148715666700407,-0.8344947573404355
GC,2018-07-05,L. macrochirus,-0.9885785688101316,-0.9886811084374032,-0.9285110129991689,-0.01148715666700407,-0.01148715666700407,-0.07417303719437764
GC,2018-07-05,L. megalotis,-0.9885785688101316,-0.9886811084374032,-0.9925844747154474,-0.01148715666700407,-0.01148715666700407,-0.007443156979279752
MR,2017-10-31,C. lutrensis,17067.0182,91.6765,91.6765,9.744903119803611,9.744903119803611,4.518266075972427
MR,2017-10-31,G. affinis,-0.8083562533175017,5.5392796305069405,14.142843664417875,-0.21275241006105805,-0.21275241006105805,2.6492087480578643
MR,2017-10-31,H. cyanoguttatum,-0.8083562533175017,-0.8256706084886233,-0.8256706084886233,-0.21275241006105805,-0.21275241006105805,-0.19155936406414034
MR,2017-10-31,L. gulosus,-0.8083562533175017,-0.928224064227168,25.467587297256646,-0.21275241006105805,-0.21275241006105805,3.2374065572667914
MR,2017-10-31,L. macrochirus,-0.8083562533175017,-0.928224064227168,-0.84752440445252,-0.21275241006105805,-0.21275241006105805,-0.16543564432794036
MR,2017-10-31,L. megalotis,-0.8083562533175017,-0.928224064227168,-0.7737657108705518,-0.21275241006105805,-0.21275241006105805,-0.25648615034869393
MR,2017-10-31,P. latipinna,-0.8083562533175017,5.5392796305069405,4.255564065054428,-0.21275241006105805,-0.21275241006105805,1.4482273184695267
PL,2017-11-11,A. natalis,-0.047224445590623707,14.38561248704771,17.10968242030945,-3.052843605406753,-3.052843605406753,2.839644526674535
PL,2017-11-11,C. lutrensis,-0.047224445590623707,1.3284393656822702,1.3284393656822702,-3.052843605406753,-3.052843605406753,0.28400484398853804
PL,2017-11-11,G. affinis,-0.047224445590623707,-0.801499869102621,2.15252406521975,-3.052843605406753,-3.052843605406753,0.7666411373825711
PL,2017-11-11,I. punctatus,-0.047224445590623707,14.38561248704771,4.851552735136407,-3.052843605406753,-3.052843605406753,1.5792988052863288
PL,2017-11-11,L. cyanellus,-0.047224445590623707,-0.1182509972559812,8.426148795229867,-3.052843605406753,-3.052843605406753,2.131339822459755
PL,2017-11-11,L. gulosus,-0.047224445590623707,-0.1182509972559812,11.925784830786085,-3.052843605406753,-3.052843605406753,2.478702848511162
PL,2017-11-11,L. macrochirus,-0.047224445590623707,-0.1182509972559812,0.848063021137255,-3.052843605406753,-3.052843605406753,-0.16480032857279517
PL,2017-11-11,L. megalotis,-0.047224445590623707,-0.1182509972559812,-0.0819117493181833,-3.052843605406753,-3.052843605406753,-2.50211283909394
PL,2017-11-11,P. latipinna,-0.047224445590623707,-0.801499869102621,-0.979578689757899,-3.052843605406753,-3.052843605406753,-0.020632708164941196
GC,2017-12-03,A. natalis,72696.0827,8719.4990999999991,8719.4990999999991,11.19404277898871,11.19404277898871,9.073317072592582
GC,2017-12-03,E. gracile,72696.0827,192.16339999999997,192.16339999999997,11.19404277898871,11.19404277898871,5.258346051763819
GC,2017-12-03,F. chrysotus,-0.8075098349078257,-0.5817947422232874,-0.48438684047877106,-0.21380004450707868,-0.21380004450707868,-0.724871434313898
GC,2017-12-03,G. affinis,-0.8075098349078257,0.21691004154610566,0.21691004154610566,-0.21380004450707868,-0.21380004450707868,-1.5282725664804635
GC,2017-12-03,L. auritus,-0.8075098349078257,-0.8012866179383088,-0.7476206482575215,-0.21380004450707868,-0.21380004450707868,-0.2908595843900543
GC,2017-12-03,L. cyanellus,-0.8075098349078257,-0.8012866179383088,-0.0548768720034721,-0.21380004450707868,-0.21380004450707868,-2.90266329421018
GC,2017-12-03,L. gulosus,-0.8075098349078257,-0.8012866179383088,-0.8846566553141996,-0.21380004450707868,-0.21380004450707868,-0.12255566934714561
GC,2017-12-03,L. macrochirus,-0.8075098349078257,-0.8012866179383088,-0.8794519654889494,-0.21380004450707868,-0.21380004450707868,-0.128456331999314
GC,2017-12-03,L. megalotis,-0.8075098349078257,-0.8012866179383088,-0.6663852580438486,-0.21380004450707868,-0.21380004450707868,-0.4058873101571346
GC,2017-12-03,L. microlophus,-0.8075098349078257,-0.8012866179383088,-0.9906897059831468,-0.21380004450707868,-0.21380004450707868,-0.00935390570703295
GC,2017-12-03,L. miniatus,-0.8075098349078257,-0.8012866179383088,-0.609004649355903,-0.21380004450707868,-0.21380004450707868,-0.49592937689103217
GC,2017-12-03,L. oculatus,-0.8075098349078257,-0.8434144323728321,-0.8434144323728321,-0.21380004450707868,-0.21380004450707868,-0.17029682568325458
GC,2017-12-03,N. texanus,-0.6391722533406305,0.4952929799120622,1.250384871772297,-0.4475812938880292,-0.4475812938880292,0.22345140134136476
PL,2017-12-03,A. natalis,-0.7409916511399773,3.7899165611072245,3.662756592397174,-0.2997659207670979,-0.2997659207670979,1.2982160312467337
PL,2017-12-03,C. lutrensis,-0.7409916511399773,0.10554711799209136,0.10554711799209136,-0.2997659207670979,-0.2997659207670979,-2.248597809730493
PL,2017-12-03,G. affinis,-0.7409916511399773,-0.9540001162392963,-0.19107011480675043,-0.2997659207670979,-0.2997659207670979,-1.6551148250686818
PL,2017-12-03,I. punctatus,-0.7409916511399773,3.7899165611072245,4.228631757920251,-0.2997659207670979,-0.2997659207670979,1.4418784792486627
PL,2017-12-03,L. cyanellus,-0.7409916511399773,-0.7797406215375732,1.0813931728983652,-0.2997659207670979,-0.2997659207670979,0.07825018473922284
PL,2017-12-03,L. gulosus,-0.7409916511399773,-0.7797406215375732,3.8930787965747897,-0.2997659207670979,-0.2997659207670979,1.3592003090026716
PL,2017-12-03,L. macrochirus,-0.7409916511399773,-0.7797406215375732,-0.6974493450208441,-0.2997659207670979,-0.2997659207670979,-0.36032539154986953
PL,2017-12-03,L. megalotis,-0.7409916511399773,-0.7797406215375732,-0.7678930399154451,-0.2997659207670979,-0.2997659207670979,-0.2641048264769941
GC,2018-02-11,E. gracile,63782.4961,34.7876,34.7876,11.06323407589107,11.06323407589107,3.549261001443637
GC,2018-02-11,F. chrysotus,-0.6834143225967487,-0.6037216676460695,-0.5646980332968844,-0.3806539816675459,-0.3806539816675459,-0.5714641450491232
GC,2018-02-11,G. affinis,1.3740916963610994,5.957197718956517,5.957197718956517,0.3177929283718277,0.3177929283718277,1.7846001891241972
GC,2018-02-11,L. auritus,-0.6834143225967487,-0.8848322785091289,-0.9658267205224259,-0.3806539816675459,-0.3806539816675459,-0.03477083920101189
GC,2018-02-11,L. cyanellus,-0.6834143225967487,-0.8848322785091289,-0.8629916927835906,-0.3806539816675459,-0.3806539816675459,-0.14735021392002107
GC,2018-02-11,L. gulosus,1.3740916963610994,-0.5143882452862844,-0.9393976844601944,0.3177929283718277,0.3177929283718277,-0.06251637030584799
GC,2018-02-11,L. macrochirus,1.3740916963610994,-0.5143882452862844,-0.35382328693546067,0.3177929283718277,0.3177929283718277,-1.0389576799327462
GC,2018-02-11,L. megalotis,1.3740916963610994,-0.5143882452862844,-0.41968120201064024,0.3177929283718277,0.3177929283718277,-0.8682598987553984
GC,2018-02-11,L. miniatus,-0.6834143225967487,-0.8848322785091289,-0.9831396053284679,-0.3806539816675459,-0.3806539816675459,-0.0170041492560737
GC,2018-02-11,L. oculatus,-0.6834143225967487,-0.8470909398326569,-0.8470909398326569,-0.3806539816675459,-0.3806539816675459,-0.16594722311279964
GC,2018-02-11,M. salmoides,-0.6834143225967487,-0.8848322785091289,-0.2646585617722911,-0.3806539816675459,-0.3806539816675459,-1.3293147298986134
GC,2018-02-11,N. gyrinus,63782.4961,194.4643,194.4643,11.06323407589107,11.06323407589107,5.270248598653746
GC,2018-02-11,N. texanus,-0.6834143225967487,3.209187056882186,5.334739079577899,-0.3806539816675459,-0.3806539816675459,1.6742399762621019
PL,2018-02-11,A. natalis,0.01113695016542741,0.36690070848313416,0.5256989987614747,-4.497486855266701,-4.497486855266701,-0.6430264757401069
PL,2018-02-11,C. lutrensis,4.274667026044776,5.334963171716297,5.334963171716297,1.4527062107107487,1.4527062107107487,1.6742819815839287
PL,2018-02-11,G. affinis,4.274667026044776,-0.32388308861724857,3.25627961770719,1.4527062107107487,1.4527062107107487,1.180585322127216
PL,2018-02-11,L. cyanellus,4.274667026044776,6.773648852550109,2.363942150657377,1.4527062107107487,1.4527062107107487,0.8603306282873167
PL,2018-02-11,L. gulosus,4.274667026044776,6.773648852550109,-0.3578409722825435,1.4527062107107487,1.4527062107107487,-1.0276666027738683
PL,2018-02-11,L. macrochirus,4.274667026044776,6.773648852550109,0.4744827625087957,1.4527062107107487,1.4527062107107487,-0.745529989286867
PL,2018-02-11,L. megalotis,4.274667026044776,6.773648852550109,8.96935526940242,1.4527062107107487,1.4527062107107487,2.193813797166678
PL,2018-03-02,C. lutrensis,-0.7081577100427436,4.288295493331621,4.288295493331621,-0.34508845579681163,-0.34508845579681163,1.4558893330853422
PL,2018-03-02,G. affinis,-0.7081577100427436,-0.9168525107160803,-0.9622814278144687,-0.34508845579681163,-0.34508845579681163,-0.03844832659354605
PL,2018-03-02,I. punctatus,-0.7081577100427436,-0.8278940790221319,-0.8278940790221319,-0.34508845579681163,-0.34508845579681163,-0.18887005666614975
PL,2018-03-02,L. cyanellus,-0.7081577100427436,-0.8996221869829715,-0.904915304281967,-0.34508845579681163,-0.34508845579681163,-0.09991392609045976
PL,2018-03-02,L. gulosus,-0.7081577100427436,-0.8996221869829715,-0.9309835750923235,-0.34508845579681163,-0.34508845579681163,-0.07151364408161572
PL,2018-03-02,L. megalotis,-0.7081577100427436,-0.8996221869829715,-0.8884534757979108,-0.34508845579681163,-0.34508845579681163,-0.11827299539440533
PL,2018-03-02,P. latipinna,-0.7081577100427436,-0.9168525107160803,-0.9081742235854044,-0.34508845579681163,-0.34508845579681163,-0.09631904259134719
WM,2018-03-02,C. lutrensis,96972.24010000001,696.7189999999999,188.8111,11.48218003199083,11.48218003199083,5.240747044356078
WM,2018-03-02,E. gracile,1.905910351049211,-0.8282470258221069,-0.8282470258221069,0.644959768999492,0.644959768999492,-0.1884438287266512
WM,2018-03-02,G. affinis,1.905910351049211,1.377952749149886,1.377952749149886,0.644959768999492,0.644959768999492,0.3205988825622686
WM,2018-03-02,I. punctatus,96972.24010000001,84.94349999999999,84.94349999999999,11.48218003199083,11.48218003199083,4.441986329593063
WM,2018-03-02,L. cyanellus,1.905910351049211,0.17282082002720608,-0.24562629726767563,0.644959768999492,0.644959768999492,-1.4039440148756601
WM,2018-03-02,L. gulosus,1.905910351049211,0.17282082002720608,-0.0397988309633311,0.644959768999492,0.644959768999492,-3.2239177399037593
WM,2018-03-02,L. macrochirus,1.905910351049211,0.17282082002720608,0.021153375678286047,0.644959768999492,0.644959768999492,-3.855955779687271
WM,2018-03-02,L. megalotis,1.905910351049211,0.17282082002720608,0.22858379578776233,0.644959768999492,0.644959768999492,-1.4758524147018253
WM,2018-03-02,L. microlophus,2.058589532467599,0.24027473855382137,0.9245462296623521,0.722021055315309,0.722021055315309,-0.07845222436206134
WM,2018-03-02,L. oculatus,96972.24010000001,56620.3888,56620.3888,11.48218003199083,11.48218003199083,10.944124425473822
WM,2018-03-02,P. annularis,96972.24010000001,38140.1017,2056.2990999999997,11.48218003199083,11.48218003199083,7.62866309264805
WM,2018-03-02,P. vigilax,96972.24010000001,696.7189999999999,507.9079,11.48218003199083,11.48218003199083,6.230300131929194
MR,2018-04-01,C. variegatus,289566.4613,464.0809,464.0809,12.576140122358977,12.576140122358977,6.140058890476735
MR,2018-04-01,G. affinis,-0.6241897661583762,1.423732762558418,2.41764966968219,-0.4713008444122272,-0.4713008444122272,0.8827958573625974
MR,2018-04-01,L. macrochirus,-0.6241897661583762,0.5192149224944254,1.2201915352510913,-0.4713008444122272,-0.4713008444122272,0.19900784253001788
MR,2018-04-01,L. megalotis,-0.04541368406542881,0.105003135763451,1.7309533081527664,-3.0919418082172516,-3.0919418082172516,0.5486723019150567
MR,2018-04-01,M. cephalus,-0.6241897661583762,0.9057587261380313,0.9057587261380313,-0.4713008444122272,-0.4713008444122272,-0.09898231509599587
MR,2018-04-01,P. latipinna,-0.6241897661583762,1.423732762558418,1.2200195584470743,-0.4713008444122272,-0.4713008444122272,0.1988668901306572
PL,2018-04-01,A. natalis,-0.23268079675486034,0.8728313955803793,0.966248204194948,-1.4580877356938475,-1.4580877356938475,-0.03433453761268731
PL,2018-04-01,C. lutrensis,-0.23268079675486034,13.352782628435023,13.352782628435023,-1.4580877356938475,-1.4580877356938475,2.591724799713264
PL,2018-04-01,F. chrysotus,323513.7955,180.1511,180.1511,12.686997036526979,12.686997036526979,5.19379594319822
PL,2018-04-01,G. affinis,-0.23268079675486034,0.25134225553403317,1.0651659478152853,-1.4580877356938475,-1.4580877356938475,0.0631306065676529
PL,2018-04-01,L. auritus,-0.23268079675486034,0.02752619561912183,-0.4761334210952299,-1.4580877356938475,-1.4580877356938475,-0.742057167607869
PL,2018-04-01,L. cyanellus,-0.23268079675486034,0.02752619561912183,-0.9487686871976581,-1.4580877356938475,-1.4580877356938475,-0.05259025381525087
PL,2018-04-01,L. gulosus,-0.23268079675486034,0.02752619561912183,3.512341384057303,-1.4580877356938475,-1.4580877356938475,1.2562828760764735
PL,2018-04-01,L. macrochirus,-0.23268079675486034,0.02752619561912183,-0.1102218066473406,-1.4580877356938475,-1.4580877356938475,-2.205260519377219
PL,2018-04-01,L. megalotis,-0.23268079675486034,0.02752619561912183,0.7733571716998113,-1.4580877356938475,-1.4580877356938475,-0.2570142779910923
PL,2018-04-01,P. latipinna,-0.23268079675486034,0.25134225553403317,-0.1458706872140137,-1.4580877356938475,-1.4580877356938475,-1.9250347537549626
PD,2018-05-10,F. notatus,-0.8874401188674617,8.061284014788091,69.9671288152457,-0.11941423160751839,-0.11941423160751839,4.248025543404586
PD,2018-05-10,G. affinis,-0.8874401188674617,3.7581767570837283,9.458073841343149,-0.11941423160751839,-0.11941423160751839,2.2468687514806076
PD,2018-05-10,H. cyanoguttatum,-0.8874401188674617,0.2612834096206395,0.2612834096206395,-0.11941423160751839,-0.11941423160751839,-1.342149600164175
PD,2018-05-10,L. gulosus,-0.8874401188674617,-0.9624709125906498,-0.6771860574975929,-0.11941423160751839,-0.11941423160751839,-0.3898092173911078
PL,2018-05-10,A. natalis,-0.9326895447898904,-0.7894503618520411,-0.7789481483067372,-0.06968288292950522,-0.06968288292950522,-0.24981079719227722
PL,2018-05-10,C. lutrensis,-0.9326895447898904,-0.23093040659362468,-0.23093040659362468,-0.06968288292950522,-0.06968288292950522,-1.465638884008783
PL,2018-05-10,G. affinis,-0.9326895447898904,-0.6096996903756463,0.046210318887499206,-0.06968288292950522,-0.06968288292950522,-3.074552153290637
PL,2018-05-10,L. auritus,-0.9326895447898904,-0.9126215840940354,-0.9914324483520036,-0.06968288292950522,-0.06968288292950522,-0.008604464102743722
PL,2018-05-10,L. cyanellus,-0.9326895447898904,-0.9126215840940354,-0.9554516729326741,-0.06968288292950522,-0.06968288292950522,-0.04557109435937603
PL,2018-05-10,L. gulosus,-0.9326895447898904,-0.9126215840940354,-0.6963405427962068,-0.06968288292950522,-0.06968288292950522,-0.361916452682165
PL,2018-05-10,L. macrochirus,-0.9326895447898904,-0.9126215840940354,-0.9838590799303075,-0.06968288292950522,-0.06968288292950522,-0.016272603638562436
PL,2018-05-10,L. megalotis,-0.9326895447898904,-0.9126215840940354,-0.8543169037835477,-0.06968288292950522,-0.06968288292950522,-0.1574530723136021
PL,2018-05-10,P. latipinna,-0.9326895447898904,-0.6096996903756463,-0.9296657853855538,-0.06968288292950522,-0.06968288292950522,-0.07293012797707539
PL,2018-06-07,A. natalis,-0.4487610341366921,0.5810309134100969,0.6598927173078141,-0.8012647508765012,-0.8012647508765012,-0.4156780067078881
PL,2018-06-07,C. lutrensis,-0.4487610341366921,0.19907094923494076,0.19907094923494076,-0.8012647508765012,-0.8012647508765012,-1.6140939889801438
PL,2018-06-07,G. affinis,-0.4487610341366921,0.11899051995719598,2.128930345847788,-0.8012647508765012,-0.8012647508765012,0.7556196685362045
PL,2018-06-07,L. cyanellus,-0.4487610341366921,-0.11368476591031168,-0.6783395977364209,-0.8012647508765012,-0.8012647508765012,-0.3881072348239269
PL,2018-06-07,L. gulosus,-0.4487610341366921,-0.11368476591031168,-0.23345223905791698,-0.8012647508765012,-0.8012647508765012,-1.454777766444268
PL,2018-06-07,L. macrochirus,-0.4487610341366921,-0.11368476591031168,0.02441170273783473,-0.8012647508765012,-0.8012647508765012,-3.7126926412610204
PL,2018-06-07,L. megalotis,-0.4487610341366921,-0.11368476591031168,0.4038112691587419,-0.8012647508765012,-0.8012647508765012,-0.9068076657198035
PL,2018-06-07,M. salmoides,-0.4487610341366921,-0.11368476591031168,1.4223187407776683,-0.8012647508765012,-0.8012647508765012,0.3522884558959517
PL,2018-06-07,P. latipinna,-0.4487610341366921,0.11899051995719598,-0.8619193085251377,-0.8012647508765012,-0.8012647508765012,-0.14859362229970427
GC,2018-07-27,G. affinis,-0.9151846922746556,11.787058273745627,11.787058273745627,-0.08862938459498329,-0.08862938459498329,2.4670021731319
GC,2018-07-27,L. cyanellus,-0.9151846922746556,-0.9303107210143325,-0.908636044866818,-0.08862938459498329,-0.08862938459498329,-0.0958106556679798
GC,2018-07-27,L. gulosus,-0.9151846922746556,-0.9303107210143325,-0.9547009644646286,-0.08862938459498329,-0.08862938459498329,-0.04635711375070487
GC,2018-07-27,L. humilis,-0.900270903417053,-0.8512782946408645,-0.49743415484079345,-0.10505955715365502,-0.10505955715365502,-0.698292083221606
GC,2018-07-27,L. macrochirus,-0.9151846922746556,-0.9303107210143325,-0.9202714677243846,-0.08862938459498329,-0.08862938459498329,-0.08308657885124622
GC,2018-07-27,L. megalotis,-0.9151846922746556,-0.9303107210143325,-0.9658812758960552,-0.08862938459498329,-0.08862938459498329,-0.03471435512190163
GC,2018-07-27,L. microlophus,-0.9151846922746556,-0.9303107210143325,-0.28412007822815666,-0.08862938459498329,-0.08862938459498329,-1.2583583195176486
GC,2018-07-27,L. miniatus,-0.9151846922746556,-0.9303107210143325,-0.9527128044004571,-0.08862938459498329,-0.08862938459498329,-0.048441780241680485
GC,2018-07-27,M. salmoides,-0.9151846922746556,-0.9303107210143325,-0.8801519087272748,-0.08862938459498329,-0.08862938459498329,-0.12766076285389477
GC,2018-07-27,N. gyrinus,20091.7297,2321.4581,2321.4581,9.908063551663773,9.908063551663773,7.749950758621671
GC,2018-07-27,N. texanus,-0.9151846922746556,1.313285519213134,3.3065662711727057,-0.08862938459498329,-0.08862938459498329,1.1959102706272384
MR,2018-07-27,A. natalis,1043.0132,803.2554,803.2554,6.949869110721264,6.949869110721264,6.688672720662447
MR,2018-07-27,G. affinis,-0.9946981295749536,-0.9350348041615775,-0.16184250007193085,-0.0053159752166560366,-0.0053159752166560366,-1.8211316384420937
MR,2018-07-27,P. latipinna,-0.9946981295749536,-0.9350348041615775,-0.9556209964614427,-0.0053159752166560366,-0.0053159752166560366,-0.04539389175277353
PL,2018-07-27,A. natalis,-0.9734377888984957,-0.3636063416079038,-0.758973190848868,-0.026921360784547155,-0.026921360784547155,-0.2757888238850778
PL,2018-07-27,C. lutrensis,-0.9734377888984957,-0.5790788935166239,-0.5790788935166239,-0.026921360784547155,-0.026921360784547155,-0.5463165524589405
PL,2018-07-27,G. affinis,-0.9734377888984957,-0.8124017851516941,0.3932400685180415,-0.026921360784547155,-0.026921360784547155,-0.9333349922436731
PL,2018-07-27,I. punctatus,-0.9734377888984957,-0.3636063416079038,-0.960394618955024,-0.026921360784547155,-0.026921360784547155,-0.040411017571368404
PL,2018-07-27,L. macrochirus,-0.9734377888984957,-0.9497113105890147,-0.9024683052797746,-0.026921360784547155,-0.026921360784547155,-0.10262170819535452
PL,2018-07-27,L. megalotis,-0.9734377888984957,-0.9497113105890147,-0.9362955679213446,-0.026921360784547155,-0.026921360784547155,-0.06582407465808321
PL,2018-07-27,N. gyrinus,8148.3011,2450.0157000000004,1768.4393,9.005564730517627,9.005564730517627,7.4778526851840015
PL,2018-07-27,P. latipinna,-0.9734377888984957,-0.8124017851516941,-0.9443721388949207,-0.026921360784547155,-0.026921360784547155,-0.05723497558786726
PL,2018-09-25,C. lutrensis,-0.9645262069012812,-0.8258381880329955,-0.8258381880329955,-0.03611827551634562,-0.03611827551634562,-0.1913564229168691
PL,2018-09-25,G. affinis,-0.9645262069012812,-0.9595562038456391,-0.5907092223342818,-0.03611827551634562,-0.03611827551634562,-0.5264313922391346
PL,2018-09-25,I. punctatus,-0.9645262069012812,0.09793687742352525,2.477045191121099,-0.03611827551634562,-0.03611827551634562,0.9070663946367598
PL,2018-09-25,L. cyanellus,-0.9645262069012812,-0.9281987656968897,-0.9487610303685786,-0.03611827551634562,-0.03611827551634562,-0.052598324127940674
PL,2018-09-25,L. macrochirus,-0.9645262069012812,-0.9281987656968897,-0.7315453070909015,-0.03611827551634562,-0.03611827551634562,-0.3125961232002064
PL,2018-09-25,L. megalotis,-0.9645262069012812,-0.9281987656968897,-0.9225017008347387,-0.03611827551634562,-0.03611827551634562,-0.08066605934586046
SF,2017-11-05,A. mexicanus,1.7476540536988985,-0.811951797786187,-0.811951797786187,0.5582743478633794,0.5582743478633794,-0.2083143029147541
SF,2017-11-05,C. lutrensis,264728.99569999997,4314.829000000001,1394.5423,12.486461923961306,12.486461923961306,7.240321540060345
SF,2017-11-05,C. variegatus,264728.99569999997,76.59599999999999,76.59599999999999,12.486461923961306,12.486461923961306,4.338544856061921
SF,2017-11-05,G. affinis,1.7476540536988985,0.3530168190036122,1.293025044594117,0.5582743478633794,0.5582743478633794,0.2569844689711366
SF,2017-11-05,H. cyanoguttatum,1.7476540536988985,2.847202168095858,3.0550464336285974,0.5582743478633794,0.5582743478633794,1.116794791731815
SF,2017-11-05,L. macrochirus,1.7476540536988985,0.7913028640356053,0.7913028640356053,0.5582743478633794,0.5582743478633794,-0.23407449696799745
SF,2017-11-05,P. latipinna,1.7476540536988985,0.3530168190036122,0.3156287024137743,0.5582743478633794,0.5582743478633794,-1.1531887486014347
SF,2017-11-05,P. vigilax,264728.99569999997,4314.829000000001,2920.2867,12.486461923961306,12.486461923961306,7.979437075374009
TR,2017-11-05,C. variegatus,-0.8433356038819931,-0.9436241935782991,-0.9436241935782991,-0.17039029358211571,-0.17039029358211571,-0.05802729212247584
TR,2017-11-05,D. maculatus,22878.066499999997,592.1003000000001,592.1003000000001,10.03793393580401,10.03793393580401,6.383676046208772
TR,2017-11-05,F. grandis,-0.8433356038819931,-0.5389197329888737,-0.5389197329888737,-0.17039029358211571,-0.17039029358211571,-0.6181886375505733
TR,2017-11-05,G. affinis,-0.8433356038819931,-0.130122887677793,-0.9544730987415376,-0.17039029358211571,-0.17039029358211571,-0.04659581982634713
TR,2017-11-05,H. cyanoguttatum,-0.7717434663184964,-0.7841417792800007,-0.8516145574296621,-0.25910308169531504,-0.25910308169531504,-0.16062125189841667
TR,2017-11-05,L. megalotis,22878.066499999997,1397.0959,1397.0959,10.03793393580401,10.03793393580401,7.242151004001788
TR,2017-11-05,N. gyrinus,22878.066499999997,75.5788,75.5788,10.03793393580401,10.03793393580401,4.325175820579104
TR,2017-11-05,O. aureus,-0.8433356038819931,4.42115472056083,1.1008621382920458,-0.17039029358211571,-0.17039029358211571,0.0960936349068906
TR,2017-11-05,P. latipinna,-0.8433356038819931,-0.130122887677793,1.8037422623013448,-0.17039029358211571,-0.17039029358211571,0.5898635413123182
SF,2017-12-11,C. lutrensis,75744.7341,443.3013,252.66090000000003,11.235124204123526,11.235124204123526,5.532048273494811
SF,2017-12-11,G. affinis,-0.21382889460658155,-0.7212376642980427,-0.848506499922268,-1.5425791416903702,-1.5425791416903702,-0.1642775338513188
SF,2017-12-11,H. cyanoguttatum,-0.21382889460658155,-0.7690821952836169,-0.7566069107982518,-1.5425791416903702,-1.5425791416903702,-0.27891143280661507
SF,2017-12-11,L. oculatus,-0.9172761386912048,-0.9653032945911165,-0.9653032945911165,-0.08634671935124019,-0.08634671935124019,-0.03531293211037682
SF,2017-12-11,P. latipinna,-0.21382889460658155,-0.7212376642980427,-0.7161566762762048,-1.5425791416903702,-1.5425791416903702,-0.33385631434463775
SF,2017-12-11,P. vigilax,75744.7341,443.3013,190.64039999999997,11.235124204123526,11.235124204123526,5.250388930983837
TR,2017-12-11,C. variegatus,-0.8511445587175245,-0.8591328032813604,-0.8591328032813604,-0.1611732956016237,-0.1611732956016237,-0.15183176675739354
TR,2017-12-11,G. affinis,-0.8511445587175245,-0.4866190783107149,-0.5419841485071427,-0.1611732956016237,-0.1611732956016237,-0.6125185242669567
TR,2017-12-11,P. latipinna,-0.8511445587175245,-0.4866190783107149,-0.356437695833638,-0.1611732956016237,-0.1611732956016237,-1.031595820646241
SF,2018-06-01,C. lutrensis,110031.3157,833.0291000000001,302.7406,11.60852029244038,11.60852029244038,5.712876333231114
SF,2018-06-01,G. affinis,-0.9540779192295599,0.6334365204835419,1.4970737873436861,-0.047009934527923555,-0.047009934527923555,0.40351239436551506
SF,2018-06-01,H. cyanoguttatum,-0.9540779192295599,-0.8900644518779608,-0.8898504123670595,-0.047009934527923555,-0.047009934527923555,-0.11670190637437192
SF,2018-06-01,P. latipinna,-0.9540779192295599,0.6334365204835419,0.6083771837793324,-0.047009934527923555,-0.047009934527923555,-0.49696022130657413
SF,2018-06-01,P. vigilax,110031.3157,833.0291000000001,530.2885,11.60852029244038,11.60852029244038,6.273421198069738
TR,2018-06-01,A. mexicanus,-0.3013926613610299,11.984472705261974,11.984472705261974,-1.199341341589722,-1.199341341589722,2.483611870695037
TR,2018-06-01,C. variegatus,-0.3013926613610299,41.56833078943848,41.56833078943848,-1.199341341589722,-1.199341341589722,3.7273385982470977
TR,2018-06-01,F. grandis,-0.10958749528703261,-0.6588460940017891,-0.08049415015185489,-2.211032005073866,-2.211032005073866,-2.5195707661191906
TR,2018-06-01,P. latipinna,-0.3013926613610299,3.903532061058749,3.9095436940381822,-1.199341341589722,-1.199341341589722,1.3634206648950071
SF,2018-09-18,A. mexicanus,-0.9320221164857846,-0.7759939500087475,-0.7759939500087475,-0.07039873444313906,-0.07039873444313906,-0.25361055520979026
SF,2018-09-18,C. lutrensis,5321.0977,325.7853,325.7853,8.579434895638103,8.579434895638103,5.7862385754446795
SF,2018-09-18,G. affinis,-0.9320221164857846,-0.7461609157094458,1.5988757835708147,-0.07039873444313906,-0.07039873444313906,0.4693007470136442
SF,2018-09-18,L. gulosus,-0.9941876004340334,-0.9859445614813391,-0.9533163061709892,-0.00582935730234365,-0.00582935730234365,-0.04780852465565352
SF,2018-09-18,L. macrochirus,-0.9941876004340334,-0.9859445614813391,-0.9752198397905447,-0.00582935730234365,-0.00582935730234365,-0.02509235669209145
SF,2018-09-18,P. latipinna,-0.9320221164857846,-0.7461609157094458,-0.9887864915292395,-0.07039873444313906,-0.07039873444313906,-0.011276853851358595
WM,2017-09-30,A. natalis,45066.528099999996,8137.073600000001,1310.4392,10.715895079214022,10.715895079214022,7.1781176271812885
WM,2017-09-30,C. lutrensis,45066.528099999996,133.29500000000002,127.12500000000001,10.715895079214022,10.715895079214022,4.845170854368724
WM,2017-09-30,I. punctatus,45066.528099999996,8137.073600000001,6826.634400000001,10.715895079214022,10.715895079214022,8.828587063911664
WM,2017-09-30,L. auritus,45066.528099999996,36796.1595,10135.1636,10.715895079214022,10.715895079214022,9.223766200837712
WM,2017-09-30,L. cyanellus,2.21903035273558,1.7108581483853096,0.5807516418335565,0.7970703224218363,0.7970703224218363,-0.5434320802438256
WM,2017-09-30,L. macrochirus,2.21903035273558,1.7108581483853096,-0.9824892600008449,0.7970703224218363,0.7970703224218363,-0.017665866595317777
WM,2017-09-30,L. megalotis,2.21903035273558,1.7108581483853096,10.702075914652609,0.7970703224218363,0.7970703224218363,2.3704377333654127
WM,2017-09-30,P. vigilax,45066.528099999996,133.29500000000002,6.169999999999999,10.715895079214022,10.715895079214022,1.8196988379172963
EM,2017-12-02,A. sayanus,102504.871,111.481,111.481,11.537665598382688,11.537665598382688,4.713854172792389
EM,2017-12-02,E. gracile,-0.8213798681179827,4.450727489387687,4.450727489387687,-0.19676958699063796,-0.19676958699063796,1.4930675635779034
EM,2017-12-02,G. affinis,-0.8213798681179827,9.56634709894777,9.56634709894777,-0.19676958699063796,-0.19676958699063796,2.258251429248356
EM,2017-12-02,I. punctatus,102504.871,1673.0272,979.0971999999999,11.537665598382688,11.537665598382688,6.886630922586761
EM,2017-12-02,L. cyanellus,-0.8213798681179827,1.3993300299978175,4.408597223038207,-0.19676958699063796,-0.19676958699063796,1.4835565488433833
EM,2017-12-02,L. gulosus,-0.8213798681179827,1.3993300299978175,4.9106441487662895,-0.19676958699063796,-0.19676958699063796,1.5914051243963807
EM,2017-12-02,L. humilis,102504.871,92238.6762,151.80110000000002,11.537665598382688,11.537665598382688,5.022571111312087
EM,2017-12-02,L. macrochirus,-0.8213798681179827,1.3993300299978175,-0.1855882341816285,-0.19676958699063796,-0.19676958699063796,-1.6842248540574343
EM,2017-12-02,L. megalotis,-0.8213798681179827,1.3993300299978175,1.1491586521874448,-0.19676958699063796,-0.19676958699063796,0.13903006782678015
EM,2017-12-02,M. salmoides,-0.5648013355321176,2.372973124553441,36.188076705977586,-0.5712812281952105,-0.5712812281952105,3.588729691813553
EM,2017-12-02,N. gyrinus,-0.5648013355321176,14.990554836491112,5.638073904965683,-0.5712812281952105,-0.5712812281952105,1.7295425009716832
EM,2017-12-02,N. texanus,-0.8213798681179827,7.5903634018153285,0.6860280949695794,-0.19676958699063796,-0.19676958699063796,-0.37683669732872466
EM,2017-12-02,P. annularis,-0.8213798681179827,1.3993300299978175,-0.9557583330459746,-0.19676958699063796,-0.19676958699063796,-0.04525018758830128
EM,2017-12-02,P. vigilax,-0.5648013355321176,11.0022806112645,21.59118475151613,-0.5712812281952105,-0.5712812281952105,3.0722851180334643
WM,2017-12-02,A. natalis,106065.2025,13359.534899999999,5370.2842,11.571809301911246,11.571809301911246,8.58863610975241
WM,2017-12-02,A. sayanus,1.9245072698141712,0.9896842071558868,0.9896842071558868,0.6546699712425421,0.6546699712425421,-0.010369369410116423
WM,2017-12-02,C. lutrensis,106065.2025,3277.0301,2287.518,11.571809301911246,11.571809301911246,7.735222665971176
WM,2017-12-02,C. venusta,1.9245072698141712,22.717440189622014,5.5943305853769365,0.6546699712425421,0.6546699712425421,1.721753689454261
WM,2017-12-02,G. affinis,1.9245072698141712,5.042454671994364,5.042454671994364,0.6546699712425421,0.6546699712425421,1.61789300161284
WM,2017-12-02,I. punctatus,106065.2025,13359.534899999999,7579.9353,11.571809301911246,11.571809301911246,8.933259942979936
WM,2017-12-02,L. cyanellus,1.9245072698141712,1.1090811967159024,1.0414433847659286,0.6546699712425421,0.6546699712425421,0.04060762091916801
WM,2017-12-02,L. gulosus,1.9245072698141712,1.1090811967159024,-0.8282747200201183,0.6546699712425421,0.6546699712425421,-0.18841039216225533
WM,2017-12-02,L. humilis,106065.2025,75607.28899999999,167.4128,11.571809301911246,11.571809301911246,5.12046261869252
WM,2017-12-02,L. macrochirus,1.9245072698141712,1.1090811967159024,-0.133741351393367,0.6546699712425421,0.6546699712425421,-2.0118475577762287
WM,2017-12-02,L. megalotis,1.9245072698141712,1.1090811967159024,0.6074766478751714,0.6546699712425421,0.6546699712425421,-0.49844154421791015
WM,2017-12-02,L. oculatus,106065.2025,12538.0979,12538.0979,11.571809301911246,11.571809301911246,9.43652712006631
WM,2017-12-02,M. salmoides,1.9245072698141712,1.1090811967159024,9.177343489082704,0.6546699712425421,0.6546699712425421,2.216737782479633
WM,2017-12-02,N. gyrinus,106065.2025,13359.534899999999,409.3154,11.571809301911246,11.571809301911246,6.014486008004327
WM,2017-12-02,N. texanus,106065.2025,3277.0301,31.653899999999997,11.571809301911246,11.571809301911246,3.454861363747701
WM,2017-12-02,P. vigilax,106065.2025,3277.0301,47.4439,11.571809301911246,11.571809301911246,3.859547960416726
EM,2018-09-01,G. affinis,3.946088562910087,0.3893178802247056,0.3893178802247056,1.372724851066278,1.372724851066278,-0.9433590962534582
EM,2018-09-01,I. punctatus,162102.80939999997,111.06869999999999,111.06869999999999,11.995986038850573,11.995986038850573,4.71014892877993
EM,2018-09-01,L. auritus,162102.80939999997,7806.0365,61.8916,11.995986038850573,11.995986038850573,4.125384467735734
EM,2018-09-01,L. cyanellus,3.946088562910087,-0.6799879788847651,-0.8729847580079078,1.372724851066278,1.372724851066278,-0.1358371826215168
EM,2018-09-01,L. macrochirus,3.946088562910087,-0.6799879788847651,0.0447435223519335,1.372724851066278,1.372724851066278,-3.1068085966509424
EM,2018-09-01,L. megalotis,3.946088562910087,-0.6799879788847651,-0.8082800311796785,1.372724851066278,1.372724851066278,-0.212846707261499
EM,2018-09-01,L. oculatus,3.946088562910087,31.207496897709653,31.207496897709653,1.372724851066278,1.372724851066278,3.4406583511345774
EM,2018-09-01,P. annularis,-0.31177248027055776,-0.7145162973056082,-0.8674028705890124,-1.1654815870921713,-1.1654815870921713,-0.14225173816853262
WM,2018-09-01,A. melas,20734.0405,277.11640000000006,192.363,9.939532097194547,9.939532097194547,5.259384212045803
WM,2018-09-01,A. sayanus,0.481038067732442,-0.4402833904924137,-0.4402833904924137,-0.7318088691131197,-0.7318088691131197,-0.8203366900925064
WM,2018-09-01,C. lutrensis,20734.0405,35.16610000000001,13.1263,9.939532097194547,9.939532097194547,2.5746178511918436
WM,2018-09-01,G. affinis,0.481038067732442,-0.2686820859989094,-0.2686820859989094,-0.7318088691131197,-0.7318088691131197,-1.3142264347349855
WM,2018-09-01,I. punctatus,20734.0405,277.11640000000006,84.7534,9.939532097194547,9.939532097194547,4.4397458634499545
WM,2018-09-01,L. auritus,20734.0405,20171.0993,300.2078,9.939532097194547,9.939532097194547,5.704474901540032
WM,2018-09-01,L. cyanellus,0.481038067732442,0.4860848092756344,-0.3804129684865164,-0.7318088691131197,-0.7318088691131197,-0.9664978571819258
WM,2018-09-01,L. gulosus,0.481038067732442,0.4860848092756344,-0.49624775222969497,-0.7318088691131197,-0.7318088691131197,-0.7006799765029448
WM,2018-09-01,L. macrochirus,0.481038067732442,0.4860848092756344,-0.8592355010931286,-0.7318088691131197,-0.7318088691131197,-0.15171223730421515
WM,2018-09-01,L. megalotis,0.481038067732442,0.4860848092756344,2.8531008602076673,-0.7318088691131197,-0.7318088691131197,1.0484064239400512
WM,2018-09-01,M. salmoides,0.481038067732442,0.4860848092756344,2.125870500653911,-0.7318088691131197,-0.7318088691131197,0.7541813658603516
WM,2018-09-01,N. texanus,20734.0405,35.16610000000001,22.0398,9.939532097194547,9.939532097194547,3.0928499098333777
EM,2018-02-09,E. gracile,-0.09618506491729839,11.343266429471058,11.343266429471058,-2.3414811837029914,-2.3414811837029914,2.4286243017495317
EM,2018-02-09,G. affinis,0.6230531122840341,26.941273458769274,26.941273458769274,-0.47312351136613445,-0.47312351136613445,3.293659440049475
EM,2018-02-09,L. cyanellus,0.6230531122840341,4.414868860614219,-0.6857860024470344,-0.47312351136613445,-0.47312351136613445,-0.37718964970837165
EM,2018-02-09,L. gulosus,0.6230531122840341,4.414868860614219,4.062185561269435,-0.47312351136613445,-0.47312351136613445,1.4017211443573896
EM,2018-02-09,L. humilis,212881.86179999998,156536.5147,72.0533,12.268492651385593,12.268492651385593,4.277406122923391
EM,2018-02-09,L. macrochirus,0.6230531122840341,4.414868860614219,1.6335935056777344,-0.47312351136613445,-0.47312351136613445,0.49078219295374487
EM,2018-02-09,L. megalotis,0.6230531122840341,4.414868860614219,8.102536511581027,-0.47312351136613445,-0.47312351136613445,2.092177162235202
EM,2018-02-09,L. oculatus,0.6230531122840341,3.5659434137003463,3.5659434137003463,-0.47312351136613445,-0.47312351136613445,1.271428651031352
EM,2018-02-09,N. gyrinus,0.6230531122840341,10.617817620846607,10.617817620846607,-0.47312351136613445,-0.47312351136613445,2.3625334976009484
EM,2018-02-09,P. annularis,-0.09618506491729839,4.724183473092993,-0.9484348437809198,-2.3414811837029914,-2.3414811837029914,-0.052942185924518846
EM,2018-02-09,P. vigilax,-0.09618506491729839,22.243348518144472,47.26314944732195,-2.3414811837029914,-2.3414811837029914,3.855730910404248
WM,2018-02-09,E. gracile,0.23359312868089402,-0.741251904906475,-0.741251904906475,-1.4541744433541246,-1.4541744433541246,-0.2994147588165394
WM,2018-02-09,G. affinis,0.23359312868089402,-0.16547303786523335,-0.16547303786523335,-1.4541744433541246,-1.4541744433541246,-1.7989470106378234
WM,2018-02-09,I. punctatus,41165.281200000005,738.9761,738.9761,10.625350490754986,10.625350490754986,6.605265579423867
WM,2018-02-09,L. cyanellus,0.23359312868089402,-0.5718910816468532,-0.5740029316465679,-1.4541744433541246,-1.4541744433541246,-0.5551207752774114
WM,2018-02-09,L. gulosus,0.23359312868089402,-0.5718910816468532,-0.33018148852552376,-1.4541744433541246,-1.4541744433541246,-1.1081128104682028
WM,2018-02-09,L. humilis,41165.281200000005,13921.4556,187.513,10.625350490754986,10.625350490754986,5.233848176340355
WM,2018-02-09,L. macrochirus,0.23359312868089402,-0.5718910816468532,-0.9157839194382539,-1.4541744433541246,-1.4541744433541246,-0.08797483794556622
WM,2018-02-09,L. megalotis,0.23359312868089402,-0.5718910816468532,-0.49884180608291584,-1.4541744433541246,-1.4541744433541246,-0.6954662553706011
WM,2018-02-09,L. oculatus,41165.281200000005,25820.999300000003,25820.999300000003,10.625350490754986,10.625350490754986,10.158943366207867
WM,2018-02-09,N. texanus,41165.281200000005,129.79299999999998,84.7895,10.625350490754986,10.625350490754986,4.440171714376718
WM,2018-02-09,P. vigilax,41165.281200000005,129.79299999999998,45.0035,10.625350490754986,10.625350490754986,3.806740264523563
GC,2017-10-03,G. affinis,-0.9909309867316316,-0.9529054471317753,-0.9529054471317753,-0.009110387105754472,-0.009110387105754472,-0.04823959627139212
GC,2017-10-03,L. auritus,-0.9909309867316316,-0.9661175148838473,-0.8349177894229479,-0.009110387105754472,-0.009110387105754472,-0.1804220147592708
GC,2017-10-03,L. cyanellus,-0.9909309867316316,-0.9661175148838473,-0.6098872988709323,-0.009110387105754472,-0.009110387105754472,-0.49448109483355435
GC,2017-10-03,L. macrochirus,-0.9909309867316316,-0.9661175148838473,-0.9939479120005754,-0.009110387105754472,-0.009110387105754472,-0.006070476112525506
GC,2017-10-03,N. texanus,-0.9829999022522404,2.9991924097098597,5.01870149798131,-0.017146258273184566,-0.017146258273184566,1.6131712345031102
GC,2017-11-04,E. gracile,22927.919299999998,61.561899999999994,61.561899999999994,10.040110630347872,10.040110630347872,4.120043172691919
GC,2017-11-04,F. chrysotus,-0.9392879150370345,-0.5578637518586019,-0.45488187055561513,-0.0626332279890221,-0.0626332279890221,-0.7877175188921253
GC,2017-11-04,G. affinis,-0.9392879150370345,-0.015465941536990126,-0.015465941536990126,-0.0626332279890221,-0.0626332279890221,-4.169114992901356
GC,2017-11-04,L. auritus,-0.9392879150370345,-0.7028121871830929,-0.897443352067107,-0.0626332279890221,-0.0626332279890221,-0.10820527808567017
GC,2017-11-04,L. gulosus,-0.9392879150370345,-0.7028121871830929,-0.9083263494445643,-0.0626332279890221,-0.0626332279890221,-0.09615154926734377
GC,2017-11-04,L. macrochirus,-0.9392879150370345,-0.7028121871830929,-0.8242553260680091,-0.0626332279890221,-0.0626332279890221,-0.19327493533687665
GC,2017-11-04,L. megalotis,-0.9392879150370345,-0.7028121871830929,0.4157982246663602,-0.0626332279890221,-0.0626332279890221,-0.8775551732490131
GC,2017-11-04,M. salmoides,-0.9392879150370345,-0.7028121871830929,-0.19760413825804374,-0.0626332279890221,-0.0626332279890221,-1.6214895512862268
GC,2017-11-04,N. gyrinus,22927.919299999998,101.2207,101.2207,10.040110630347872,10.040110630347872,4.617303281391341
GC,2017-11-04,N. texanus,-0.8861936411053049,-0.09072088785345478,0.20813073062749196,-0.1208197957047972,-0.1208197957047972,-1.5695888840799894
GC,2017-11-04,P. vigilax,22927.919299999998,216.60209999999998,25.4924,10.040110630347872,10.040110630347872,3.2383803685261805
GC,2018-03-30,F. chrysotus,-0.9200825879993375,0.17960537112903732,0.29576738383822826,-0.0832918434036,-0.0832918434036,-1.218181999023565
GC,2018-03-30,G. affinis,-0.40069536379003184,5.09534287718412,5.09534287718412,-0.9145538316839101,-0.9145538316839101,1.6283269612080284
GC,2018-03-30,L. auritus,-0.9200825879993375,-0.8853753230423561,-0.9746107782115109,-0.0832918434036,-0.0832918434036,-0.025717089520902202
GC,2018-03-30,L. cyanellus,-0.9200825879993375,-0.8853753230423561,-0.20033581187515814,-0.0832918434036,-0.0832918434036,-1.6077602611025972
GC,2018-03-30,L. gulosus,-0.40069536379003184,-0.5166780258363759,-0.9252674066876048,-0.9145538316839101,-0.9145538316839101,-0.07767249493676205
GC,2018-03-30,L. macrochirus,-0.40069536379003184,-0.5166780258363759,-0.9465633559959606,-0.9145538316839101,-0.9145538316839101,-0.05491737344039722
GC,2018-03-30,L. megalotis,-0.40069536379003184,-0.5166780258363759,0.15113562794777397,-0.9145538316839101,-0.9145538316839101,-1.8895776469763226
GC,2018-03-30,M. salmoides,-0.9200825879993375,-0.8853753230423561,-0.4836346400991555,-0.0832918434036,-0.0832918434036,-0.7264255331559212
GC,2018-03-30,N. texanus,-0.9200825879993375,-0.13458189930806025,0.3024362634736565,-0.0832918434036,-0.0832918434036,-1.1958847229720884
PD,2018-03-30,A. melas,450984.2742,19201.268,19201.268,13.019187749140745,13.019187749140745,9.862731597501885
PD,2018-03-30,F. chrysotus,1.20028878496131,10.987375909083827,7.184578332971355,0.18256218197581833,0.18256218197581833,1.9719368306788876
PD,2018-03-30,F. notatus,4.704477673829397,48.56215213763973,25.374466173484866,1.5485147517481184,1.5485147517481184,3.2337433996425267
PD,2018-03-30,G. affinis,4.704477673829397,4.659549871090274,40.74772285045543,1.5485147517481184,1.5485147517481184,3.707399957155053
PD,2018-03-30,L. auritus,4.704477673829397,-0.3281387108320767,-0.8592847045948533,1.5485147517481184,1.5485147517481184,-0.1516549746644449
PD,2018-03-30,L. cyanellus,4.704477673829397,-0.3281387108320767,0.5708039437034772,1.5485147517481184,1.5485147517481184,-0.560709484322249
PD,2018-03-30,L. macrochirus,4.704477673829397,-0.3281387108320767,-0.3476119341513872,1.5485147517481184,1.5485147517481184,-1.0566685531785749
PD,2018-03-30,L. megalotis,4.704477673829397,-0.3281387108320767,-0.4283049397010767,1.5485147517481184,1.5485147517481184,-0.8479198611537339
PD,2018-03-30,L. oculatus,4.704477673829397,11.560246789970318,11.560246789970318,1.5485147517481184,1.5485147517481184,2.4475722116297023
GC,2018-06-06,G. affinis,-0.46793372904555247,-0.6207270385845565,-0.6207270385845565,-0.7594285976948891,-0.7594285976948891,-0.47686384507331825
GC,2018-06-06,L. auritus,-0.8440443768515211,-0.8926256677848893,-0.9262888572362864,-0.16955020656045464,-0.16955020656045464,-0.07656915211947155
GC,2018-06-06,L. cyanellus,-0.8440443768515211,-0.8926256677848893,-0.8718496127851281,-0.16955020656045464,-0.16955020656045464,-0.1371383323488837
GC,2018-06-06,L. macrochirus,-0.46793372904555247,-0.7924271254966194,-0.33993626133775684,-0.7594285976948891,-0.7594285976948891,-1.0789971455996559
GC,2018-06-06,L. megalotis,-0.46793372904555247,-0.7924271254966194,-0.9053477782398494,-0.7594285976948891,-0.7594285976948891,-0.09943612375301437
GC,2018-06-06,L. microlophus,-0.8440443768515211,-0.8926256677848893,-0.934025351667753,-0.16955020656045464,-0.16955020656045464,-0.06825169800843613
GC,2018-06-06,L. oculatus,-0.8440443768515211,-0.9382282702148217,-0.9382282702148217,-0.16955020656045464,-0.16955020656045464,-0.06376200114479753
GC,2018-06-06,M. salmoides,-0.46793372904555247,-0.7924271254966194,-0.9620846835934912,-0.7594285976948891,-0.7594285976948891,-0.03865280350726497
GC,2018-06-06,N. gyrinus,31419.861999999997,274.4646,274.4646,10.355195519693028,10.355195519693028,5.61482229088467
MR,2018-06-06,C. variegatus,1604.4750999999999,66.2973,66.2973,7.380551941576267,7.380551941576267,4.194149172380673
MR,2018-06-06,G. affinis,-0.9979163612857289,-0.9475486802417223,-0.9355828624121307,-0.002085812509544446,-0.002085812509544446,-0.06658556165649492
MR,2018-06-06,H. cyanoguttatum,-0.9979163612857289,-0.9983430558931605,-0.9983430558931605,-0.002085812509544446,-0.002085812509544446,-0.001658318356972971
MR,2018-06-06,L. megalotis,-0.9947074006376501,-0.9601720493373178,-0.68191730072591,-0.005306654781424802,-0.005306654781424802,-0.3828468884239383
MR,2018-06-06,P. latipinna,-0.9979163612857289,-0.9475486802417223,-0.9487744178564298,-0.002085812509544446,-0.002085812509544446,-0.052584213732412705
GC,2018-11-15,E. gracile,7337.2498000000005,39.3467,39.3467,8.900719364747479,8.900719364747479,3.672412108576721
GC,2018-11-15,F. chrysotus,-0.9805694965598721,-0.8736392184985159,-0.8442074063441393,-0.019621757163098868,-0.019621757163098868,-0.1693570724619183
GC,2018-11-15,G. affinis,-0.9805694965598721,-0.5514441617926581,-0.5514441617926581,-0.019621757163098868,-0.019621757163098868,-0.5952146932972523
GC,2018-11-15,L. gulosus,-0.9805694965598721,-0.905547676561582,-0.9683493083167747,-0.019621757163098868,-0.019621757163098868,-0.03216240109917152
GC,2018-11-15,L. macrochirus,-0.9805694965598721,-0.905547676561582,-0.8480185423886213,-0.019621757163098868,-0.019621757163098868,-0.16485277740497445
GC,2018-11-15,L. megalotis,-0.9805694965598721,-0.905547676561582,-0.8031261549904755,-0.019621757163098868,-0.019621757163098868,-0.21924347277915016
GC,2018-11-15,L. miniatus,-0.9805694965598721,-0.905547676561582,-0.799251106138535,-0.019621757163098868,-0.019621757163098868,-0.22408010707250267
MR,2017-09-26,G. affinis,-0.9991708761563649,-0.955944851395074,0.6776981285631491,-8.29467756920079e-4,-8.29467756920079e-4,-0.389053328297108
MR,2017-12-05,C. variegatus,9709.8549,1750.4235999999999,1750.4235999999999,9.180896617816353,9.180896617816353,7.467613094769313
MR,2017-12-05,F. chrysotus,-0.890964223571891,3.577701359458634,-0.8859860412334551,-0.11545100543545324,-0.11545100543545324,-0.1210540833166779
MR,2017-12-05,F. grandis,9709.8549,2793.2843,2724.6888,9.180896617816353,9.180896617816353,7.910109498740956
MR,2017-12-05,G. affinis,-0.890964223571891,0.0614382198333074,2.4219620432836817,-0.11545100543545324,-0.11545100543545324,0.8845779733663491
MR,2017-12-05,H. cyanoguttatum,-0.890964223571891,-0.7909839427715692,-0.7909839427715692,-0.11545100543545324,-0.11545100543545324,-0.23447761133004968
MR,2017-12-05,L. gulosus,-0.890964223571891,-0.9665143601363306,11.309642486122335,-0.11545100543545324,-0.11545100543545324,2.4256556792059807
MR,2017-12-05,L. megalotis,-0.890964223571891,-0.9665143601363306,-0.8565626839581733,-0.11545100543545324,-0.11545100543545324,-0.15482777772177375
MR,2017-12-05,P. latipinna,-0.890964223571891,0.0614382198333074,-0.2898634681001058,-0.11545100543545324,-0.11545100543545324,-1.2383452665173793
MR,2018-02-05,C. variegatus,94161.4834,4362.3869,4362.3869,11.452766495845749,11.452766495845749,8.38077464067318
MR,2018-02-05,F. grandis,94161.4834,3323.0040999999997,2952.8078,11.452766495845749,11.452766495845749,7.990511793272852
MR,2018-02-05,G. affinis,-0.2696271693339268,165.20389134788437,14.737183294483529,-1.3107151285604388,-1.3107151285604388,2.6903737758604707
MR,2018-02-05,H. cyanoguttatum,-0.2696271693339268,-0.7955411930432078,-0.7955411930432078,-1.3107151285604388,-1.3107151285604388,-0.22873264996393902
MR,2018-02-05,L. gulosus,-0.2696271693339268,-0.7295273427653902,-0.9726909082487528,-1.3107151285604388,-1.3107151285604388,-0.027688916072649044
MR,2018-02-05,L. macrochirus,-0.2696271693339268,-0.7295273427653902,1.3542831244243285,-1.3107151285604388,-1.3107151285604388,0.3032722548648835
MR,2018-02-05,L. megalotis,-0.2696271693339268,-0.7295273427653902,-0.8410231837982556,-1.3107151285604388,-1.3107151285604388,-0.17313605244711022
MR,2018-02-05,L. microlophus,-0.2696271693339268,-0.7295273427653902,-0.4283802429182197,-1.3107151285604388,-1.3107151285604388,-0.8477440597768344
MR,2018-02-05,L. miniatus,94161.4834,6818.2229,1002.0739999999998,11.452766495845749,11.452766495845749,6.909827131213272
MR,2018-02-05,L. parva,94161.4834,3323.0040999999997,370.19629999999995,11.452766495845749,11.452766495845749,5.914033405491936
MR,2018-02-05,M. cephalus,-0.2696271693339268,-0.27905183414754936,-0.27905183414754936,-1.3107151285604388,-1.3107151285604388,-1.2763577289416683
MR,2018-02-05,N. gyrinus,94161.4834,11.448999999999998,11.448999999999998,11.452766495845749,11.452766495845749,2.437902389941675
MR,2018-02-05,P. latipinna,-0.6895845350699416,1.991135626904208,1.5188080564060116,-0.37166598582677907,-0.37166598582677907,0.417925853816282
MR,2018-03-05,C. variegatus,2905.1920999999998,187.10229999999999,187.10229999999999,7.974254794466303,7.974254794466303,5.231655526095989
MR,2018-03-05,F. grandis,2905.1920999999998,71.7277,71.7277,7.974254794466303,7.974254794466303,4.272877004937239
MR,2018-03-05,G. affinis,-0.977458073811418,18.848840922725202,3.68811613754324,-0.022799879283987905,-0.022799879283987905,1.3051157958555877
MR,2018-03-05,H. cyanoguttatum,-0.977458073811418,-0.7647507388611016,-0.7647507388611016,-0.022799879283987905,-0.022799879283987905,-0.26820532980435124
MR,2018-03-05,M. cephalus,-0.977458073811418,-0.9835909909144176,-0.9835909909144176,-0.022799879283987905,-0.022799879283987905,-0.016545127980116942
MR,2018-03-05,P. latipinna,-0.9904194649575527,-0.6427846859948187,-0.7457607400089545,-0.009626723612511498,-0.009626723612511498,-0.2933504540698557
PD,2018-03-05,A. melas,60325.349299999994,1700.579,1700.579,11.007507680778996,11.007507680778996,7.438724060292595
PD,2018-03-05,F. notatus,-0.2369366974654896,2.774069595808732,2.774069595808732,-1.439962272826109,-1.439962272826109,1.0203154101895813
PD,2018-03-05,G. affinis,-0.2369366974654896,-0.33460713881574317,3.9082766983446606,-1.439962272826109,-1.439962272826109,1.3630965347305821
PD,2018-03-05,H. cyanoguttatum,-0.2369366974654896,-0.3686489565525507,-0.3686489565525507,-1.439962272826109,-1.439962272826109,-0.9979104250060625
PD,2018-03-05,L. auritus,-0.2369366974654896,0.4035188575026769,0.9791778407439977,-1.439962272826109,-1.439962272826109,-0.021041997439289462
PD,2018-03-05,L. cyanellus,-0.2369366974654896,0.4035188575026769,-0.5229903296006264,-1.439962272826109,-1.439962272826109,-0.6481923053355291
PD,2018-03-05,L. macrochirus,-0.2369366974654896,0.4035188575026769,-0.3633310855697954,-1.439962272826109,-1.439962272826109,-1.012440778951344
PD,2018-03-05,L. megalotis,-0.2369366974654896,0.4035188575026769,-0.8042149500021809,-1.439962272826109,-1.439962272826109,-0.21788869478603246
PD,2018-03-05,M. salmoides,-0.7056768870382585,-0.6517199655182248,0.0554496001242674,-0.34859781333506,-0.34859781333506,-2.892280776676734
PD,2017-12-04,F. grandis,-0.2288983591773826,4.807128210841891,0.5792315925805394,-1.474477220343836,-1.474477220343836,-0.5460528941969583
PD,2017-12-04,F. notatus,-0.2288983591773826,4.807128210841891,13.939007383147349,-1.474477220343836,-1.474477220343836,2.634691196423149
PD,2017-12-04,G. affinis,-0.2288983591773826,0.7134774861851737,2.8958169241608998,-1.474477220343836,-1.474477220343836,1.0632672557299347
PD,2017-12-04,H. cyanoguttatum,-0.2288983591773826,-0.9358470805815714,-0.9358470805815714,-1.474477220343836,-1.474477220343836,-0.06630319129880621
PD,2017-12-04,L. auritus,-0.2288983591773826,-0.05561991406134743,-0.8697480374874021,-1.474477220343836,-1.474477220343836,-0.13955172136263175
PD,2017-12-04,L. cyanellus,-0.2288983591773826,-0.05561991406134743,0.5534923907275251,-1.474477220343836,-1.474477220343836,-0.5915072744843576
PD,2017-12-04,L. gulosus,-0.2288983591773826,-0.05561991406134743,-0.6763125569325061,-1.474477220343836,-1.474477220343836,-0.39109994746950444
PD,2017-12-04,L. macrochirus,-0.2288983591773826,-0.05561991406134743,-0.3617509587058489,-1.474477220343836,-1.474477220343836,-1.016799263285116
PD,2017-12-04,L. megalotis,-0.2288983591773826,-0.05561991406134743,9.619163720373551,-1.474477220343836,-1.474477220343836,2.2637573295447653
PD,2017-12-04,M. salmoides,-0.2288983591773826,-0.05561991406134743,2.036567955558188,-1.474477220343836,-1.474477220343836,0.7112660163481253
PD,2017-12-04,P. latipinna,-0.2288983591773826,0.7134774861851737,-0.6087992539687856,-1.474477220343836,-1.474477220343836,-0.49626669784805033
AR,2018-08-01,L. cyanellus,-0.8559765439786055,-0.6615267921363976,0.5364678942471418,-0.15551230510998623,-0.15551230510998623,-0.6227485616710265
AR,2018-08-01,L. gulosus,-0.8559765439786055,-0.6615267921363976,-0.3992800671620387,-0.15551230510998623,-0.15551230510998623,-0.9180921856129265
AR,2018-08-01,L. megalotis,-0.8559765439786055,-0.6615267921363976,-0.9263623654794956,-0.15551230510998623,-0.15551230510998623,-0.07648979747101267
AR,2018-08-01,M. salmoides,-0.8559765439786055,-0.6615267921363976,0.032689339146021484,-0.15551230510998623,-0.15551230510998623,-3.420706274234346
PD,2018-08-01,A. melas,283219.19789999997,11230.233199999999,10436.0883,12.553976427699034,12.553976427699034,9.253025107317029
PD,2018-08-01,A. natalis,283219.19789999997,11230.233199999999,794.1448999999999,12.553976427699034,12.553976427699034,6.677265938299956
PD,2018-08-01,C. carpio,0.3817884103185485,2.335924940706529,2.335924940706529,-0.9628887235243285,-0.9628887235243285,0.8484079329028889
PD,2018-08-01,F. chrysotus,-0.31701182200827155,0.6749546583551861,0.22525825980346736,-1.1488162123987504,-1.1488162123987504,-1.4905077136722484
PD,2018-08-01,F. notatus,-0.31701182200827155,0.6749546583551861,1.1997441991337763,-1.1488162123987504,-1.1488162123987504,0.18210836668203778
PD,2018-08-01,G. affinis,-0.31701182200827155,1.0309761597495994,1.7173107784091977,-1.1488162123987504,-1.1488162123987504,0.5407595663573987
PD,2018-08-01,H. cyanoguttatum,-0.31701182200827155,-0.8429763231794895,-0.8429763231794895,-1.1488162123987504,-1.1488162123987504,-0.1708164077572862
PD,2018-08-01,L. auritus,-0.31701182200827155,-0.6889212787984509,-0.6928711712285951,-1.1488162123987504,-1.1488162123987504,-0.3669111971768372
PD,2018-08-01,L. gulosus,-0.31701182200827155,-0.6889212787984509,-0.6482814634796822,-1.1488162123987504,-1.1488162123987504,-0.4334303197139213
PD,2018-08-01,L. macrochirus,-0.31701182200827155,-0.6889212787984509,-0.9661240032114907,-1.1488162123987504,-1.1488162123987504,-0.034463085294290485
PD,2018-08-01,L. megalotis,-0.31701182200827155,-0.6889212787984509,-0.9292662423207493,-1.1488162123987504,-1.1488162123987504,-0.07335999100057695
PD,2018-08-01,L. oculatus,0.3817884103185485,0.9260739965905668,0.9260739965905668,-0.9628887235243285,-0.9628887235243285,-0.07680113760356753
PD,2018-08-01,M. salmoides,-0.31701182200827155,-0.6889212787984509,2.035851147482042,-1.1488162123987504,-1.1488162123987504,0.7109139857415439
PD,2018-08-01,P. latipinna,-0.31701182200827155,1.0309761597495994,0.6690563827602749,-1.1488162123987504,-1.1488162123987504,-0.4018869432418571
PD,2018-08-31,A. natalis,161449.6906,1409.359,1409.359,11.991948859801804,11.991948859801804,7.250890270076713
PD,2018-08-31,F. chrysotus,-0.6106601371441233,1.5455996563071441,0.8168376860068217,-0.49321471492291563,-0.49321471492291563,-0.20231487459806385
PD,2018-08-31,F. notatus,-0.6106601371441233,1.5455996563071441,2.394978036926185,-0.49321471492291563,-0.49321471492291563,0.8733740604351037
PD,2018-08-31,G. affinis,-0.6106601371441233,0.4550952010774871,-0.008644795606488705,-0.49321471492291563,-0.49321471492291563,-4.750797803100506
PD,2018-08-31,H. cyanoguttatum,-0.6106601371441233,-0.5842761199192029,-0.5842761199192029,-0.49321471492291563,-0.49321471492291563,-0.5373815998116045
PD,2018-08-31,L. auritus,-0.6106601371441233,-0.6308120243952151,-0.4769309811333908,-0.49321471492291563,-0.49321471492291563,-0.7403834922036208
PD,2018-08-31,L. cyanellus,-0.6106601371441233,-0.6308120243952151,-0.8701332907206111,-0.49321471492291563,-0.49321471492291563,-0.13910887134377223
PD,2018-08-31,L. gulosus,-0.6106601371441233,-0.6308120243952151,-0.8347549401107301,-0.49321471492291563,-0.49321471492291563,-0.18061708210373134
PD,2018-08-31,L. macrochirus,-0.6106601371441233,-0.6308120243952151,-0.7387465817396517,-0.49321471492291563,-0.49321471492291563,-0.3028003373593
PD,2018-08-31,L. megalotis,-0.6106601371441233,-0.6308120243952151,0.0411189307861739,-0.49321471492291563,-0.49321471492291563,-3.191286660455056
PD,2018-08-31,M. salmoides,-0.6106601371441233,-0.6308120243952151,-0.47840472733711453,-0.49321471492291563,-0.49321471492291563,-0.7372981948370236
PD,2018-08-31,P. latipinna,-0.6106601371441233,0.4550952010774871,0.6971037599499442,-0.49321471492291563,-0.49321471492291563,-0.3608210128019283
TR,2018-08-31,C. variegatus,-0.9683247284405604,-0.9620584397869956,-0.9620584397869956,-0.03218778469573872,-0.03218778469573872,-0.0386800819421988
TR,2018-08-31,G. affinis,-0.9683247284405604,-0.7527199552852952,-0.6464736463636921,-0.03218778469573872,-0.03218778469573872,-0.4362228451529881
TR,2018-08-31,P. latipinna,-0.9683247284405604,-0.7527199552852952,-0.7543561553972862,-0.03218778469573872,-0.03218778469573872,-0.2818906678602046
SF,2017-09-19,A. mexicanus,0.9448501646787006,-0.9216914037253764,-0.9216914037253764,-0.05672891995526404,-0.05672891995526404,-0.08154481456894642
SF,2017-09-19,G. affinis,0.9448501646787006,-0.8730469522780253,-0.9522724566746541,-0.05672891995526404,-0.05672891995526404,-0.04890409115047726
SF,2017-09-19,H. cyanoguttatum,0.9448501646787006,-0.824558910673283,-0.8238727636259021,-0.05672891995526404,-0.05672891995526404,-0.19373917407095317
SF,2017-09-19,L. macrochirus,-0.8337069989729152,-0.9759532292049298,-0.9510704574201713,-0.1818732585271419,-0.1818732585271419,-0.050167131462734736
SF,2017-09-19,L. megalotis,152264.44360000003,3052.6789999999996,1052.0584,11.933374048724382,11.933374048724382,6.958503905064833
SF,2017-09-19,L. oculatus,-0.8337069989729152,-0.9101166316440985,-0.9101166316440985,-0.1818732585271419,-0.1818732585271419,-0.09418252104201716
SF,2017-09-19,P. latipinna,0.9448501646787006,-0.8730469522780253,-0.8647438787745113,-0.05672891995526404,-0.05672891995526404,-0.1453219097970112
SF,2018-02-02,C. variegatus,86161.7832,614.6218,614.6218,11.363982007994933,11.363982007994933,6.421007119291867
SF,2018-02-02,G. affinis,-0.17885976028644818,-0.2037465983407003,9.066112408477165,-1.7211532422950784,-1.7211532422950784,2.204543551347281
SF,2018-02-02,H. cyanoguttatum,-0.17885976028644818,0.35195231448296693,0.35195231448296693,-1.7211532422950784,-1.7211532422950784,-1.044259582779803
SF,2018-02-02,P. latipinna,-0.17885976028644818,-0.2037465983407003,-0.21714268724952218,-1.7211532422950784,-1.7211532422950784,-1.5272005966009505
SF,2018-02-02,P. vigilax,86161.7832,1154.4399999999998,1154.4399999999998,11.363982007994933,11.363982007994933,7.051370656894012
TR,2018-02-02,A. mexicanus,2.583724123525111,102.1416767163799,102.1416767163799,0.9492318168790689,0.9492318168790689,4.626360836949062
TR,2018-02-02,C. variegatus,2.583724123525111,3.800146410745492,3.800146410745492,0.9492318168790689,0.9492318168790689,1.3350395951336622
TR,2018-02-02,F. grandis,2.583724123525111,0.6342119043038842,0.6342119043038842,0.9492318168790689,0.9492318168790689,-0.45537214647082574
TR,2018-02-02,G. affinis,2.583724123525111,0.836679913258021,-0.16671068327919072,0.9492318168790689,0.9492318168790689,-1.791495404421091
TR,2018-02-02,H. cyanoguttatum,2.583724123525111,-0.8260386308178527,-0.43828598043782013,0.9492318168790689,0.9492318168790689,-0.8248836582934016
TR,2018-02-02,P. latipinna,2.583724123525111,0.836679913258021,0.9834263411375661,0.9492318168790689,0.9492318168790689,-0.016712538581491024
PD,2017-10-04,A. melas,41994.1532,4128.5574,4128.5574,10.64528567805115,10.64528567805115,8.325683327115561
PD,2017-10-04,F. notatus,-0.795112013862088,-0.9321539998806458,-0.8133324360730346,-0.2292722763132543,-0.2292722763132543,-0.20661535255249955
PD,2017-10-04,H. cyanoguttatum,-0.795112013862088,-0.9733679619918078,-0.9733679619918078,-0.2292722763132543,-0.2292722763132543,-0.02699309563193602
PD,2017-10-04,L. auritus,-0.795112013862088,-0.7700023926349926,-0.7097673767585938,-0.2292722763132543,-0.2292722763132543,-0.3428180010001304
PD,2017-10-04,L. cyanellus,-0.795112013862088,-0.7700023926349926,-0.7810334359670974,-0.2292722763132543,-0.2292722763132543,-0.24713731832120667
PD,2017-10-04,L. macrochirus,-0.795112013862088,-0.7700023926349926,-0.8892362377021851,-0.2292722763132543,-0.2292722763132543,-0.11739234457112742
PD,2017-10-04,L. megalotis,-0.795112013862088,-0.7700023926349926,-0.5574790871838016,-0.2292722763132543,-0.2292722763132543,-0.5843302881293819
PD,2017-10-04,M. salmoides,-0.795112013862088,-0.7700023926349926,-0.2003447004289318,-0.2292722763132543,-0.2292722763132543,-1.6077158938149345
TR,2017-09-25,A. mexicanus,0.08264480219360806,-0.1810386272672303,-0.1810386272672303,-2.4932033460622565,-2.4932033460622565,-1.709044860168864
TR,2017-09-25,C. variegatus,0.08264480219360806,-0.7651668693070288,-0.7651668693070288,-2.4932033460622565,-2.4932033460622565,-0.2676613391293403
TR,2017-09-25,F. grandis,0.1378303859153682,-0.9683504764713253,-0.914695621190761,-1.9817314373423358,-1.9817314373423358,-0.089163923484703
TR,2017-09-25,P. latipinna,0.08264480219360806,8.022625456045526,8.166104553307582,-2.4932033460622565,-2.4932033460622565,2.0999919963064295
