site_code,collection_date,lowest_taxon,RR_density_com,RR_density_fam,RR_density_spe,LRR_density_com,LRR_density_fam,LRR_density_spe
AR,2017-09-16,C. lutrensis,0.16948865273469943,10.994502748625688,10.994502748625688,-1.7749692999205808,-1.7749692999205808,2.3973953977567195
AR,2017-09-16,G. affinis,0.16948865273469943,-0.33327778703549404,-0.33327778703549404,-1.7749692999205808,-1.7749692999205808,-1.0987789414474307
AR,2017-09-16,H. cyanoguttatum,0.16948865273469943,1.1997600479904018,1.1997600479904018,-1.7749692999205808,-1.7749692999205808,0.18212157679128826
AR,2017-09-16,I. punctatus,0.16948865273469943,0.9990009990009991,0.9990009990009991,-1.7749692999205808,-1.7749692999205808,-9.99500333083388e-4
AR,2017-09-16,L. auritus,-0.35080315104562193,-0.5167696051266613,-0.4999375078115236,-1.0475300360682882,-1.0475300360682882,-0.6932721727480963
AR,2017-09-16,L. cyanellus,0.16948865273469943,-0.3636280993613782,-0.8570816370259268,-1.7749692999205808,-1.7749692999205808,-0.1542221058477879
AR,2017-09-16,L. macrochirus,0.16948865273469943,-0.3636280993613782,0.2222098772290428,-1.7749692999205808,-1.7749692999205808,-1.504132950788677
AR,2017-11-01,C. lutrensis,0.4999963235564444,1.0232320178600498,1.0232320178600498,-0.6931545334740891,-0.6931545334740891,0.022966262681157534
AR,2017-11-01,G. affinis,0.4999963235564444,13.986013986013987,13.986013986013987,-0.6931545334740891,-0.6931545334740891,2.6380578292821752
AR,2017-11-01,H. cyanoguttatum,0.4999963235564444,2.3330741028774584,2.3330741028774584,-0.6931545334740891,-0.6931545334740891,0.847186755448475
AR,2017-11-01,L. auritus,0.9193461889471468,0.20805010076527927,-0.7499062617172854,-0.08409252576843153,-0.08409252576843153,-0.2878070646399319
AR,2017-11-01,L. cyanellus,0.4999963235564444,-0.1358007925828076,-0.866608892740484,-0.6931545334740891,-0.6931545334740891,-0.14316750808521647
AR,2017-11-01,L. macrochirus,0.4999963235564444,-0.1358007925828076,-0.3999885717550927,-0.6931545334740891,-0.6931545334740891,-0.916319302894571
AR,2017-11-01,L. megalotis,0.4999963235564444,-0.1358007925828076,0.5356951537445092,-0.6931545334740891,-0.6931545334740891,-0.6241900227209681
AR,2017-11-01,L. oculatus,0.9193461889471468,0.9990009990009991,0.9990009990009991,-0.08409252576843153,-0.08409252576843153,-9.99500333083388e-4
AR,2017-11-01,M. salmoides,0.9193461889471468,0.20805010076527927,0.33311125916055967,-0.08409252576843153,-0.08409252576843153,-1.0992787332112701
PD,2017-11-01,F. notatus,-0.6763644601220045,-0.052614963695675004,0.7995202878273036,-0.3910232060317933,-0.3910232060317933,-0.22374337138617745
PD,2017-11-01,G. affinis,-0.6763644601220045,-0.16663889351774702,0.2499375156210947,-0.3910232060317933,-0.3910232060317933,-1.3865443298750981
PD,2017-11-01,H. cyanoguttatum,-0.6763644601220045,-0.8798944126704796,-0.8798944126704796,-0.3910232060317933,-0.3910232060317933,-0.12795336431046075
PD,2017-11-01,L. auritus,-0.6763644601220045,-0.7858773804591086,-0.5587742258036056,-0.3910232060317933,-0.3910232060317933,-0.5820097768513339
PD,2017-11-01,L. macrochirus,-0.6763644601220045,-0.7858773804591086,-0.8420387864115991,-0.3910232060317933,-0.3910232060317933,-0.17192920117890073
PD,2017-11-01,L. microlophus,-0.6763644601220045,-0.7858773804591086,0.33311125916055967,-0.3910232060317933,-0.3910232060317933,-1.0992787332112701
PD,2017-11-01,L. oculatus,-0.6763644601220045,0,0,-0.3910232060317933,-0.3910232060317933,-100000
PD,2017-11-01,M. salmoides,-0.6763644601220045,-0.7858773804591086,-0.7776049766718507,-0.3910232060317933,-0.3910232060317933,-0.2515366258154277
AR,2017-12-07,C. lutrensis,-0.22793950044484967,0.1395316387990977,0.1395316387990977,-1.4786750341650494,-1.4786750341650494,-1.9694639020090488
AR,2017-12-07,G. affinis,-0.22793950044484967,12.987012987012989,12.987012987012989,-1.4786750341650494,-1.4786750341650494,2.563949857128453
AR,2017-12-07,H. cyanoguttatum,-0.22793950044484967,-0.44439506721475397,-0.44439506721475397,-1.4786750341650494,-1.4786750341650494,-0.8110413211550574
AR,2017-12-07,L. cyanellus,-0.22793950044484967,-0.5432031703312304,-0.9332711152589828,-1.4786750341650494,-1.4786750341650494,-0.06905953593149462
AR,2017-12-07,L. macrochirus,-0.22793950044484967,-0.5432031703312304,-0.6856946944373018,-1.4786750341650494,-1.4786750341650494,-0.37732280216188396
AR,2017-12-07,L. megalotis,-0.22793950044484967,-0.5432031703312304,-0.10713903074890183,-1.4786750341650494,-1.4786750341650494,-2.2336279351550687
AR,2018-02-03,C. lutrensis,1.2678345029553044,7.249093863267092,7.249093863267092,0.23731032932274596,0.23731032932274596,1.9808764766784324
AR,2018-02-03,G. affinis,0.19489063946978985,7.997001124578284,7.997001124578284,-1.6353167009704077,-1.6353167009704077,2.079066611974763
AR,2018-02-03,H. cyanoguttatum,1.2678345029553044,0.1999600079984003,0.1999600079984003,0.23731032932274596,0.23731032932274596,-1.6096378924367667
AR,2018-02-03,L. macrochirus,1.2678345029553044,-0.24389649032950417,-0.7691716021844474,0.23731032932274596,0.23731032932274596,-0.262441184585986
AR,2018-02-03,L. megalotis,1.2678345029553044,-0.24389649032950417,0.9999285765302479,0.23731032932274596,0.23731032932274596,-7.142602052955882e-5
PD,2018-02-03,A. melas,21000,1000,1000,9.95227771670556,9.95227771670556,6.907755278982137
PD,2018-02-03,F. notatus,-0.3636253446865247,0.9995002498750625,0.9995002498750625,-1.0116312142496553,-1.0116312142496553,-4.998750416510425e-4
PD,2018-02-03,G. affinis,-0.3636253446865247,0.9995002498750625,1.9980019980019983,-1.0116312142496553,-1.0116312142496553,0.6921476802268619
PD,2018-02-03,L. gulosus,-0.660183492176502,-0.7430571385751187,-0.5997600959616154,-0.4152374641523879,-0.4152374641523879,-0.5112255437873175
PD,2018-02-03,L. macrochirus,-0.3636253446865247,-0.5384408291988769,-0.571346950435652,-1.0116312142496553,-1.0116312142496553,-0.5597586348751701
PD,2018-02-03,L. megalotis,-0.3636253446865247,-0.5384408291988769,1.6661112962345885,-1.0116312142496553,-1.0116312142496553,0.5104923459758703
PD,2018-02-03,P. latipinna,-0.3636253446865247,0.9995002498750625,0,-1.0116312142496553,-1.0116312142496553,-100000
AR,2018-04-07,C. lutrensis,-0.563632947679105,-0.3181782025204259,-0.3181782025204259,-0.5733520413350198,-0.5733520413350198,-1.1451436678748006
AR,2018-04-07,G. affinis,-0.563632947679105,2.997002997002997,2.997002997002997,-0.5733520413350198,-0.5733520413350198,1.0976127883350262
AR,2018-04-07,H. cyanoguttatum,-0.563632947679105,-0.714183688044565,-0.714183688044565,-0.5733520413350198,-0.5733520413350198,-0.33661508356096026
AR,2018-04-07,L. macrochirus,-0.563632947679105,-0.9104341726242892,-0.749968751302029,-0.5733520413350198,-0.5733520413350198,-0.28772373825041625
SF,2018-04-07,C. lutrensis,154000,35000,9000,11.944707881395766,11.944707881395766,9.104979856318357
SF,2018-04-07,G. affinis,-0.19791563585606325,0.5588153115395361,1.562402349853134,-1.6199144206211658,-1.6199144206211658,0.44622460458146307
SF,2018-04-07,H. cyanoguttatum,-0.19791563585606325,-0.7868723463549778,-0.7636224795912802,-1.6199144206211658,-1.6199144206211658,-0.2696817486019972
SF,2018-04-07,P. latipinna,-0.19791563585606325,0.5588153115395361,0.24999519240014617,-1.6199144206211658,-1.6199144206211658,-1.3863135917042124
SF,2018-04-07,P. vigilax,154000,35000,26000,11.944707881395766,11.944707881395766,10.165851817003619
TR,2018-04-07,A. mexicanus,8.194216827310353,0,0,2.1034286404917273,2.1034286404917273,-100000
TR,2018-04-07,C. variegatus,8.194216827310353,106.44677661169416,106.44677661169416,2.1034286404917273,2.1034286404917273,4.667645110107829
TR,2018-04-07,F. grandis,1.1150088497837074,-0.39994000899865023,-0.1999600079984003,0.10886234190633061,0.10886234190633061,-1.6096378924367667
TR,2018-04-07,G. affinis,8.194216827310353,5.470266454914416,6.9965017491254375,2.1034286404917273,2.1034286404917273,1.9454102740136623
TR,2018-04-07,P. latipinna,8.194216827310353,5.470266454914416,5.266315578961403,2.1034286404917273,2.1034286404917273,1.6613309869202684
AR,2018-05-12,C. lutrensis,-0.18787764922636832,-0.4545402893148941,-0.4545402893148941,-1.6719643300031295,-1.6719643300031295,-0.7884687239360683
AR,2018-05-12,H. cyanoguttatum,-0.18787764922636832,-0.571346950435652,-0.571346950435652,-1.6719643300031295,-1.6719643300031295,-0.5597586348751701
AR,2018-05-12,L. cyanellus,-0.18787764922636832,0.23880240593423976,-0.9499762505937352,-1.6719643300031295,-1.6719643300031295,-0.05131829407505564
AR,2018-05-12,L. macrochirus,-0.18787764922636832,0.23880240593423976,-0.0416649306278905,-1.6719643300031295,-1.6719643300031295,-3.178095496146581
AR,2018-05-12,L. megalotis,-0.18787764922636832,0.23880240593423976,54.94505494505495,-1.6719643300031295,-1.6719643300031295,4.006333684899388
AR,2018-05-12,M. salmoides,-0.18787764922636832,0.23880240593423976,0.9990009990009991,-1.6719643300031295,-1.6719643300031295,-9.99500333083388e-4
SF,2018-05-12,C. lutrensis,107000,13000,9000,11.580584113444043,11.580584113444043,9.104979856318357
SF,2018-05-12,G. affinis,-0.44270602757277305,0.2499963235834767,1.1249296918942566,-0.8148493238572351,-0.8148493238572351,0.11772053760942709
SF,2018-05-12,H. cyanoguttatum,-0.44270602757277305,-0.8524450418845593,-0.8727114052471774,-0.8148493238572351,-0.8148493238572351,-0.1361503559774745
SF,2018-05-12,O. aureus,-0.44270602757277305,-0.8524450418845593,-0.6665555740709881,-0.8148493238572351,-0.8148493238572351,-0.4056317608874853
SF,2018-05-12,P. latipinna,-0.44270602757277305,0.2499963235834767,-0.01923039941539586,-0.8148493238572351,-0.8148493238572351,-3.9512629491657494
SF,2018-05-12,P. vigilax,107000,13000,4000,11.580584113444043,11.580584113444043,8.294049640102028
AR,2018-06-08,A. melas,71000,4000,2000,11.170435156023453,11.170435156023453,7.600902459542082
AR,2018-06-08,A. natalis,71000,4000,2000,11.170435156023453,11.170435156023453,7.600902459542082
AR,2018-06-08,C. lutrensis,-0.5696935170089878,-0.7045374484380859,-0.7045374484380859,-0.5626567522182718,-0.5626567522182718,-0.350213793004913
AR,2018-06-08,G. affinis,-0.5696935170089878,7.992007992007993,7.992007992007993,-0.5626567522182718,-0.5626567522182718,2.0784420413467526
AR,2018-06-08,H. cyanoguttatum,-0.5696935170089878,-0.714183688044565,-0.714183688044565,-0.5626567522182718,-0.5626567522182718,-0.33661508356096026
AR,2018-06-08,L. gulosus,-0.5696935170089878,-0.5820808644647094,0.9990009990009991,-0.5626567522182718,-0.5626567522182718,-9.99500333083388e-4
AR,2018-06-08,L. macrochirus,-0.5696935170089878,-0.5820808644647094,-0.5416440981625765,-0.5626567522182718,-0.5626567522182718,-0.6131461386850442
AR,2018-06-08,L. megalotis,-0.5696935170089878,-0.5820808644647094,13.986013986013987,-0.5626567522182718,-0.5626567522182718,2.6380578292821752
AR,2018-06-08,L. oculatus,-0.5696935170089878,0.9990009990009991,0.9990009990009991,-0.5626567522182718,-0.5626567522182718,-9.99500333083388e-4
PD,2018-06-08,A. melas,39000,1000,1000,10.571316925111784,10.571316925111784,6.907755278982137
PD,2018-06-08,F. chrysotus,0.054052593173157484,-0.33322225924691773,0,-2.9177977587460826,-2.9177977587460826,-100000
PD,2018-06-08,F. notatus,0.054052593173157484,-0.33322225924691773,0,-2.9177977587460826,-2.9177977587460826,-100000
PD,2018-06-08,G. affinis,0.054052593173157484,2.1663056157307112,2.599480103979204,-2.9177977587460826,-2.9177977587460826,0.95531146502477
PD,2018-06-08,H. cyanoguttatum,0.054052593173157484,-0.49975012493753124,-0.49975012493753124,-2.9177977587460826,-2.9177977587460826,-0.6936470556015963
PD,2018-06-08,L. auritus,0.054052593173157484,-0.35998560057597695,7.992007992007993,-2.9177977587460826,-2.9177977587460826,2.0784420413467526
PD,2018-06-08,L. cyanellus,0.054052593173157484,-0.35998560057597695,-0.8999100089991001,-2.9177977587460826,-2.9177977587460826,-0.10546051065815958
PD,2018-06-08,L. gulosus,0.054052593173157484,-0.35998560057597695,-0.49975012493753124,-2.9177977587460826,-2.9177977587460826,-0.6936470556015963
PD,2018-06-08,L. macrochirus,0.054052593173157484,-0.35998560057597695,-0.7776913676258194,-2.9177977587460826,-2.9177977587460826,-0.2514255332196349
PD,2018-06-08,L. microlophus,-0.36892606915745696,-0.657416654807139,-0.33311125916055967,-0.9971590096021089,-0.9971590096021089,-1.0992787332112701
PD,2018-06-08,M. salmoides,0.054052593173157484,-0.35998560057597695,-0.33322225924691773,-2.9177977587460826,-2.9177977587460826,-1.09894556645823
PD,2018-06-08,P. latipinna,0.054052593173157484,2.1663056157307112,0,-2.9177977587460826,-2.9177977587460826,-100000
AR,2018-07-01,C. lutrensis,-0.8474432636734971,0,-0.49975012493753124,-0.16553138748648047,-0.16553138748648047,-0.6936470556015963
AR,2018-07-01,G. affinis,-0.8474432636734971,-0.33327778703549404,-0.33327778703549404,-0.16553138748648047,-0.16553138748648047,-1.0987789414474307
AR,2018-07-01,I. punctatus,-0.8474432636734971,0,0,-0.16553138748648047,-0.16553138748648047,-100000
AR,2018-07-01,L. megalotis,-0.8474432636734971,-0.9545237608236177,-0.7776913676258194,-0.16553138748648047,-0.16553138748648047,-0.2514255332196349
AR,2018-07-01,N. texanus,9000,2000,1000,9.104979856318357,9.104979856318357,6.907755278982137
SF,2018-07-01,C. carpio,82000,2000,2000,11.314474526246391,11.314474526246391,7.600902459542082
SF,2018-07-01,C. lutrensis,82000,12000,8000,11.314474526246391,11.314474526246391,8.987196820661973
SF,2018-07-01,C. variegatus,82000,4000,4000,11.314474526246391,11.314474526246391,8.294049640102028
SF,2018-07-01,G. affinis,-0.16326364016693706,-0.2272692837987303,-0.3529204164460914,-1.812388960460362,-1.812388960460362,-1.041512696627537
SF,2018-07-01,H. cyanoguttatum,-0.16326364016693706,-0.5217164471109952,-0.4999772737602836,-1.812388960460362,-1.812388960460362,-0.6931926340723733
SF,2018-07-01,L. gulosus,-0.6536925635909833,-0.9221863594193559,0,-0.4251181243024388,-0.4251181243024388,-100000
SF,2018-07-01,P. latipinna,-0.16326364016693706,-0.2272692837987303,-0.18366972102610152,-1.812388960460362,-1.812388960460362,-1.6946161287294288
SF,2018-07-01,P. vigilax,82000,12000,4000,11.314474526246391,11.314474526246391,8.294049640102028
TR,2018-07-01,C. variegatus,0.32926427726491136,-0.31248046997062684,-0.31248046997062684,-1.1108945763075155,-1.1108945763075155,-1.1632133078526372
TR,2018-07-01,F. grandis,-0.3035124376202069,-0.8498725191221317,-0.7998400319936012,-1.1923326886955556,-1.1923326886955556,-0.22334353131687612
TR,2018-07-01,H. cyanoguttatum,0.32926427726491136,-0.7776913676258194,-0.8748906386701663,-1.1108945763075155,-1.1108945763075155,-0.13365638481267358
TR,2018-07-01,L. cyanellus,-0.3035124376202069,-0.4781984958483676,-0.49975012493753124,-1.1923326886955556,-1.1923326886955556,-0.6936470556015963
TR,2018-07-01,L. macrochirus,-0.3035124376202069,-0.4781984958483676,-0.8180330848936557,-1.1923326886955556,-1.1923326886955556,-0.200852497117047
TR,2018-07-01,M. salmoides,109000,4000,2000,11.59910316121128,11.59910316121128,7.600902459542082
TR,2018-07-01,O. aureus,0.32926427726491136,-0.7776913676258194,0,-1.1108945763075155,-1.1108945763075155,-100000
TR,2018-07-01,P. latipinna,0.32926427726491136,1.0221995066776295,1.394700139470014,-1.1108945763075155,-1.1108945763075155,0.33267943838251673
AR,2018-09-11,A. natalis,107000,8000,2000,11.580584113444043,11.580584113444043,7.600902459542082
AR,2018-09-11,C. lutrensis,0.8135455331265572,4.997501249375313,4.997501249375313,-0.20635338200673561,-0.20635338200673561,1.6089380373924496
AR,2018-09-11,G. affinis,0.8135455331265572,-0.33327778703549404,-0.33327778703549404,-0.20635338200673561,-0.20635338200673561,-1.0987789414474307
AR,2018-09-11,H. cyanoguttatum,0.8135455331265572,1.3997200559888021,1.3997200559888021,-0.20635338200673561,-0.20635338200673561,0.3362722566185466
AR,2018-09-11,I. punctatus,0.8135455331265572,6.993006993006993,4.9950049950049955,-0.20635338200673561,-0.20635338200673561,1.608438412101017
AR,2018-09-11,L. cyanellus,0.8135455331265572,0.5454421490420672,-0.8570816370259268,-0.20635338200673561,-0.20635338200673561,-0.1542221058477879
AR,2018-09-11,L. gulosus,0.8135455331265572,0.5454421490420672,0.9990009990009991,-0.20635338200673561,-0.20635338200673561,-9.99500333083388e-4
AR,2018-09-11,L. macrochirus,0.8135455331265572,0.5454421490420672,0.7777345703016498,-0.20635338200673561,-0.20635338200673561,-0.25136998229330904
AR,2018-09-11,L. megalotis,0.8135455331265572,0.5454421490420672,2.3330741028774584,-0.20635338200673561,-0.20635338200673561,0.847186755448475
AR,2018-09-11,L. oculatus,0.0067203668782685605,1.9980019980019983,1.9980019980019983,-5.00261253095689,-5.00261253095689,0.6921476802268619
AR,2018-09-11,M. salmoides,0.8135455331265572,0.5454421490420672,0,-0.20635338200673561,-0.20635338200673561,-100000
EM,2017-10-10,C. lutrensis,49000,10000,1000,10.799575577092764,10.799575577092764,6.907755278982137
EM,2017-10-10,E. gracile,-0.057691198246187576,0,0,-2.8526506604976394,-2.8526506604976394,-100000
EM,2017-10-10,G. affinis,-0.057691198246187576,0.12499218798825072,0.12499218798825072,-2.8526506604976394,-2.8526506604976394,-2.0795040397267925
EM,2017-10-10,I. bubalus,-0.057691198246187576,0,0,-2.8526506604976394,-2.8526506604976394,-100000
EM,2017-10-10,L. cyanellus,-0.057691198246187576,-0.3448156960104824,0.9990009990009991,-2.8526506604976394,-2.8526506604976394,-9.99500333083388e-4
EM,2017-10-10,L. gulosus,-0.057691198246187576,-0.3448156960104824,-0.49975012493753124,-2.8526506604976394,-2.8526506604976394,-0.6936470556015963
EM,2017-10-10,L. macrochirus,-0.057691198246187576,-0.3448156960104824,-0.6665555740709881,-2.8526506604976394,-2.8526506604976394,-0.4056317608874853
EM,2017-10-10,L. megalotis,-0.057691198246187576,-0.3448156960104824,-0.2631440450502605,-2.8526506604976394,-2.8526506604976394,-1.3350536969262945
EM,2017-10-10,N. texanus,-0.057691198246187576,3.99800099950025,0,-2.8526506604976394,-2.8526506604976394,-100000
EM,2017-10-10,P. vigilax,0.45783761805433876,5.662891405729514,6.993006993006993,-0.781240703467035,-0.781240703467035,1.9449106487222299
PL,2017-10-10,A. natalis,-0.8496473788553187,0.33322225924691773,0.9995002498750625,-0.16293386397668785,-0.16293386397668785,-4.998750416510425e-4
PL,2017-10-10,C. lutrensis,-0.8496473788553187,-0.7142653067055228,-0.7142653067055228,-0.16293386397668785,-0.16293386397668785,-0.3365008076416287
PL,2017-10-10,G. affinis,-0.8496473788553187,-0.9022936649789369,-0.5142710208279764,-0.16293386397668785,-0.16293386397668785,-0.6650048746136649
PL,2017-10-10,L. gulosus,-0.8496473788553187,-0.8450585203025309,0,-0.16293386397668785,-0.16293386397668785,-100000
PL,2017-10-10,L. macrochirus,-0.8496473788553187,-0.8450585203025309,-0.857020425653478,-0.16293386397668785,-0.16293386397668785,-0.15429352676700558
PL,2017-10-10,L. megalotis,-0.8496473788553187,-0.8450585203025309,-0.866652222462959,-0.16293386397668785,-0.16293386397668785,-0.14311751016845256
PL,2017-10-10,L. oculatus,-0.7537184781301367,-0.33311125916055967,-0.33311125916055967,-0.28273635187474505,-0.28273635187474505,-1.0992787332112701
PL,2017-10-10,M. salmoides,-0.8496473788553187,-0.8450585203025309,-0.49975012493753124,-0.16293386397668785,-0.16293386397668785,-0.6936470556015963
EM,2017-11-03,A. natalis,161000,5000,1000,11.9891596439666,11.9891596439666,6.907755278982137
EM,2017-11-03,C. lutrensis,161000,18000,1000,11.9891596439666,11.9891596439666,6.907755278982137
EM,2017-11-03,E. gracile,2.0961135362781484,0.9990009990009991,0.9990009990009991,0.7400849330633944,0.7400849330633944,-9.99500333083388e-4
EM,2017-11-03,G. affinis,2.0961135362781484,3.49978126367102,3.49978126367102,0.7400849330633944,0.7400849330633944,1.2527004704484115
EM,2017-11-03,I. punctatus,161000,5000,1000,11.9891596439666,11.9891596439666,6.907755278982137
EM,2017-11-03,L. auritus,161000,63000,2000,11.9891596439666,11.9891596439666,7.600902459542082
EM,2017-11-03,L. gulosus,2.0961135362781484,1.1723733664356402,1.4992503748125938,0.7400849330633944,0.7400849330633944,0.4049652330665134
EM,2017-11-03,L. macrochirus,2.0961135362781484,1.1723733664356402,0,0.7400849330633944,0.7400849330633944,-100000
EM,2017-11-03,L. megalotis,2.0961135362781484,1.1723733664356402,1.578864270301563,0.7400849330633944,0.7400849330633944,0.4567057723017604
EM,2017-11-03,L. miniatus,161000,63000,1000,11.9891596439666,11.9891596439666,6.907755278982137
EM,2017-11-03,L. oculatus,2.0961135362781484,-0.49975012493753124,-0.49975012493753124,0.7400849330633944,0.7400849330633944,-0.6936470556015963
EM,2017-11-03,N. gyrinus,3.789969885193498,3.9960039960039966,1.9980019980019983,1.3323580732035312,1.3323580732035312,0.6921476802268619
EM,2017-11-03,P. vigilax,3.789969885193498,10.992671552298468,15.984015984015986,1.3323580732035312,1.3323580732035312,2.771589221906698
WM,2017-11-03,C. venusta,0.35482726363665684,0.9990009990009991,0,-1.0361241892310118,-1.0361241892310118,-100000
WM,2017-11-03,G. affinis,0.35482726363665684,4.24893776555861,4.24893776555861,-1.0361241892310118,-1.0361241892310118,1.446669014181118
WM,2017-11-03,L. gulosus,0.35482726363665684,-0.3199872005119795,-0.6664445184938355,-1.0361241892310118,-1.0361241892310118,-0.40579838589828465
WM,2017-11-03,L. macrochirus,0.35482726363665684,-0.3199872005119795,-0.49975012493753124,-1.0361241892310118,-1.0361241892310118,-0.6936470556015963
WM,2017-11-03,L. megalotis,0.35482726363665684,-0.3199872005119795,-0.2142704092564817,-1.0361241892310118,-1.0361241892310118,-1.5405164669676785
WM,2017-11-03,L. microlophus,0.35482726363665684,-0.3199872005119795,0.9990009990009991,-1.0361241892310118,-1.0361241892310118,-9.99500333083388e-4
WM,2017-11-03,L. miniatus,42000,17000,2000,10.645424897265505,10.645424897265505,7.600902459542082
WM,2017-11-03,L. oculatus,42000,2000,2000,10.645424897265505,10.645424897265505,7.600902459542082
WM,2017-11-03,N. texanus,42000,2000,1000,10.645424897265505,10.645424897265505,6.907755278982137
EM,2018-03-09,C. lutrensis,153000,10000,3000,11.938193200374572,11.938193200374572,8.006367567650246
EM,2018-03-09,E. gracile,3.5519604375407012,0,0,1.2674996869881372,1.2674996869881372,-100000
EM,2018-03-09,G. affinis,3.3713322476500673,28.99033655448184,28.99033655448184,1.2153079919558352,1.2153079919558352,3.3669625521963535
EM,2018-03-09,L. auritus,153000,50000,2000,11.938193200374572,11.938193200374572,7.600902459542082
EM,2018-03-09,L. gulosus,3.3713322476500673,0.724112961622013,0,1.2153079919558352,1.2153079919558352,-100000
EM,2018-03-09,L. macrochirus,3.3713322476500673,0.724112961622013,0.9995002498750625,1.2153079919558352,1.2153079919558352,-4.998750416510425e-4
EM,2018-03-09,L. megalotis,3.3713322476500673,0.724112961622013,1.0475691633731727,1.2153079919558352,1.2153079919558352,0.0464723977210247
EM,2018-03-09,L. oculatus,3.3713322476500673,0,0,1.2153079919558352,1.2153079919558352,-100000
EM,2018-03-09,N. gyrinus,3.3713322476500673,0,0,1.2153079919558352,1.2153079919558352,-100000
EM,2018-03-09,P. vigilax,3.5519604375407012,5.662891405729514,5.994005994005994,1.2674996869881372,1.2674996869881372,1.7907599688949716
EM,2018-03-31,C. lutrensis,110000,44000,20000,11.608235644774552,11.608235644774552,9.903487552536127
EM,2018-03-31,G. affinis,2.1427959201165683,16.32789070309897,16.32789070309897,0.7621114810264809,0.7621114810264809,2.7928747316523967
EM,2018-03-31,L. macrochirus,2.1427959201165683,-0.5517051136167718,-0.49975012493753124,0.7621114810264809,0.7621114810264809,-0.6936470556015963
EM,2018-03-31,L. megalotis,2.1427959201165683,-0.5517051136167718,-0.4285510213799343,0.7621114810264809,0.7621114810264809,-0.8473454783010719
EM,2018-03-31,N. gyrinus,2.1427959201165683,0,0,0.7621114810264809,0.7621114810264809,-100000
EM,2018-03-31,N. texanus,2.272659656406917,28.31445702864757,0,0.8209508004462984,0.8209508004462984,-100000
EM,2018-03-31,P. vigilax,2.272659656406917,28.31445702864757,21.97802197802198,0.8209508004462984,0.8209508004462984,3.0900429530252325
WM,2018-03-31,C. lutrensis,13000,4000,1000,9.472704636443673,9.472704636443673,6.907755278982137
WM,2018-03-31,C. venusta,-0.5235410220567832,0.9995002498750625,-0.49975012493753124,-0.6471398906016322,-0.6471398906016322,-0.6936470556015963
WM,2018-03-31,E. gracile,-0.62855346990086,-0.6664445184938355,-0.6664445184938355,-0.4643341791515137,-0.4643341791515137,-0.40579838589828465
WM,2018-03-31,F. chrysotus,13000,1000,1000,9.472704636443673,9.472704636443673,6.907755278982137
WM,2018-03-31,G. affinis,-0.62855346990086,0.9996667777407531,0.9996667777407531,-0.4643341791515137,-0.4643341791515137,-3.332777901203771e-4
WM,2018-03-31,L. macrochirus,-0.62855346990086,-0.9654839488293506,-0.6664445184938355,-0.4643341791515137,-0.4643341791515137,-0.40579838589828465
WM,2018-03-31,N. texanus,13000,4000,1000,9.472704636443673,9.472704636443673,6.907755278982137
WM,2018-03-31,P. vigilax,13000,4000,1000,9.472704636443673,9.472704636443673,6.907755278982137
EM,2018-05-04,C. lutrensis,101000,17000,8000,11.522875795823397,11.522875795823397,8.987196820661973
EM,2018-05-04,C. venusta,4.610854952502638,15.984015984015986,0,1.5284132958880303,1.5284132958880303,-100000
EM,2018-05-04,G. affinis,4.610854952502638,15.992003998001,15.992003998001,1.5284132958880303,1.5284132958880303,2.77208884719813
EM,2018-05-04,L. cyanellus,4.610854952502638,2.285551032069138,0,1.5284132958880303,1.5284132958880303,-100000
EM,2018-05-04,L. gulosus,4.610854952502638,2.285551032069138,0,1.5284132958880303,1.5284132958880303,-100000
EM,2018-05-04,L. macrochirus,4.610854952502638,2.285551032069138,0.9998000399920015,1.5284132958880303,1.5284132958880303,-1.9998000266635622e-4
EM,2018-05-04,L. megalotis,4.610854952502638,2.285551032069138,3.856591915440651,1.5284132958880303,1.5284132958880303,1.3497838700092686
EM,2018-05-04,L. oculatus,4.610854952502638,1.9980019980019983,1.9980019980019983,1.5284132958880303,1.5284132958880303,0.6921476802268619
EM,2018-05-04,N. gyrinus,2.00489902779752,0,0,0.6955936992896767,0.6955936992896767,-100000
EM,2018-05-04,P. vigilax,2.00489902779752,10.32644903397735,6.993006993006993,0.6955936992896767,0.6955936992896767,1.9449106487222299
GC,2018-05-04,F. grandis,-0.3214228317351476,1.999000499750125,4.9950049950049955,-1.1349977898224048,-1.1349977898224048,1.608438412101017
GC,2018-05-04,G. affinis,-0.3214228317351476,0.5999400059994001,0.5999400059994001,-1.1349977898224048,-1.1349977898224048,-0.5109256187663239
GC,2018-05-04,L. cyanellus,-0.3688184054864506,-0.7623611413635374,-0.7776049766718507,-0.9974508821283589,-0.9974508821283589,-0.2515366258154277
GC,2018-05-04,L. gulosus,-0.3214228317351476,-0.7209134671286714,-0.4998750312421894,-1.1349977898224048,-1.1349977898224048,-0.6933971493151527
GC,2018-05-04,L. macrochirus,-0.3214228317351476,-0.7209134671286714,-0.4998750312421894,-1.1349977898224048,-1.1349977898224048,-0.6933971493151527
GC,2018-05-04,L. megalotis,-0.3214228317351476,-0.7209134671286714,-0.749968751302029,-1.1349977898224048,-1.1349977898224048,-0.28772373825041625
GC,2018-05-04,L. miniatus,-0.3214228317351476,-0.7209134671286714,-0.8331944675887352,-1.1349977898224048,-1.1349977898224048,-0.18248820957327547
GC,2018-05-04,L. oculatus,-0.3688184054864506,0,0,-0.9974508821283589,-0.9974508821283589,-100000
GC,2018-05-04,N. texanus,-0.3214228317351476,0.9990009990009991,0.9990009990009991,-1.1349977898224048,-1.1349977898224048,-9.99500333083388e-4
WM,2018-05-04,C. lutrensis,13000,1000,1000,9.472704636443673,9.472704636443673,6.907755278982137
WM,2018-05-04,G. affinis,-0.4999807699703857,-0.4999375078115236,-0.4999375078115236,-0.6931856413587809,-0.6931856413587809,-0.6932721727480963
WM,2018-05-04,L. cyanellus,-0.4999807699703857,-0.5332977801479901,-0.6664445184938355,-0.6931856413587809,-0.6931856413587809,-0.40579838589828465
WM,2018-05-04,L. gulosus,-0.5235410220567832,-0.6682975120879558,-0.6664445184938355,-0.6471398906016322,-0.6471398906016322,-0.40579838589828465
WM,2018-05-04,L. macrochirus,-0.4999807699703857,-0.5332977801479901,-0.49975012493753124,-0.6931856413587809,-0.6931856413587809,-0.6936470556015963
WM,2018-05-04,L. megalotis,-0.4999807699703857,-0.5332977801479901,-0.5554938340184424,-0.6931856413587809,-0.6931856413587809,-0.5878977698408477
WM,2018-05-04,L. oculatus,13000,1000,1000,9.472704636443673,9.472704636443673,6.907755278982137
EM,2018-06-04,C. lutrensis,33000,2000,2000,10.404262840448617,10.404262840448617,7.600902459542082
EM,2018-06-04,G. affinis,0.8332870396089106,4.497751124437781,4.497751124437781,-0.1823771108063575,-0.1823771108063575,1.503577521734623
EM,2018-06-04,L. cyanellus,0.8332870396089106,0.07142346975216056,0.9990009990009991,-0.1823771108063575,-0.1823771108063575,-9.99500333083388e-4
EM,2018-06-04,L. megalotis,0.8332870396089106,0.07142346975216056,0.571346950435652,-0.1823771108063575,-0.1823771108063575,-0.5597586348751701
EM,2018-06-04,L. oculatus,0.8332870396089106,3.9960039960039966,3.9960039960039966,-0.1823771108063575,-0.1823771108063575,1.3852948607868072
EM,2018-06-04,P. annularis,-0.01818127725125543,-0.30231152039440023,0.9990009990009991,-4.007362936855998,-4.007362936855998,-9.99500333083388e-4
WM,2018-06-04,A. natalis,9000,1000,1000,9.104979856318357,9.104979856318357,6.907755278982137
WM,2018-06-04,A. sayanus,-0.6701325082326826,0,0,-0.40027981267010637,-0.40027981267010637,-100000
WM,2018-06-04,C. venusta,-0.6538210068843505,-0.6664445184938355,-0.6664445184938355,-0.4249216547641016,-0.4249216547641016,-0.40579838589828465
WM,2018-06-04,G. affinis,-0.6538210068843505,-0.7499062617172854,-0.7499062617172854,-0.4249216547641016,-0.4249216547641016,-0.2878070646399319
WM,2018-06-04,L. gulosus,-0.6701325082326826,-0.857814717008421,-0.6664445184938355,-0.40027981267010637,-0.40027981267010637,-0.40579838589828465
WM,2018-06-04,L. megalotis,-0.6538210068843505,-0.7999466702219852,-0.7776913676258194,-0.4249216547641016,-0.4249216547641016,-0.2514255332196349
WM,2018-06-04,L. oculatus,9000,1000,1000,9.104979856318357,9.104979856318357,6.907755278982137
EM,2018-07-05,A. natalis,6000,1000,1000,8.699514748210191,8.699514748210191,6.907755278982137
EM,2018-07-05,C. lutrensis,6000,3000,1000,8.699514748210191,8.699514748210191,6.907755278982137
EM,2018-07-05,L. megalotis,-0.6999650017499125,-0.9285051067780873,-0.857020425653478,-0.3567249426887741,-0.3567249426887741,-0.15429352676700558
EM,2018-07-05,L. oculatus,-0.6999650017499125,0,0,-0.3567249426887741,-0.3567249426887741,-100000
EM,2018-07-05,N. texanus,-0.8214631630794457,0.999333777481679,0,-0.19666818355774437,-0.19666818355774437,-100000
EM,2018-07-05,P. vigilax,-0.6999650017499125,1.9980019980019983,0,-0.3567249426887741,-0.3567249426887741,-100000
GC,2018-07-05,G. affinis,-0.9629510746780904,0,0,-0.037752673585652124,-0.037752673585652124,-100000
GC,2018-07-05,L. macrochirus,-0.9629510746780904,-0.9743464827374008,-0.9411211105229104,-0.037752673585652124,-0.037752673585652124,-0.0606834436158107
GC,2018-07-05,L. megalotis,-0.9629510746780904,-0.9743464827374008,-0.9582934044414816,-0.037752673585652124,-0.037752673585652124,-0.04260128021743117
MR,2017-10-31,C. lutrensis,126000,1000,1000,11.744037185933616,11.744037185933616,6.907755278982137
MR,2017-10-31,G. affinis,1.863594009227063,3.333209881115514,6.399360063993601,0.6225068863315253,0.6225068863315253,1.856197995365293
MR,2017-10-31,H. cyanoguttatum,1.863594009227063,-0.49975012493753124,-0.49975012493753124,0.6225068863315253,0.6225068863315253,-0.6936470556015963
MR,2017-10-31,L. gulosus,1.863594009227063,-0.1249843769528809,1.9980019980019983,0.6225068863315253,0.6225068863315253,0.6921476802268619
MR,2017-10-31,L. macrochirus,1.863594009227063,-0.1249843769528809,0.9990009990009991,0.6225068863315253,0.6225068863315253,-9.99500333083388e-4
MR,2017-10-31,L. megalotis,1.863594009227063,-0.1249843769528809,0.9990009990009991,0.6225068863315253,0.6225068863315253,-9.99500333083388e-4
MR,2017-10-31,P. latipinna,1.863594009227063,3.333209881115514,1.5293218045997292,0.6225068863315253,0.6225068863315253,0.42482437216589003
PL,2017-11-11,A. natalis,-0.03146842143908588,2.665778073975342,3.4982508745627188,-3.458770729981017,-3.458770729981017,1.252263093453717
PL,2017-11-11,C. lutrensis,-0.03146842143908588,0.2857061226822091,0.2857061226822091,-3.458770729981017,-3.458770729981017,-1.252791539515784
PL,2017-11-11,G. affinis,-0.03146842143908588,-0.31034304400549423,2.3713608182623354,-3.458770729981017,-3.458770729981017,0.8634639752867683
PL,2017-11-11,I. punctatus,-0.03146842143908588,2.665778073975342,0.9990009990009991,-3.458770729981017,-3.458770729981017,-9.99500333083388e-4
PL,2017-11-11,L. cyanellus,-0.03146842143908588,0.42252926015126546,8.991008991008991,-3.458770729981017,-3.458770729981017,2.196225077003136
PL,2017-11-11,L. gulosus,-0.03146842143908588,0.42252926015126546,5.994005994005994,-3.458770729981017,-3.458770729981017,1.7907599688949716
PL,2017-11-11,L. macrochirus,-0.03146842143908588,0.42252926015126546,-0.285673475217826,-3.458770729981017,-3.458770729981017,-1.2529058154351154
PL,2017-11-11,L. megalotis,-0.03146842143908588,0.42252926015126546,0.3166613889768504,-3.458770729981017,-3.458770729981017,-1.1499222495834394
PL,2017-11-11,P. latipinna,-0.03146842143908588,-0.31034304400549423,-0.9856044201120855,-3.458770729981017,-3.458770729981017,-0.01450020152129274
GC,2017-12-03,A. natalis,56000,1000,1000,10.933106969717286,10.933106969717286,6.907755278982137
GC,2017-12-03,E. gracile,56000,2000,2000,10.933106969717286,10.933106969717286,7.600902459542082
GC,2017-12-03,F. chrysotus,-0.050846595820409825,-0.33322225924691773,0,-2.9789421042465167,-2.9789421042465167,-100000
GC,2017-12-03,G. affinis,-0.050846595820409825,1.272611580765385,1.272611580765385,-2.9789421042465167,-2.9789421042465167,0.24107115185796002
GC,2017-12-03,L. auritus,-0.050846595820409825,-0.465105462663659,-0.33322225924691773,-2.9789421042465167,-2.9789421042465167,-1.09894556645823
GC,2017-12-03,L. cyanellus,-0.050846595820409825,-0.465105462663659,-0.571346950435652,-2.9789421042465167,-2.9789421042465167,-0.5597586348751701
GC,2017-12-03,L. gulosus,-0.050846595820409825,-0.465105462663659,-0.4998750312421894,-2.9789421042465167,-2.9789421042465167,-0.6933971493151527
GC,2017-12-03,L. macrochirus,-0.050846595820409825,-0.465105462663659,-0.3749531308586427,-2.9789421042465167,-2.9789421042465167,-0.9809542451998772
GC,2017-12-03,L. megalotis,-0.050846595820409825,-0.465105462663659,0.7998400319936012,-2.9789421042465167,-2.9789421042465167,-0.22334353131687612
GC,2017-12-03,L. microlophus,-0.050846595820409825,-0.465105462663659,-0.857020425653478,-2.9789421042465167,-2.9789421042465167,-0.15429352676700558
GC,2017-12-03,L. miniatus,-0.050846595820409825,-0.465105462663659,-0.857020425653478,-2.9789421042465167,-2.9789421042465167,-0.15429352676700558
GC,2017-12-03,L. oculatus,-0.050846595820409825,-0.49975012493753124,-0.49975012493753124,-2.9789421042465167,-2.9789421042465167,-0.6936470556015963
GC,2017-12-03,N. texanus,-0.0698455178981269,0.19988007195682586,0.9990009990009991,-2.6614693628665957,-2.6614693628665957,-9.99500333083388e-4
PL,2017-12-03,A. natalis,-0.6608368502208035,0.33322225924691773,0.49975012493753124,-0.4142482922575938,-0.4142482922575938,-0.6936470556015963
PL,2017-12-03,C. lutrensis,-0.6608368502208035,-0.19999428587754636,-0.19999428587754636,-0.4142482922575938,-0.4142482922575938,-1.6094664834545163
PL,2017-12-03,G. affinis,-0.6608368502208035,-0.7988459836437721,0,-0.4142482922575938,-0.4142482922575938,-100000
PL,2017-12-03,I. punctatus,-0.6608368502208035,0.33322225924691773,0,-0.4142482922575938,-0.4142482922575938,-100000
PL,2017-12-03,L. cyanellus,-0.6608368502208035,-0.5774566555400628,0.9990009990009991,-0.4142482922575938,-0.4142482922575938,-9.99500333083388e-4
PL,2017-12-03,L. gulosus,-0.6608368502208035,-0.5774566555400628,0.9990009990009991,-0.4142482922575938,-0.4142482922575938,-9.99500333083388e-4
PL,2017-12-03,L. macrochirus,-0.6608368502208035,-0.5774566555400628,-0.714183688044565,-0.4142482922575938,-0.4142482922575938,-0.33661508356096026
PL,2017-12-03,L. megalotis,-0.6608368502208035,-0.5774566555400628,-0.5999900001666639,-0.4142482922575938,-0.4142482922575938,-0.5108422902937699
GC,2018-02-11,E. gracile,48000,1000,1000,10.778956289890028,10.778956289890028,6.907755278982137
GC,2018-02-11,F. chrysotus,-0.20272235682627077,-0.5452067242162654,-0.33311125916055967,-1.595917936459374,-1.595917936459374,-1.0992787332112701
GC,2018-02-11,G. affinis,0.37141795948687184,2.499687539057618,2.499687539057618,-0.9904272750482928,-0.9904272750482928,0.9161657396860041
GC,2018-02-11,L. auritus,-0.20272235682627077,-0.7425595532761727,-0.6363057903826925,-1.595917936459374,-1.595917936459374,-0.45207602870198527
GC,2018-02-11,L. cyanellus,-0.20272235682627077,-0.7425595532761727,-0.7776049766718507,-1.595917936459374,-1.595917936459374,-0.2515366258154277
GC,2018-02-11,L. gulosus,0.37141795948687184,-0.4999807699703857,-0.49975012493753124,-0.9904272750482928,-0.9904272750482928,-0.6936470556015963
GC,2018-02-11,L. macrochirus,0.37141795948687184,-0.4999807699703857,-0.8570816370259268,-0.9904272750482928,-0.9904272750482928,-0.1542221058477879
GC,2018-02-11,L. megalotis,0.37141795948687184,-0.4999807699703857,-0.3999200159968006,-0.9904272750482928,-0.9904272750482928,-0.9164907118768214
GC,2018-02-11,L. miniatus,-0.20272235682627077,-0.7425595532761727,-0.8419723201599747,-1.595917936459374,-1.595917936459374,-0.1720081391994394
GC,2018-02-11,L. oculatus,-0.20272235682627077,-0.49975012493753124,-0.49975012493753124,-1.595917936459374,-1.595917936459374,-0.6936470556015963
GC,2018-02-11,M. salmoides,-0.20272235682627077,-0.7425595532761727,-0.6664445184938355,-1.595917936459374,-1.595917936459374,-0.40579838589828465
GC,2018-02-11,N. gyrinus,48000,1000,1000,10.778956289890028,10.778956289890028,6.907755278982137
GC,2018-02-11,N. texanus,-0.20272235682627077,0.7995202878273036,1.9980019980019983,-1.595917936459374,-1.595917936459374,0.6921476802268619
PL,2018-02-11,A. natalis,0.7640276974358681,-0.5998800239952009,-0.5713061486824251,-0.2691512372844385,-0.2691512372844385,-0.5598300506938042
PL,2018-02-11,C. lutrensis,1.315779580604657,1.279948802047918,1.279948802047918,0.2744293269330338,0.2744293269330338,0.24682007873150436
PL,2018-02-11,G. affinis,1.315779580604657,0.5512749836540557,2.6665858610345143,0.2744293269330338,0.2744293269330338,0.9807989504405509
PL,2018-02-11,L. cyanellus,1.315779580604657,3.571301024963394,-0.2499375156210947,0.2744293269330338,0.2744293269330338,-1.3865443298750981
PL,2018-02-11,L. gulosus,1.315779580604657,3.571301024963394,2.997002997002997,0.2744293269330338,0.2744293269330338,1.0976127883350262
PL,2018-02-11,L. macrochirus,1.315779580604657,3.571301024963394,1.9980019980019983,0.2744293269330338,0.2744293269330338,0.6921476802268619
PL,2018-02-11,L. megalotis,1.315779580604657,3.571301024963394,4.363438025544293,0.2744293269330338,0.2744293269330338,1.4732602845970924
PL,2018-03-02,C. lutrensis,-0.744355305599206,-0.039998400063997436,-0.039998400063997436,-0.29523679685589027,-0.29523679685589027,-3.218915824068222
PL,2018-03-02,G. affinis,-0.744355305599206,-0.9615261342803296,-0.9696675858307324,-0.29523679685589027,-0.29523679685589027,-0.030801961237929148
PL,2018-03-02,I. punctatus,-0.744355305599206,0,0,-0.29523679685589027,-0.29523679685589027,-100000
PL,2018-03-02,L. cyanellus,-0.744355305599206,-0.7856862254919467,-0.7498125468632841,-0.29523679685589027,-0.29523679685589027,-0.28793204120698834
PL,2018-03-02,L. gulosus,-0.744355305599206,-0.7856862254919467,0,-0.29523679685589027,-0.29523679685589027,-100000
PL,2018-03-02,L. megalotis,-0.744355305599206,-0.7856862254919467,-0.8181446297895549,-0.29523679685589027,-0.29523679685589027,-0.20071614897457926
PL,2018-03-02,P. latipinna,-0.744355305599206,-0.9615261342803296,-0.9555343214595232,-0.29523679685589027,-0.29523679685589027,-0.04548459605206953
WM,2018-03-02,C. lutrensis,52000,3000,1000,10.858998997563564,10.858998997563564,6.907755278982137
WM,2018-03-02,E. gracile,0.4857004085597555,-0.6664445184938355,-0.6664445184938355,-0.7221632884536134,-0.7221632884536134,-0.40579838589828465
WM,2018-03-02,G. affinis,0.4857004085597555,5.9980006664445185,5.9980006664445185,-0.7221632884536134,-0.7221632884536134,1.7914261914379346
WM,2018-03-02,I. punctatus,52000,1000,1000,10.858998997563564,10.858998997563564,6.907755278982137
WM,2018-03-02,L. cyanellus,0.4857004085597555,-0.13792627840419294,-0.33327778703549404,-0.7221632884536134,-0.7221632884536134,-1.0987789414474307
WM,2018-03-02,L. gulosus,0.4857004085597555,-0.13792627840419294,0,-0.7221632884536134,-0.7221632884536134,-100000
WM,2018-03-02,L. macrochirus,0.4857004085597555,-0.13792627840419294,0.33322225924691773,-0.7221632884536134,-0.7221632884536134,-1.09894556645823
WM,2018-03-02,L. megalotis,0.4857004085597555,-0.13792627840419294,-0.2941003470384095,-0.7221632884536134,-0.7221632884536134,-1.2238342534214917
WM,2018-03-02,L. microlophus,0.905725968158235,0.1845299100541371,0,-0.09901848209194457,-0.09901848209194457,-100000
WM,2018-03-02,L. oculatus,52000,1000,1000,10.858998997563564,10.858998997563564,6.907755278982137
WM,2018-03-02,P. annularis,52000,25000,1000,10.858998997563564,10.858998997563564,6.907755278982137
WM,2018-03-02,P. vigilax,52000,3000,2000,10.858998997563564,10.858998997563564,7.600902459542082
MR,2018-04-01,C. variegatus,30000,2000,2000,10.308952660644293,10.308952660644293,7.600902459542082
MR,2018-04-01,G. affinis,0.07142602049926788,1.8330278286952173,2.4987506246876565,-2.639093043263233,-2.639093043263233,0.9157908568325042
MR,2018-04-01,L. macrochirus,0.07142602049926788,-0.3333055578701775,-0.3999200159968006,-2.639093043263233,-2.639093043263233,-0.9164907118768214
MR,2018-04-01,L. megalotis,-0.1034954494800082,-0.2328543838262085,1.9988007195682589,-2.268227633619995,-2.268227633619995,0.6925473604879776
MR,2018-04-01,M. cephalus,0.07142602049926788,-0.3999200159968006,-0.3999200159968006,-2.639093043263233,-2.639093043263233,-0.9164907118768214
MR,2018-04-01,P. latipinna,0.07142602049926788,1.8330278286952173,1.4996250937265683,-2.639093043263233,-2.639093043263233,0.40521513935295694
PL,2018-04-01,A. natalis,1.696191796254454,-0.6665926008221309,-0.6249218847644045,0.5283856183899945,0.5283856183899945,-0.4701286214338865
PL,2018-04-01,C. lutrensis,1.696191796254454,8.681423571655833,8.681423571655833,0.5283856183899945,0.5283856183899945,2.1611855211758857
PL,2018-04-01,F. chrysotus,426000,2000,2000,12.962194625251508,12.962194625251508,7.600902459542082
PL,2018-04-01,G. affinis,1.696191796254454,1.9031644140511597,2.3999040038398465,0.5283856183899945,0.5283856183899945,0.8754287381538787
PL,2018-04-01,L. auritus,1.696191796254454,0.2553164328039063,4.24893776555861,0.5283856183899945,0.5283856183899945,1.446669014181118
PL,2018-04-01,L. cyanellus,1.696191796254454,0.2553164328039063,-0.8799648014079436,0.5283856183899945,0.5283856183899945,-0.1278733707099063
PL,2018-04-01,L. gulosus,1.696191796254454,0.2553164328039063,4.9950049950049955,0.5283856183899945,0.5283856183899945,1.608438412101017
PL,2018-04-01,L. macrochirus,1.696191796254454,0.2553164328039063,0.4999500049995001,0.5283856183899945,0.5283856183899945,-0.6932471755602785
PL,2018-04-01,L. megalotis,1.696191796254454,0.2553164328039063,0.45999080018399635,0.5283856183899945,0.5283856183899945,-0.776548789298999
PL,2018-04-01,P. latipinna,1.696191796254454,1.9031644140511597,-0.16663889351774702,0.5283856183899945,0.5283856183899945,-1.7919261220073759
PD,2018-05-10,F. notatus,0.9729466771168347,4.331889370209931,14.985014985014987,-0.027426000849917944,-0.027426000849917944,2.7070507007691265
PD,2018-05-10,G. affinis,0.9729466771168347,8.165305782369604,9.998000399920015,-0.027426000849917944,-0.027426000849917944,2.3023851129913795
PD,2018-05-10,H. cyanoguttatum,0.9729466771168347,-0.49975012493753124,-0.49975012493753124,-0.027426000849917944,-0.027426000849917944,-0.6936470556015963
PD,2018-05-10,L. gulosus,0.9729466771168347,-0.9599616015359386,-0.49975012493753124,-0.027426000849917944,-0.027426000849917944,-0.6936470556015963
PL,2018-05-10,A. natalis,-0.6265783127954886,-0.8887901344295079,-0.8748906386701663,-0.46748151198627225,-0.46748151198627225,-0.13365638481267358
PL,2018-05-10,C. lutrensis,-0.6265783127954886,-0.40907231489477747,-0.40907231489477747,-0.46748151198627225,-0.46748151198627225,-0.8938633295345245
PL,2018-05-10,G. affinis,-0.6265783127954886,0,0.19999200031998718,-0.46748151198627225,-0.46748151198627225,-1.6094779116341218
PL,2018-05-10,L. auritus,-0.6265783127954886,-0.851054776013021,-0.7498125468632841,-0.46748151198627225,-0.46748151198627225,-0.28793204120698834
PL,2018-05-10,L. cyanellus,-0.6265783127954886,-0.851054776013021,-0.9599616015359386,-0.46748151198627225,-0.46748151198627225,-0.040861993720276456
PL,2018-05-10,L. gulosus,-0.6265783127954886,-0.851054776013021,0,-0.46748151198627225,-0.46748151198627225,-100000
PL,2018-05-10,L. macrochirus,-0.6265783127954886,-0.851054776013021,-0.8999100089991001,-0.46748151198627225,-0.46748151198627225,-0.10546051065815958
PL,2018-05-10,L. megalotis,-0.6265783127954886,-0.851054776013021,-0.7999840003199936,-0.46748151198627225,-0.46748151198627225,-0.2231635511142124
PL,2018-05-10,P. latipinna,-0.6265783127954886,0,-0.8331944675887352,-0.46748151198627225,-0.46748151198627225,-0.18248820957327547
PL,2018-06-07,A. natalis,0.15822684666552742,-0.6665926008221309,-0.6249218847644045,-1.8437255372526615,-1.8437255372526615,-0.4701286214338865
PL,2018-06-07,C. lutrensis,0.15822684666552742,0.04545247943275305,0.04545247943275305,-1.8437255372526615,-1.8437255372526615,-3.0910879068707438
PL,2018-06-07,G. affinis,0.15822684666552742,1.2580239347117834,1.7199312027518898,-1.8437255372526615,-1.8437255372526615,0.5422842916253403
PL,2018-06-07,L. cyanellus,0.15822684666552742,-0.07446729290113935,-0.7199712011519539,-1.8437255372526615,-1.8437255372526615,-0.32854406617205745
PL,2018-06-07,L. gulosus,0.15822684666552742,-0.07446729290113935,0.9990009990009991,-1.8437255372526615,-1.8437255372526615,-9.99500333083388e-4
PL,2018-06-07,L. macrochirus,0.15822684666552742,-0.07446729290113935,-0.3999600039996001,-1.8437255372526615,-1.8437255372526615,-0.9163907268744883
PL,2018-06-07,L. megalotis,0.15822684666552742,-0.07446729290113935,0.379992400151997,-1.8437255372526615,-1.8437255372526615,-0.9676040260617083
PL,2018-06-07,M. salmoides,0.15822684666552742,-0.07446729290113935,-0.2499375156210947,-1.8437255372526615,-1.8437255372526615,-1.3865443298750981
PL,2018-06-07,P. latipinna,0.15822684666552742,1.2580239347117834,-0.6665555740709881,-1.8437255372526615,-1.8437255372526615,-0.4056317608874853
GC,2018-07-27,G. affinis,-0.5432031703312304,10.98901098901099,10.98901098901099,-0.6102718663569827,-0.6102718663569827,2.396895772465287
GC,2018-07-27,L. cyanellus,-0.5432031703312304,-0.7692209074242637,-0.49975012493753124,-0.6102718663569827,-0.6102718663569827,-0.6936470556015963
GC,2018-07-27,L. gulosus,-0.5432031703312304,-0.7692209074242637,-0.7498125468632841,-0.6102718663569827,-0.6102718663569827,-0.28793204120698834
GC,2018-07-27,L. humilis,-0.3854280103524686,-0.6435516128393497,-0.2499375156210947,-0.9534008469908679,-0.9534008469908679,-1.3865443298750981
GC,2018-07-27,L. macrochirus,-0.5432031703312304,-0.7692209074242637,-0.8823010411152284,-0.6102718663569827,-0.6102718663569827,-0.1252219647533819
GC,2018-07-27,L. megalotis,-0.5432031703312304,-0.7692209074242637,-0.749968751302029,-0.6102718663569827,-0.6102718663569827,-0.28772373825041625
GC,2018-07-27,L. microlophus,-0.5432031703312304,-0.7692209074242637,-0.4998750312421894,-0.6102718663569827,-0.6102718663569827,-0.6933971493151527
GC,2018-07-27,L. miniatus,-0.5432031703312304,-0.7692209074242637,-0.8331944675887352,-0.6102718663569827,-0.6102718663569827,-0.18248820957327547
GC,2018-07-27,M. salmoides,-0.5432031703312304,-0.7692209074242637,0,-0.6102718663569827,-0.6102718663569827,-100000
GC,2018-07-27,N. gyrinus,37000,3000,3000,10.51867319162636,10.51867319162636,8.006367567650246
GC,2018-07-27,N. texanus,-0.5432031703312304,0.9995002498750625,2.997002997002997,-0.6102718663569827,-0.6102718663569827,1.0976127883350262
MR,2018-07-27,A. natalis,7000,1000,1000,8.85366542803745,8.85366542803745,6.907755278982137
MR,2018-07-27,G. affinis,-0.8055331796338991,-0.7390983000739098,0.33322225924691773,-0.2162508858616183,-0.2162508858616183,-1.09894556645823
MR,2018-07-27,P. latipinna,-0.8055331796338991,-0.7390983000739098,-0.8999550022498874,-0.2162508858616183,-0.2162508858616183,-0.10541051440786803
PL,2018-07-27,A. natalis,-0.756749939189737,0,-0.7498125468632841,-0.2787224114374487,-0.2787224114374487,-0.28793204120698834
PL,2018-07-27,C. lutrensis,-0.756749939189737,-0.571346950435652,-0.571346950435652,-0.2787224114374487,-0.2787224114374487,-0.5597586348751701
PL,2018-07-27,G. affinis,-0.756749939189737,-0.39998400063997436,0.857020425653478,-0.2787224114374487,-0.2787224114374487,-0.15429352676700558
PL,2018-07-27,I. punctatus,-0.756749939189737,0,0,-0.2787224114374487,-0.2787224114374487,-100000
PL,2018-07-27,L. macrochirus,-0.756749939189737,-0.9436486810044928,-0.49975012493753124,-0.2787224114374487,-0.2787224114374487,-0.6936470556015963
PL,2018-07-27,L. megalotis,-0.756749939189737,-0.9436486810044928,-0.9508040851789316,-0.2787224114374487,-0.2787224114374487,-0.05044724693514378
PL,2018-07-27,N. gyrinus,27000,5000,3000,10.203592144986466,10.203592144986466,8.006367567650246
PL,2018-07-27,P. latipinna,-0.756749939189737,-0.39998400063997436,-0.8888395089161713,-0.2787224114374487,-0.2787224114374487,-0.11783858966878637
PL,2018-09-25,C. lutrensis,-0.8558481455122026,-0.571346950435652,-0.571346950435652,-0.15566231868022146,-0.15566231868022146,-0.5597586348751701
PL,2018-09-25,G. affinis,-0.8558481455122026,-0.7999680012799487,-0.285673475217826,-0.15566231868022146,-0.15566231868022146,-1.2529058154351154
PL,2018-09-25,I. punctatus,-0.8558481455122026,-0.7998400319936012,0,-0.15566231868022146,-0.15566231868022146,-100000
PL,2018-09-25,L. cyanellus,-0.8558481455122026,-0.9013957549893663,-0.7998400319936012,-0.15566231868022146,-0.15566231868022146,-0.22334353131687612
PL,2018-09-25,L. macrochirus,-0.8558481455122026,-0.9013957549893663,0,-0.15566231868022146,-0.15566231868022146,-100000
PL,2018-09-25,L. megalotis,-0.8558481455122026,-0.9013957549893663,-0.9344109112965362,-0.15566231868022146,-0.15566231868022146,-0.06783898964701296
SF,2017-11-05,A. mexicanus,1.8991144775680808,-0.6999300069993001,-0.6999300069993001,0.6413877130927551,0.6413877130927551,-0.35677493893906564
SF,2017-11-05,C. lutrensis,661000,38000,14000,13.401509118833824,13.401509118833824,9.546812608597396
SF,2017-11-05,C. variegatus,661000,1000,1000,13.401509118833824,13.401509118833824,6.907755278982137
SF,2017-11-05,G. affinis,1.8991144775680808,1.440242514198024,2.6189229084329315,0.6413877130927551,0.6413877130927551,0.9627631295951796
SF,2017-11-05,H. cyanoguttatum,1.8991144775680808,2.9309839485526115,3.145397356411702,0.6413877130927551,0.6413877130927551,1.1459402276124135
SF,2017-11-05,L. macrochirus,1.8991144775680808,1.9980019980019983,1.9980019980019983,0.6413877130927551,0.6413877130927551,0.6921476802268619
SF,2017-11-05,P. latipinna,1.8991144775680808,1.440242514198024,1.2608604285476193,0.6413877130927551,0.6413877130927551,0.23179436770676765
SF,2017-11-05,P. vigilax,661000,38000,24000,13.401509118833824,13.401509118833824,10.085809109330082
TR,2017-11-05,C. variegatus,-0.778015564621628,-0.9013309297841873,-0.9013309297841873,-0.2510087490634657,-0.2510087490634657,-0.10388279715050312
TR,2017-11-05,D. maculatus,103000,1000,1000,11.542484267211773,11.542484267211773,6.907755278982137
TR,2017-11-05,F. grandis,-0.778015564621628,-0.142836737608913,-0.142836737608913,-0.2510087490634657,-0.2510087490634657,-1.9460529959950605
TR,2017-11-05,G. affinis,-0.778015564621628,-0.3499956250546868,-0.9130302459384646,-0.2510087490634657,-0.2510087490634657,-0.090986270854331
TR,2017-11-05,H. cyanoguttatum,-0.34185085079328564,0.02940571058899646,-0.7498125468632841,-1.0733807458341904,-1.0733807458341904,-0.28793204120698834
TR,2017-11-05,L. megalotis,103000,1000,1000,11.542484267211773,11.542484267211773,6.907755278982137
TR,2017-11-05,N. gyrinus,103000,1000,1000,11.542484267211773,11.542484267211773,6.907755278982137
TR,2017-11-05,O. aureus,-0.778015564621628,1.4992503748125938,0.9995002498750625,-0.2510087490634657,-0.2510087490634657,-4.998750416510425e-4
TR,2017-11-05,P. latipinna,-0.778015564621628,-0.3499956250546868,3.1815289519134624,-0.2510087490634657,-0.2510087490634657,1.1573618837321151
SF,2017-12-11,C. lutrensis,62000,4000,2000,11.03488966402723,11.03488966402723,7.600902459542082
SF,2017-12-11,G. affinis,-0.7280669821623589,-0.6855302796837756,-0.8094852626065425,-0.3173622265531916,-0.3173622265531916,-0.21135671158107514
SF,2017-12-11,H. cyanoguttatum,-0.7280669821623589,-0.8792951845657834,-0.8727114052471774,-0.3173622265531916,-0.3173622265531916,-0.1361503559774745
SF,2017-12-11,L. oculatus,-0.7381567619322271,-0.857020425653478,-0.857020425653478,-0.30359906239612605,-0.30359906239612605,-0.15429352676700558
SF,2017-12-11,P. latipinna,-0.7280669821623589,-0.6855302796837756,-0.6666618357837987,-0.3173622265531916,-0.3173622265531916,-0.4054723544587211
SF,2017-12-11,P. vigilax,62000,4000,2000,11.03488966402723,11.03488966402723,7.600902459542082
TR,2017-12-11,C. variegatus,-0.6422399951724242,-0.6773315271159277,-0.6773315271159277,-0.44279322089094214,-0.44279322089094214,-0.38959442561498536
TR,2017-12-11,G. affinis,-0.6422399951724242,-0.43749453131835847,-0.5941942870393182,-0.44279322089094214,-0.44279322089094214,-0.5205489305415559
TR,2017-12-11,P. latipinna,-0.6422399951724242,-0.43749453131835847,0.545404963185165,-0.44279322089094214,-0.44279322089094214,-0.6062267085292437
SF,2018-06-01,C. lutrensis,180000,4000,1000,12.100712129872347,12.100712129872347,6.907755278982137
SF,2018-06-01,G. affinis,-0.06249967448086208,1.220570285731092,0.6874570339353789,-2.7725939305595513,-2.7725939305595513,-0.3747559474883672
SF,2018-06-01,H. cyanoguttatum,-0.06249967448086208,-0.5901542597662334,-0.5454446282794858,-2.7725939305595513,-2.7725939305595513,-0.6061539852232102
SF,2018-06-01,P. latipinna,-0.06249967448086208,1.220570285731092,1.3845887579085019,-2.7725939305595513,-2.7725939305595513,0.32540316985030615
SF,2018-06-01,P. vigilax,180000,4000,3000,12.100712129872347,12.100712129872347,8.006367567650246
TR,2018-06-01,A. mexicanus,5.36096219549457,8.995502248875562,8.995502248875562,1.6791434730567931,1.6791434730567931,2.1967247022945684
TR,2018-06-01,C. variegatus,5.36096219549457,52.473763118440786,52.473763118440786,1.6791434730567931,1.6791434730567931,3.960313294555927
TR,2018-06-01,F. grandis,0.46325582584136843,0.04999250112483122,0.3999200159968006,-0.7694758378755221,-0.7694758378755221,-0.9164907118768214
TR,2018-06-01,P. latipinna,5.36096219549457,4.587965413799188,5.332977801479902,1.6791434730567931,1.6791434730567931,1.6739097691271283
SF,2018-09-18,A. mexicanus,-0.19387557269823777,-0.6249218847644045,-0.6249218847644045,-1.640538703533703,-1.640538703533703,-0.4701286214338865
SF,2018-09-18,C. lutrensis,79000,3000,3000,11.27720313144916,11.27720313144916,8.006367567650246
SF,2018-09-18,G. affinis,-0.19387557269823777,-0.1515128558658202,2.117522498676548,-1.640538703533703,-1.640538703533703,0.750246772600518
SF,2018-09-18,L. gulosus,-0.6663621933421698,-0.33887571038904046,0.49975012493753124,-0.40592192241868064,-0.40592192241868064,-0.6936470556015963
SF,2018-09-18,L. macrochirus,-0.6663621933421698,-0.33887571038904046,-0.1764602082230457,-0.40592192241868064,-0.40592192241868064,-1.7346598771874822
SF,2018-09-18,P. latipinna,-0.19387557269823777,-0.1515128558658202,-0.9387563519111856,-1.640538703533703,-1.640538703533703,-0.0631993095765531
WM,2017-09-30,A. natalis,28000,4000,2000,10.239959789157341,10.239959789157341,7.600902459542082
WM,2017-09-30,C. lutrensis,28000,3000,2000,10.239959789157341,10.239959789157341,7.600902459542082
WM,2017-09-30,I. punctatus,28000,4000,2000,10.239959789157341,10.239959789157341,7.600902459542082
WM,2017-09-30,L. auritus,28000,21000,2000,10.239959789157341,10.239959789157341,7.600902459542082
WM,2017-09-30,L. cyanellus,0.6470207634845009,0.3999733351109926,0.49975012493753124,-0.4353768930572214,-0.4353768930572214,-0.6936470556015963
WM,2017-09-30,L. macrochirus,0.6470207634845009,0.3999733351109926,-0.6664445184938355,-0.4353768930572214,-0.4353768930572214,-0.40579838589828465
WM,2017-09-30,L. megalotis,0.6470207634845009,0.3999733351109926,1.4997500416597234,-0.4353768930572214,-0.4353768930572214,0.40529845532884357
WM,2017-09-30,P. vigilax,28000,3000,1000,10.239959789157341,10.239959789157341,6.907755278982137
EM,2017-12-02,A. sayanus,199000,1000,1000,12.201060103706629,12.201060103706629,6.907755278982137
EM,2017-12-02,E. gracile,2.8268687140631914,0.9990009990009991,0.9990009990009991,1.039169637612987,1.039169637612987,-9.99500333083388e-4
EM,2017-12-02,G. affinis,2.8268687140631914,6.437097681394913,6.437097681394913,1.039169637612987,1.039169637612987,1.8620777679428981
EM,2017-12-02,I. punctatus,199000,3000,1000,12.201060103706629,12.201060103706629,6.907755278982137
EM,2017-12-02,L. cyanellus,2.8268687140631914,1.2413365056377366,0.9990009990009991,1.039169637612987,1.039169637612987,-9.99500333083388e-4
EM,2017-12-02,L. gulosus,2.8268687140631914,1.2413365056377366,1.4992503748125938,1.039169637612987,1.039169637612987,0.4049652330665134
EM,2017-12-02,L. humilis,199000,65000,1000,12.201060103706629,12.201060103706629,6.907755278982137
EM,2017-12-02,L. macrochirus,2.8268687140631914,1.2413365056377366,-0.16663889351774702,1.039169637612987,1.039169637612987,-1.7919261220073759
EM,2017-12-02,L. megalotis,2.8268687140631914,1.2413365056377366,1.6314930793116151,1.039169637612987,1.039169637612987,0.4894955951247513
EM,2017-12-02,M. salmoides,4.920514761544284,2.0231617134086783,0,1.5934131513614032,1.5934131513614032,-100000
EM,2017-12-02,N. gyrinus,4.920514761544284,1.9980019980019983,0.9990009990009991,1.5934131513614032,1.5934131513614032,-9.99500333083388e-4
EM,2017-12-02,N. texanus,2.8268687140631914,3.4982508745627188,0.9990009990009991,1.039169637612987,1.039169637612987,-9.99500333083388e-4
EM,2017-12-02,P. annularis,2.8268687140631914,1.2413365056377366,0,1.039169637612987,1.039169637612987,-100000
EM,2017-12-02,P. vigilax,4.920514761544284,4.996668887408394,5.994005994005994,1.5934131513614032,1.5934131513614032,1.7907599688949716
WM,2017-12-02,A. natalis,96000,3000,1000,11.472103470449973,11.472103470449973,6.907755278982137
WM,2017-12-02,A. sayanus,2.0967065578529724,0,0,0.7403678078662549,0.7403678078662549,-100000
WM,2017-12-02,C. lutrensis,96000,28000,21000,11.472103470449973,11.472103470449973,9.95227771670556
WM,2017-12-02,C. venusta,2.0967065578529724,26.973026973026975,3.9960039960039966,0.7403678078662549,0.7403678078662549,1.3852948607868072
WM,2017-12-02,G. affinis,2.0967065578529724,5.748562859285178,5.748562859285178,0.7403678078662549,0.7403678078662549,1.7489498860540516
WM,2017-12-02,I. punctatus,96000,3000,1000,11.472103470449973,11.472103470449973,6.907755278982137
WM,2017-12-02,L. cyanellus,2.0967065578529724,0.4399824007039718,0.2499375156210947,0.7403678078662549,0.7403678078662549,-1.3865443298750981
WM,2017-12-02,L. gulosus,2.0967065578529724,0.4399824007039718,0,0.7403678078662549,0.7403678078662549,-100000
WM,2017-12-02,L. humilis,96000,36000,1000,11.472103470449973,11.472103470449973,6.907755278982137
WM,2017-12-02,L. macrochirus,2.0967065578529724,0.4399824007039718,0.9995002498750625,0.7403678078662549,0.7403678078662549,-4.998750416510425e-4
WM,2017-12-02,L. megalotis,2.0967065578529724,0.4399824007039718,0.5713877580172845,0.7403678078662549,0.7403678078662549,-0.5596872139559523
WM,2017-12-02,L. oculatus,96000,1000,1000,11.472103470449973,11.472103470449973,6.907755278982137
WM,2017-12-02,M. salmoides,2.0967065578529724,0.4399824007039718,0,0.7403678078662549,0.7403678078662549,-100000
WM,2017-12-02,N. gyrinus,96000,3000,1000,11.472103470449973,11.472103470449973,6.907755278982137
WM,2017-12-02,N. texanus,96000,28000,1000,11.472103470449973,11.472103470449973,6.907755278982137
WM,2017-12-02,P. vigilax,96000,28000,1000,11.472103470449973,11.472103470449973,6.907755278982137
EM,2018-09-01,G. affinis,-0.34998250087495625,0.6664445184938355,0.6664445184938355,-1.0498721232487194,-1.0498721232487194,-0.40579838589828465
EM,2018-09-01,I. punctatus,13000,1000,1000,9.472704636443673,9.472704636443673,6.907755278982137
EM,2018-09-01,L. auritus,13000,6000,1000,9.472704636443673,9.472704636443673,6.907755278982137
EM,2018-09-01,L. cyanellus,-0.34998250087495625,-0.5713877580172845,-0.6664445184938355,-1.0498721232487194,-1.0498721232487194,-0.40579838589828465
EM,2018-09-01,L. macrochirus,-0.34998250087495625,-0.5713877580172845,0,-1.0498721232487194,-1.0498721232487194,-100000
EM,2018-09-01,L. megalotis,-0.34998250087495625,-0.5713877580172845,-0.857020425653478,-1.0498721232487194,-1.0498721232487194,-0.15429352676700558
EM,2018-09-01,L. oculatus,-0.34998250087495625,0,0,-1.0498721232487194,-1.0498721232487194,-100000
EM,2018-09-01,P. annularis,-0.6132048963832482,-0.7208967024789544,0,-0.489056147046938,-0.489056147046938,-100000
WM,2018-09-01,A. melas,18000,2000,1000,9.798127036878302,9.798127036878302,6.907755278982137
WM,2018-09-01,A. sayanus,0.0588200694076819,0.9990009990009991,0.9990009990009991,-2.833272165855592,-2.833272165855592,-9.99500333083388e-4
WM,2018-09-01,C. lutrensis,18000,2000,1000,9.798127036878302,9.798127036878302,6.907755278982137
WM,2018-09-01,G. affinis,0.0588200694076819,0.9990009990009991,0.9990009990009991,-2.833272165855592,-2.833272165855592,-9.99500333083388e-4
WM,2018-09-01,I. punctatus,18000,2000,1000,9.798127036878302,9.798127036878302,6.907755278982137
WM,2018-09-01,L. auritus,18000,10000,1000,9.798127036878302,9.798127036878302,6.907755278982137
WM,2018-09-01,L. cyanellus,0.0588200694076819,-0.33331111259249385,-0.49975012493753124,-2.833272165855592,-2.833272165855592,-0.6936470556015963
WM,2018-09-01,L. gulosus,0.0588200694076819,-0.33331111259249385,-0.6664445184938355,-2.833272165855592,-2.833272165855592,-0.40579838589828465
WM,2018-09-01,L. macrochirus,0.0588200694076819,-0.33331111259249385,-0.33322225924691773,-2.833272165855592,-2.833272165855592,-1.09894556645823
WM,2018-09-01,L. megalotis,0.0588200694076819,-0.33331111259249385,-0.33327778703549404,-2.833272165855592,-2.833272165855592,-1.0987789414474307
WM,2018-09-01,M. salmoides,0.0588200694076819,-0.33331111259249385,0,-2.833272165855592,-2.833272165855592,-100000
WM,2018-09-01,N. texanus,18000,2000,1000,9.798127036878302,9.798127036878302,6.907755278982137
EM,2018-02-09,E. gracile,3.730467523280299,3.9960039960039966,3.9960039960039966,1.3165335671631624,1.3165335671631624,1.3852948607868072
EM,2018-02-09,G. affinis,3.542755921259393,15.328223925358214,15.328223925358214,1.2649049330952074,1.2649049330952074,2.729695830030865
EM,2018-02-09,L. cyanellus,3.542755921259393,1.9999310368607979,-0.5998800239952009,1.2649049330952074,1.2649049330952074,-0.511025603768657
EM,2018-02-09,L. gulosus,3.542755921259393,1.9999310368607979,2.997002997002997,1.2649049330952074,1.2649049330952074,1.0976127883350262
EM,2018-02-09,L. humilis,159000,87000,1000,11.976659481202368,11.976659481202368,6.907755278982137
EM,2018-02-09,L. macrochirus,3.542755921259393,1.9999310368607979,4.497751124437781,1.2649049330952074,1.2649049330952074,1.503577521734623
EM,2018-02-09,L. megalotis,3.542755921259393,1.9999310368607979,2.237988667206323,1.2649049330952074,1.2649049330952074,0.8055775460727672
EM,2018-02-09,L. oculatus,3.542755921259393,0,0,1.2649049330952074,1.2649049330952074,-100000
EM,2018-02-09,N. gyrinus,3.542755921259393,2.997002997002997,2.997002997002997,1.2649049330952074,1.2649049330952074,1.0976127883350262
EM,2018-02-09,P. annularis,3.730467523280299,3.046369936282033,0,1.3165335671631624,1.3165335671631624,-100000
EM,2018-02-09,P. vigilax,3.730467523280299,7.661558960692872,11.988011988011989,1.3165335671631624,1.3165335671631624,2.4839071494549168
WM,2018-02-09,E. gracile,-0.17142367360932545,-0.6664445184938355,-0.6664445184938355,-1.7636171632817745,-1.7636171632817745,-0.40579838589828465
WM,2018-02-09,G. affinis,-0.17142367360932545,2.9990003332222592,2.9990003332222592,-1.7636171632817745,-1.7636171632817745,1.0982790108779894
WM,2018-02-09,I. punctatus,29000,1000,1000,10.275051108968611,10.275051108968611,6.907755278982137
WM,2018-02-09,L. cyanellus,-0.17142367360932545,-0.5861866832178201,-0.6665555740709881,-1.7636171632817745,-1.7636171632817745,-0.4056317608874853
WM,2018-02-09,L. gulosus,-0.17142367360932545,-0.5861866832178201,-0.33322225924691773,-1.7636171632817745,-1.7636171632817745,-1.09894556645823
WM,2018-02-09,L. humilis,29000,12000,1000,10.275051108968611,10.275051108968611,6.907755278982137
WM,2018-02-09,L. macrochirus,-0.17142367360932545,-0.5861866832178201,-0.6664445184938355,-1.7636171632817745,-1.7636171632817745,-0.40579838589828465
WM,2018-02-09,L. megalotis,-0.17142367360932545,-0.5861866832178201,-0.6470207634845009,-1.7636171632817745,-1.7636171632817745,-0.4353768930572214
WM,2018-02-09,L. oculatus,29000,1000,1000,10.275051108968611,10.275051108968611,6.907755278982137
WM,2018-02-09,N. texanus,29000,2000,1000,10.275051108968611,10.275051108968611,6.907755278982137
WM,2018-02-09,P. vigilax,29000,2000,1000,10.275051108968611,10.275051108968611,6.907755278982137
GC,2017-10-03,G. affinis,-0.8474432636734971,-0.909008271975275,-0.909008271975275,-0.16553138748648047,-0.16553138748648047,-0.09540108476325293
GC,2017-10-03,L. auritus,-0.8474432636734971,-0.9069556521941351,-0.33322225924691773,-0.16553138748648047,-0.16553138748648047,-1.09894556645823
GC,2017-10-03,L. cyanellus,-0.8474432636734971,-0.9069556521941351,-0.857020425653478,-0.16553138748648047,-0.16553138748648047,-0.15429352676700558
GC,2017-10-03,L. macrochirus,-0.8474432636734971,-0.9069556521941351,-0.8748906386701663,-0.16553138748648047,-0.16553138748648047,-0.13365638481267358
GC,2017-10-03,N. texanus,-0.8504969466009722,1.3991605036977812,2.997002997002997,-0.16193445727497882,-0.16193445727497882,1.0976127883350262
GC,2017-11-04,E. gracile,57000,1000,1000,10.950806546816688,10.950806546816688,6.907755278982137
GC,2017-11-04,F. chrysotus,-0.03389773054693988,-0.33322225924691773,0,-3.3844072123546813,-3.3844072123546813,-100000
GC,2017-11-04,G. affinis,-0.03389773054693988,0.72720661758022,0.72720661758022,-3.3844072123546813,-3.3844072123546813,-0.3185446360774627
GC,2017-11-04,L. auritus,-0.03389773054693988,-0.25580800446501245,-0.6664445184938355,-3.3844072123546813,-3.3844072123546813,-0.40579838589828465
GC,2017-11-04,L. gulosus,-0.03389773054693988,-0.25580800446501245,-0.7498125468632841,-3.3844072123546813,-3.3844072123546813,-0.28793204120698834
GC,2017-11-04,L. macrochirus,-0.03389773054693988,-0.25580800446501245,-0.2499687539057618,-3.3844072123546813,-3.3844072123546813,-1.3864193533080416
GC,2017-11-04,L. megalotis,-0.03389773054693988,-0.25580800446501245,3.5992801439712054,-3.3844072123546813,-3.3844072123546813,1.280733865459398
GC,2017-11-04,M. salmoides,-0.03389773054693988,-0.25580800446501245,-0.49975012493753124,-3.3844072123546813,-3.3844072123546813,-0.6936470556015963
GC,2017-11-04,N. gyrinus,57000,1000,1000,10.950806546816688,10.950806546816688,6.907755278982137
GC,2017-11-04,N. texanus,-0.053235913032108916,0.19988007195682586,0,-2.933022053388493,-2.933022053388493,-100000
GC,2017-11-04,P. vigilax,57000,2000,1000,10.950806546816688,10.950806546816688,6.907755278982137
GC,2018-03-30,F. chrysotus,-0.23594156655830675,-0.5452067242162654,-0.33311125916055967,-1.4441711039435103,-1.4441711039435103,-1.0992787332112701
GC,2018-03-30,G. affinis,0.31427673495043,2.7496562929633797,2.7496562929633797,-1.157481359711459,-1.157481359711459,1.011475919490329
GC,2018-03-30,L. auritus,-0.23594156655830675,-0.7227579651888082,-0.81810744477774755,-1.4441711039435103,-1.4441711039435103,-0.20076160042107918
GC,2018-03-30,L. cyanellus,-0.23594156655830675,-0.7227579651888082,-0.555432126194179,-1.4441711039435103,-1.4441711039435103,-0.5880088624366406
GC,2018-03-30,L. gulosus,0.31427673495043,-0.46152071074189455,-0.49975012493753124,-1.157481359711459,-1.157481359711459,-0.6936470556015963
GC,2018-03-30,L. macrochirus,0.31427673495043,-0.46152071074189455,-0.8570816370259268,-1.157481359711459,-1.157481359711459,-0.1542221058477879
GC,2018-03-30,L. megalotis,0.31427673495043,-0.46152071074189455,0.1999600079984003,-1.157481359711459,-1.157481359711459,-1.6096378924367667
GC,2018-03-30,M. salmoides,-0.23594156655830675,-0.7227579651888082,-0.6664445184938355,-1.4441711039435103,-1.4441711039435103,-0.40579838589828465
GC,2018-03-30,N. texanus,-0.23594156655830675,-0.3997601439136519,0,-1.4441711039435103,-1.4441711039435103,-100000
PD,2018-03-30,A. melas,59000,4000,4000,10.985292722887856,10.985292722887856,8.294049640102028
PD,2018-03-30,F. chrysotus,-0.045306710247406956,5.31411133326318,5.662891405729514,-3.0943001283813465,-3.0943001283813465,1.733934610844946
PD,2018-03-30,F. notatus,0.7878549134874702,8.995502248875562,3.99800099950025,-0.23844132601617357,-0.23844132601617357,1.3857944860782396
PD,2018-03-30,G. affinis,0.7878549134874702,8.995502248875562,18.981018981018984,-0.23844132601617357,-0.23844132601617357,2.943439478833357
PD,2018-03-30,L. auritus,0.7878549134874702,-0.4999807699703857,-0.714183688044565,-0.23844132601617357,-0.23844132601617357,-0.33661508356096026
PD,2018-03-30,L. cyanellus,0.7878549134874702,-0.4999807699703857,-0.285673475217826,-0.23844132601617357,-0.23844132601617357,-1.2529058154351154
PD,2018-03-30,L. macrochirus,0.7878549134874702,-0.4999807699703857,-0.428510212826739,-0.23844132601617357,-0.23844132601617357,-0.8474407073269509
PD,2018-03-30,L. megalotis,0.7878549134874702,-0.4999807699703857,-0.33322225924691773,-0.23844132601617357,-0.23844132601617357,-1.09894556645823
PD,2018-03-30,L. oculatus,0.7878549134874702,0.9990009990009991,0.9990009990009991,-0.23844132601617357,-0.23844132601617357,-9.99500333083388e-4
GC,2018-06-06,G. affinis,-0.5357047195585793,0.09999000099990002,0.09999000099990002,-0.624172166056414,-0.624172166056414,-2.3026850879943788
GC,2018-06-06,L. auritus,-0.5681336638786664,-0.8217659056256312,-0.81810744477774755,-0.5653985642152252,-0.5653985642152252,-0.20076160042107918
GC,2018-06-06,L. cyanellus,-0.5681336638786664,-0.8217659056256312,-0.7776049766718507,-0.5653985642152252,-0.5653985642152252,-0.2515366258154277
GC,2018-06-06,L. macrochirus,-0.5357047195585793,-0.7906792865282203,-0.4998750312421894,-0.624172166056414,-0.624172166056414,-0.6933971493151527
GC,2018-06-06,L. megalotis,-0.5357047195585793,-0.7906792865282203,-0.916628473813591,-0.624172166056414,-0.624172166056414,-0.08705304278826508
GC,2018-06-06,L. microlophus,-0.5681336638786664,-0.8217659056256312,-0.7498125468632841,-0.5653985642152252,-0.5653985642152252,-0.28793204120698834
GC,2018-06-06,L. oculatus,-0.5681336638786664,-0.49975012493753124,-0.49975012493753124,-0.5653985642152252,-0.5653985642152252,-0.6936470556015963
GC,2018-06-06,M. salmoides,-0.5357047195585793,-0.7906792865282203,-0.7998400319936012,-0.624172166056414,-0.624172166056414,-0.22334353131687612
GC,2018-06-06,N. gyrinus,26000,5000,5000,10.165851817003619,10.165851817003619,8.517193191416238
MR,2018-06-06,C. variegatus,5000,1000,1000,8.517193191416238,8.517193191416238,6.907755278982137
MR,2018-06-06,G. affinis,-0.8213992357415806,-0.6665555740709881,-0.49975012493753124,-0.19674600789402868,-0.19674600789402868,-0.6936470556015963
MR,2018-06-06,H. cyanoguttatum,-0.8213992357415806,-0.49975012493753124,-0.49975012493753124,-0.19674600789402868,-0.19674600789402868,-0.6936470556015963
MR,2018-06-06,L. megalotis,-0.8505576728392228,-0.9040229019135152,-0.3997601439136519,-0.16186305893469932,-0.16186305893469932,-0.9168905519461225
MR,2018-06-06,P. latipinna,-0.8213992357415806,-0.6665555740709881,-0.7498125468632841,-0.19674600789402868,-0.19674600789402868,-0.28793204120698834
GC,2018-11-15,E. gracile,29000,1000,1000,10.275051108968611,10.275051108968611,6.907755278982137
GC,2018-11-15,F. chrysotus,-0.5084659582040982,-0.6664445184938355,-0.49975012493753124,-0.6763570112524712,-0.6763570112524712,-0.6936470556015963
GC,2018-11-15,G. affinis,-0.5084659582040982,-0.2727024815925825,-0.2727024815925825,-0.6763570112524712,-0.6763570112524712,-1.299373889089189
GC,2018-11-15,L. gulosus,-0.5084659582040982,-0.5581265551963908,-0.7498125468632841,-0.6763570112524712,-0.6763570112524712,-0.28793204120698834
GC,2018-11-15,L. macrochirus,-0.5084659582040982,-0.5581265551963908,-0.1249843769528809,-0.6763570112524712,-0.6763570112524712,-2.079566533867987
GC,2018-11-15,L. megalotis,-0.5084659582040982,-0.5581265551963908,0.5998800239952009,-0.6763570112524712,-0.6763570112524712,-0.511025603768657
GC,2018-11-15,L. miniatus,-0.5084659582040982,-0.5581265551963908,-0.571346950435652,-0.6763570112524712,-0.6763570112524712,-0.5597586348751701
MR,2017-09-26,G. affinis,-0.9166412044109886,-0.8695274118516586,0,-0.08703915438161218,-0.08703915438161218,-100000
MR,2017-12-05,C. variegatus,63000,15000,15000,11.05089000537367,11.05089000537367,9.615805480084347
MR,2017-12-05,F. chrysotus,0.4318083679916366,0.9998000399920015,-0.7998400319936012,-0.8397733817662874,-0.8397733817662874,-0.22334353131687612
MR,2017-12-05,F. grandis,63000,10000,9000,11.05089000537367,11.05089000537367,9.104979856318357
MR,2017-12-05,G. affinis,0.4318083679916366,0.25924965742009554,0.4999500049995001,-0.8397733817662874,-0.8397733817662874,-0.6932471755602785
MR,2017-12-05,H. cyanoguttatum,0.4318083679916366,0,0,-0.8397733817662874,-0.8397733817662874,-100000
MR,2017-12-05,L. gulosus,0.4318083679916366,-0.7499062617172854,0,-0.8397733817662874,-0.8397733817662874,-100000
MR,2017-12-05,L. megalotis,0.4318083679916366,-0.7499062617172854,0,-0.8397733817662874,-0.8397733817662874,-100000
MR,2017-12-05,P. latipinna,0.4318083679916366,0.25924965742009554,0.1176401388153638,-0.8397733817662874,-0.8397733817662874,-2.1401249852956465
MR,2018-02-05,C. variegatus,121000,39000,39000,11.703545824578878,11.703545824578878,10.571316925111784
MR,2018-02-05,F. grandis,121000,10000,9000,11.703545824578878,11.703545824578878,9.104979856318357
MR,2018-02-05,G. affinis,4.761678015332603,28.985507246376812,5.497251374312844,1.5606001303508001,1.5606001303508001,1.7042482171967743
MR,2018-02-05,H. cyanoguttatum,4.761678015332603,-0.49975012493753124,-0.49975012493753124,1.5606001303508001,1.5606001303508001,-0.6936470556015963
MR,2018-02-05,L. gulosus,4.761678015332603,-0.4285408185129634,-0.7998400319936012,1.5606001303508001,1.5606001303508001,-0.22334353131687612
MR,2018-02-05,L. macrochirus,4.761678015332603,-0.4285408185129634,0.33322225924691773,1.5606001303508001,1.5606001303508001,-1.09894556645823
MR,2018-02-05,L. megalotis,4.761678015332603,-0.4285408185129634,-0.49975012493753124,1.5606001303508001,1.5606001303508001,-0.6936470556015963
MR,2018-02-05,L. microlophus,4.761678015332603,-0.4285408185129634,-0.49975012493753124,1.5606001303508001,1.5606001303508001,-0.6936470556015963
MR,2018-02-05,L. miniatus,121000,8000,1000,11.703545824578878,11.703545824578878,6.907755278982137
MR,2018-02-05,L. parva,121000,10000,1000,11.703545824578878,11.703545824578878,6.907755278982137
MR,2018-02-05,M. cephalus,4.761678015332603,-0.33322225924691773,-0.33322225924691773,1.5606001303508001,1.5606001303508001,-1.09894556645823
MR,2018-02-05,N. gyrinus,121000,1000,1000,11.703545824578878,11.703545824578878,6.907755278982137
MR,2018-02-05,P. latipinna,2.6158110435475326,2.6840457164910925,2.4388459381020904,0.961574199926352,0.961574199926352,0.8915249512289238
MR,2018-03-05,C. variegatus,12000,1000,1000,9.392661928770137,9.392661928770137,6.907755278982137
MR,2018-03-05,F. grandis,12000,1000,1000,9.392661928770137,9.392661928770137,6.907755278982137
MR,2018-03-05,G. affinis,-0.4285510213799343,2.9985007496251876,0.49975012493753124,-0.8473454783010719,-0.8473454783010719,-0.6936470556015963
MR,2018-03-05,H. cyanoguttatum,-0.4285510213799343,-0.49975012493753124,-0.49975012493753124,-0.8473454783010719,-0.8473454783010719,-0.6936470556015963
MR,2018-03-05,M. cephalus,-0.4285510213799343,-0.6664445184938355,-0.6664445184938355,-0.8473454783010719,-0.8473454783010719,-0.40579838589828465
MR,2018-03-05,P. latipinna,-0.6413802502986427,-0.5087406913610567,-0.6340999439065435,-0.4441327837490033,-0.4441327837490033,-0.4555486967376856
PD,2018-03-05,A. melas,20000,1000,1000,9.903487552536127,9.903487552536127,6.907755278982137
PD,2018-03-05,F. notatus,-0.3939274567437351,0.49975012493753124,0.49975012493753124,-0.9315885065761189,-0.9315885065761189,-0.6936470556015963
PD,2018-03-05,G. affinis,-0.3939274567437351,0,0.9990009990009991,-0.9315885065761189,-0.9315885065761189,-9.99500333083388e-4
PD,2018-03-05,H. cyanoguttatum,-0.3939274567437351,0,0,-0.9315885065761189,-0.9315885065761189,-100000
PD,2018-03-05,L. auritus,-0.3939274567437351,-0.4999807699703857,0.142836737608913,-0.9315885065761189,-0.9315885065761189,-1.9460529959950605
PD,2018-03-05,L. cyanellus,-0.3939274567437351,-0.4999807699703857,-0.857020425653478,-0.9315885065761189,-0.9315885065761189,-0.15429352676700558
PD,2018-03-05,L. macrochirus,-0.3939274567437351,-0.4999807699703857,-0.714183688044565,-0.9315885065761189,-0.9315885065761189,-0.33661508356096026
PD,2018-03-05,L. megalotis,-0.3939274567437351,-0.4999807699703857,-0.6664445184938355,-0.9315885065761189,-0.9315885065761189,-0.40579838589828465
PD,2018-03-05,M. salmoides,-0.6763644601220045,-0.7216470176331238,-0.7776049766718507,-0.3910232060317933,-0.3910232060317933,-0.2515366258154277
PD,2017-12-04,F. grandis,0.537208135790683,3.419972640218879,3.9960039960039966,-0.6213696696400609,-0.6213696696400609,1.3852948607868072
PD,2017-12-04,F. notatus,0.537208135790683,3.419972640218879,4.39736158305017,-0.6213696696400609,-0.6213696696400609,1.4810047208522479
PD,2017-12-04,G. affinis,0.537208135790683,2.6662222962839524,3.9990002499375152,-0.6213696696400609,-0.6213696696400609,1.3860443923646832
PD,2017-12-04,H. cyanoguttatum,0.537208135790683,-0.39995200575930895,-0.39995200575930895,-0.6213696696400609,-0.6213696696400609,-0.9164107246747308
PD,2017-12-04,L. auritus,0.537208135790683,0.15616794098866907,-0.9116842631532512,-0.6213696696400609,-0.6213696696400609,-0.09246155153262814
PD,2017-12-04,L. cyanellus,0.537208135790683,0.15616794098866907,0.36360330879011,-0.6213696696400609,-0.6213696696400609,-1.011691816637408
PD,2017-12-04,L. gulosus,0.537208135790683,0.15616794098866907,0.5997600959616154,-0.6213696696400609,-0.6213696696400609,-0.5112255437873175
PD,2017-12-04,L. macrochirus,0.537208135790683,0.15616794098866907,0.02631371207536252,-0.6213696696400609,-0.6213696696400609,-3.6376651039786254
PD,2017-12-04,L. megalotis,0.537208135790683,0.15616794098866907,4.998333888703765,-0.6213696696400609,-0.6213696696400609,1.60910463464398
PD,2017-12-04,M. salmoides,0.537208135790683,0.15616794098866907,-0.33325927571650743,-0.6213696696400609,-0.6213696696400609,-1.0988344862026314
PD,2017-12-04,P. latipinna,0.537208135790683,2.6662222962839524,0,-0.6213696696400609,-0.6213696696400609,-100000
AR,2018-08-01,L. cyanellus,-0.9321875900408468,-0.9090702484034454,-0.9285051067780873,-0.07022120768215556,-0.07022120768215556,-0.07417939817425151
AR,2018-08-01,L. gulosus,-0.9321875900408468,-0.9090702484034454,0,-0.07022120768215556,-0.07022120768215556,-100000
AR,2018-08-01,L. megalotis,-0.9321875900408468,-0.9090702484034454,-0.8887901344295079,-0.07022120768215556,-0.07022120768215556,-0.11789414059511215
AR,2018-08-01,M. salmoides,-0.9321875900408468,-0.9090702484034454,-0.49975012493753124,-0.07022120768215556,-0.07022120768215556,-0.6936470556015963
PD,2018-08-01,A. melas,53000,3000,2000,10.87804719253426,10.87804719253426,7.600902459542082
PD,2018-08-01,A. natalis,53000,3000,1000,10.87804719253426,10.87804719253426,6.907755278982137
PD,2018-08-01,C. carpio,-0.14239251792042196,0,0,-1.9491678240783434,-1.9491678240783434,-100000
PD,2018-08-01,F. chrysotus,-0.530968752488916,1.2496875781054735,0.9995002498750625,-0.6330521060086051,-0.6330521060086051,-4.998750416510425e-4
PD,2018-08-01,F. notatus,-0.530968752488916,1.2496875781054735,1.4992503748125938,-0.6330521060086051,-0.6330521060086051,0.4049652330665134
PD,2018-08-01,G. affinis,-0.530968752488916,0.29997000299970006,0.6665555740709881,-0.6330521060086051,-0.6330521060086051,-0.4056317608874853
PD,2018-08-01,H. cyanoguttatum,-0.530968752488916,-0.863597109222308,-0.863597109222308,-0.6330521060086051,-0.6330521060086051,-0.14664892770430343
PD,2018-08-01,L. auritus,-0.530968752488916,-0.701289593641641,-0.6922810661128418,-0.6330521060086051,-0.6330521060086051,-0.3677632409241529
PD,2018-08-01,L. gulosus,-0.530968752488916,-0.701289593641641,-0.33322225924691773,-0.6330521060086051,-0.6330521060086051,-1.09894556645823
PD,2018-08-01,L. macrochirus,-0.530968752488916,-0.701289593641641,-0.6817871914912959,-0.6330521060086051,-0.6330521060086051,-0.3830377057685338
PD,2018-08-01,L. megalotis,-0.530968752488916,-0.701289593641641,-0.6664445184938355,-0.6330521060086051,-0.6330521060086051,-0.40579838589828465
PD,2018-08-01,L. oculatus,-0.14239251792042196,0,0,-1.9491678240783434,-1.9491678240783434,-100000
PD,2018-08-01,M. salmoides,-0.530968752488916,-0.701289593641641,-0.16663889351774702,-0.6330521060086051,-0.6330521060086051,-1.7919261220073759
PD,2018-08-01,P. latipinna,-0.530968752488916,0.29997000299970006,-0.2499375156210947,-0.6330521060086051,-0.6330521060086051,-1.3865443298750981
PD,2018-08-31,A. natalis,84000,1000,1000,11.33857207782545,11.33857207782545,6.907755278982137
PD,2018-08-31,F. chrysotus,-0.25663489703630943,1.7495626093476628,0.9995002498750625,-1.3601008382442314,-1.3601008382442314,-4.998750416510425e-4
PD,2018-08-31,F. notatus,-0.25663489703630943,1.7495626093476628,2.4987506246876565,-1.3601008382442314,-1.3601008382442314,0.9157908568325042
PD,2018-08-31,G. affinis,-0.25663489703630943,0.29997000299970006,0.8331944675887352,-1.3601008382442314,-1.3601008382442314,-0.18248820957327547
PD,2018-08-31,H. cyanoguttatum,-0.25663489703630943,-0.45452479432753057,-0.45452479432753057,-1.3601008382442314,-1.3601008382442314,-0.7885028138766982
PD,2018-08-31,L. auritus,-0.25663489703630943,-0.38960532980091167,-0.07692011845698242,-1.3601008382442314,-1.3601008382442314,-2.5649878182603723
PD,2018-08-31,L. cyanellus,-0.25663489703630943,-0.38960532980091167,-0.7499531279295043,-1.3601008382442314,-1.3601008382442314,-0.2877445704987374
PD,2018-08-31,L. gulosus,-0.25663489703630943,-0.38960532980091167,-0.33322225924691773,-1.3601008382442314,-1.3601008382442314,-1.09894556645823
PD,2018-08-31,L. macrochirus,-0.25663489703630943,-0.38960532980091167,-0.45452479432753057,-1.3601008382442314,-1.3601008382442314,-0.7885028138766982
PD,2018-08-31,L. megalotis,-0.25663489703630943,-0.38960532980091167,-0.6664445184938355,-1.3601008382442314,-1.3601008382442314,-0.40579838589828465
PD,2018-08-31,M. salmoides,-0.25663489703630943,-0.38960532980091167,-0.33327778703549404,-1.3601008382442314,-1.3601008382442314,-1.0987789414474307
PD,2018-08-31,P. latipinna,-0.25663489703630943,0.29997000299970006,-0.4998750312421894,-1.3601008382442314,-1.3601008382442314,-0.6933971493151527
TR,2018-08-31,C. variegatus,-0.8780380727064303,-0.9374414099118804,-0.9374414099118804,-0.13006532329578924,-0.13006532329578924,-0.06460101918452765
TR,2018-08-31,G. affinis,-0.8780380727064303,-0.7999822226172753,-0.857020425653478,-0.13006532329578924,-0.13006532329578924,-0.15429352676700558
TR,2018-08-31,P. latipinna,-0.8780380727064303,-0.7999822226172753,-0.7894529091339703,-0.13006532329578924,-0.13006532329578924,-0.23641509350744963
SF,2017-09-19,A. mexicanus,-0.704074448219916,-0.8748906386701663,-0.8748906386701663,-0.350871178102884,-0.350871178102884,-0.13365638481267358
SF,2017-09-19,G. affinis,-0.704074448219916,-0.8333207072620111,-0.8823010411152284,-0.350871178102884,-0.350871178102884,-0.1252219647533819
SF,2017-09-19,H. cyanoguttatum,-0.704074448219916,-0.39128733533324633,-0.3636198354620244,-0.350871178102884,-0.350871178102884,-1.011646365190908
SF,2017-09-19,L. macrochirus,-0.8775226891952794,-0.9221863594193559,-0.9411211105229104,-0.1306524673435961,-0.1306524673435961,-0.0606834436158107
SF,2017-09-19,L. megalotis,29000,2000,1000,10.275051108968611,10.275051108968611,6.907755278982137
SF,2017-09-19,L. oculatus,-0.8775226891952794,-0.857020425653478,-0.857020425653478,-0.1306524673435961,-0.1306524673435961,-0.15429352676700558
SF,2017-09-19,P. latipinna,-0.704074448219916,-0.8333207072620111,-0.8163098712271178,-0.350871178102884,-0.350871178102884,-0.20296125195171186
SF,2018-02-02,C. variegatus,297000,4000,4000,12.601487417784837,12.601487417784837,8.294049640102028
SF,2018-02-02,G. affinis,-0.3529404075372385,-0.3872539528089392,2.3995200959808036,-1.0414560534750252,-1.0414560534750252,0.8752687573512336
SF,2018-02-02,H. cyanoguttatum,-0.3529404075372385,0.058821799358842394,0.058821799358842394,-1.0414560534750252,-1.0414560534750252,-2.8332427553884045
SF,2018-02-02,P. latipinna,-0.3529404075372385,-0.3872539528089392,-0.421835181550418,-1.0414560534750252,-1.0414560534750252,-0.8631406062829208
SF,2018-02-02,P. vigilax,297000,7000,7000,12.601487417784837,12.601487417784837,8.85366542803745
TR,2018-02-02,A. mexicanus,5.006633289111406,5.994005994005994,5.994005994005994,1.6107636910234344,1.6107636910234344,1.7907599688949716
TR,2018-02-02,C. variegatus,5.006633289111406,7.263656443335787,7.263656443335787,1.6107636910234344,1.6107636910234344,1.982883344384226
TR,2018-02-02,F. grandis,5.006633289111406,0,0,1.6107636910234344,1.6107636910234344,-100000
TR,2018-02-02,G. affinis,5.006633289111406,1.759964800703986,0.07691716021844473,1.6107636910234344,1.6107636910234344,-2.565026277580032
TR,2018-02-02,H. cyanoguttatum,5.006633289111406,-0.49975012493753124,0,1.6107636910234344,1.6107636910234344,-100000
TR,2018-02-02,P. latipinna,5.006633289111406,1.759964800703986,2.3512878030323505,1.6107636910234344,1.6107636910234344,0.8549631793485558
PD,2017-10-04,A. melas,20000,2000,2000,9.903487552536127,9.903487552536127,7.600902459542082
PD,2017-10-04,F. notatus,-0.6763644601220045,-0.6839945280437757,-0.3997601439136519,-0.3910232060317933,-0.3910232060317933,-0.9168905519461225
PD,2017-10-04,H. cyanoguttatum,-0.6763644601220045,-0.8798944126704796,-0.8798944126704796,-0.3910232060317933,-0.3910232060317933,-0.12795336431046075
PD,2017-10-04,L. auritus,-0.6763644601220045,-0.657416654807139,-0.3823192071287828,-0.3910232060317933,-0.3910232060317933,-0.9614993985562376
PD,2017-10-04,L. cyanellus,-0.6763644601220045,-0.657416654807139,-0.72720661758022,-0.3910232060317933,-0.3910232060317933,-0.3185446360774627
PD,2017-10-04,L. macrochirus,-0.6763644601220045,-0.657416654807139,-0.7630976501855117,-0.3910232060317933,-0.3910232060317933,-0.2703692739921533
PD,2017-10-04,L. megalotis,-0.6763644601220045,-0.657416654807139,-0.6664445184938355,-0.3910232060317933,-0.3910232060317933,-0.40579838589828465
PD,2017-10-04,M. salmoides,-0.6763644601220045,-0.657416654807139,-0.555432126194179,-0.3910232060317933,-0.3910232060317933,-0.5880088624366406
TR,2017-09-25,A. mexicanus,1.695101279252692,0,0,0.5277424908188473,0.5277424908188473,-100000
TR,2017-09-25,C. variegatus,1.695101279252692,-0.5624648459471283,-0.5624648459471283,0.5277424908188473,0.5277424908188473,-0.5754266429505183
TR,2017-09-25,F. grandis,0.41213794161059675,-0.39994000899865023,-0.1999600079984003,-0.8863971759344244,-0.8863971759344244,-1.6096378924367667
TR,2017-09-25,P. latipinna,1.695101279252692,3.622141730183774,4.473566485092498,0.5277424908188473,0.5277424908188473,1.4981859618806566
