data_sheet,column_name,units,description
Site_LevelInfo.csv,AnnualRain,mm,average annual total rainfall based on a 50 year record
Site_LevelInfo.csv,AnnualTemp,oC,average annual air temperature based on a 50 year record
mlevel_fielddata.csv,Bank.Height.Left,m,"distance from water to first bank shoulder, taken facing upstream on the left side"
mlevel_fielddata.csv,Bank.Height.Right,m,"distance from water to first bank shoulder, taken facing upstream on the left side"
mlevel_fielddata.csv,Bank.Slope.Left,degrees,slope of the left bank in degrees
mlevel_fielddata.csv,Bank.Slope.Right,degrees,slope of the right bank in degrees
Site_LevelInfo.csv,BasinSize,km2,size of the area draining to the sampling reach
mlevel_fielddata.csv,bedrock,%,"% of bottom composed of bedrock, visual assessment"
Site_LevelInfo.csv,BFI,-,base flow index: avg of lowest 7 day stretch / average daily flow
mlevel_fielddata.csv,Bluegreen.cyano,µg/cm,"amount of blue green cyano bacteria per unit area, measured with a bbe Benthotorch"
mlevel_fielddata.csv,Boron,ppm,concentration of boron in the water
mlevel_fielddata.csv,boulder,%,"% of bottom composed of boulder, visual assessment"
mlevel_fielddata.csv,Ca,ppm,concentration of calcium in the water
mlevel_fielddata.csv,Canopy.Density.Left,%,"percent canopy cover taken by spherical densiometer, taken facing upstream on the right bank"
mlevel_fielddata.csv,Canopy.Density.Mid,%,"percent canopy cover taken by spherical densiometer, taken facing upstream in the middle of channel"
mlevel_fielddata.csv,Canopy.Density.Right,%,"percent canopy cover taken by spherical densiometer,  taken facing upstream on right bank"
mlevel_fielddata.csv,Canopy.Total,%,"percent canopy cover taken by spherical densiometer,  summation of left, middle, and right readings divided by 3 (e.g. mean value)"
mlevel_fielddata.csv,Cl,ppm,concentration of chloride in the water
mlevel_fielddata.csv,CO3,mg/L,concentration of carbonate in the water
mlevel_fielddata.csv,cobble,%,"% of bottom composed of cobble, visual assessment"
mlevel_fielddata.csv,Conductivity,(µ/cm),"conductivity of the water, measured with a YSI ProDSS hand held meter"
Site_LevelInfo.csv,Cropland,%,percentage of row-crop agriculture in the watershed
mlevel_fielddata.csv,Cycle,-,"Sampling cycling, 1 is the first date before the hurricane in August of 2017, 0 is the spring 2017 samples, 0.5 is a site visit during early July 2017.  Subsequent numbers correspond to order of visit to all streams.  If multiple visits were made to a stream within a cycle both visits have the same cycle designation"
mlevel_fielddata.csv,Day,-,Day of the month when sampling occurred.
mlevel_fielddata.csv,Depth.Left,m,depth at left bank
mlevel_fielddata.csv,Depth.Mid,m,depth in thalweg
mlevel_fielddata.csv,Depth.Mn,m,mean depth across the stream
mlevel_fielddata.csv,Depth.Mx,m,maximum measured depth
mlevel_fielddata.csv,Depth.Right,m,depth at the right bank
Site_LevelInfo.csv,DevelopedLand,%,"percentage of developed land in the watershed (sum of low, medium, and highly developed lands)"
mlevel_fielddata.csv,Diatoms,µg/cm,"amount of diatoms per unit area, measured with a bbe Benthotorch"
mlevel_fielddata.csv,DO_.sat,%,dissolved oxygen in % saturation
mlevel_fielddata.csv,DO_mg.L,mg/L,dissolved oxygen in mg/L
mlevel_fielddata.csv,DOC,mg/L,dissolved organic carbon in mg/L
mlevel_fielddata.csv,EC,µS/cm,NA
Site_LevelInfo.csv,flsh,-,Flashiness Index: Cumulative changes in day to day daily flow / cumulative flow for a 20 year daily flow record
Site_LevelInfo.csv,ForestLand,%,percentage of forested land in the watershed (sum of all forest types)
Site_LevelInfo.csv,FrLFsp,-,Frequency of Low Flow Spells: # times where daily discharge drops below the 5th percentile
mlevel_fielddata.csv,gravel,%,"% of bottom composed of gravel, visual assessment"
mlevel_fielddata.csv,Green.Algae,µg/cm,"amount of green algae per unit area, measured with a bbe Benthotorch"
mlevel_fielddata.csv,HCO3,mg/L,concentration hydrogen carbonate in the water
Site_LevelInfo.csv,HFPP3,-,High Flow Pulse Percentage 3 : % of time daily flow is above 3 times median daily flow
Site_LevelInfo.csv,HFPP7,-,High Flow Pulse Percentage 7 : % of time daily flow is above 7 times median daily flow
mlevel_fielddata.csv,K,ppm,concentration potassium in the water
Site_LevelInfo.csv,Lat,decimal degrees,latitude of the sampling reach
Site_LevelInfo.csv,LFPP,-,Low Flow Pulse Percentage: # times where daily discharge drops below the 25th percentile
Site_LevelInfo.csv,Lon,decimal degrees,longitude of the sampling reach
Site_LevelInfo.csv,maxDD30,cfs,30 day maximum daily discharge:  Highest daily average flow in 30 consecutive days observed across a 20 year daily flow record
Site_LevelInfo.csv,MeanFlow,cfs,average daily flow based on a 20 year record for all sites except TRC which is based on a 4 year recod
Site_LevelInfo.csv,medAnnMaxFl,cfs,Median Annual Max Flow: Median value of maximum daily flow observed each year
Site_LevelInfo.csv,MedianFlow,cfs,median daily flow based on a 20 year record for all sies except TRC which is based on a 4 year record
mlevel_fielddata.csv,Mg,ppm,concentration magnesium in the water
Site_LevelInfo.csv,minDD30,cfs,30 day minimum daily discharge:  Lowest daily average flow in 30 consecutive days observed across a 20 year daily flow record
mlevel_fielddata.csv,Month,-,month of the year when sampling occurred
mlevel_fielddata.csv,Na,ppm,concentration of sodium in the water
mlevel_fielddata.csv,NH4.N,ppm,concentration of ammonium-N in the water
mlevel_fielddata.csv,NO3N,ppm,concentration of nitrate-N in the water
mlevel_fielddata.csv,Ortho.P,ppm,concentration of orthophosphate in the water
Site_LevelInfo.csv,OtherLand,%,percentage of remaining land classes (primarily range land and scrub shrub)
mlevel_fielddata.csv,pH.benchtop,-,pH or acidity or the water measured in water sample in the lab post freezing
mlevel_fielddata.csv,pH.field,-,ph or acidity or the water measured in the field with a YSI
Site_LevelInfo.csv,Proportion.Sig.Power.Seasonality,-,Predictability is measured as the proportion of significant wavelet power at the 12‐month time period (Tonkin et al. 2017)
flow_data.csv,Q,cfs,flow at the site on the day of sampling
flow_data.csv,Q.2w.max,cfs,maximum daily flow during the two week period immediately before day of sampling
flow_data.csv,Q.2w.med,cfs,median daily flow during the two week period immediately before day of sampling
flow_data.csv,Q.2w.min,cfs,minimum daily flow during the two week period immediately before day of sampling
flow_data.csv,Q.2w.mn,cfs,mean daily flow during the two week period immediately before day of sampling
flow_data.csv,Q.h.2w.max.max,cfs,maximum of the maximum flow observed in the two weeks prior to the day of the year on which sampling occurred based on a 20 year flow record
flow_data.csv,Q.h.2w.max.med,cfs,median of the maximum flow observed in the two weeks prior to the day of the year on which sampling occurred based on a 20 year flow record
flow_data.csv,Q.h.2w.max.min,cfs,minimum of the maximum flow observed in the two weeks prior to the day of the year on which sampling occurred based on a 20 year flow record
flow_data.csv,Q.h.2w.max.mn,cfs,mean of the maximum flow observed in the two weeks prior to the day of the year on which sampling occurred based on a 20 year flow record
flow_data.csv,Q.h.2w.max.sd,cfs,standard deviation of the maximum flow observed in the two weeks prior to the day of the year on which sampling occurred based on a 20 year flow record
flow_data.csv,Q.h.2w.mean.max,cfs,maximum of the mean flow observed in the two weeks prior to the day of the year on which sampling occurred based on a 20 year flow record
flow_data.csv,Q.h.2w.mean.med,cfs,median of the mean flow observed in the two weeks prior to the day of the year on which sampling occurred based on a 20 year flow record
flow_data.csv,Q.h.2w.mean.min,cfs,minimum of the mean flow observed in the two weeks prior to the day of the year on which sampling occurred based on a 20 year flow record
flow_data.csv,Q.h.2w.mean.mn,cfs,mean of the mean flow observed in the two weeks prior to the day of the year on which sampling occurred based on a 20 year flow record
flow_data.csv,Q.h.2w.mean.sd,cfs,standard deviation of the mean flow observed in the two weeks prior to the day of the year on which sampling occurred based on a 20 year flow record
flow_data.csv,Q.h.2w.med.max,cfs,maximum of the median flow observed in the two weeks prior to the day of the year on which sampling occurred based on a 20 year flow record
flow_data.csv,Q.h.2w.med.med,cfs,median of the median flow observed in the two weeks prior to the day of the year on which sampling occurred based on a 20 year flow record
flow_data.csv,Q.h.2w.med.min,cfs,minimum of the median flow observed in the two weeks prior to the day of the year on which sampling occurred based on a 20 year flow record
flow_data.csv,Q.h.2w.med.mn,cfs,mean of the median flow observed in the two weeks prior to the day of the year on which sampling occurred based on a 20 year flow record
flow_data.csv,Q.h.2w.med.sd,cfs,standard deviation of the median flow observed in the two weeks prior to the day of the year on which sampling occurred based on a 20 year flow record
flow_data.csv,Q.h.2w.min.max,cfs,maximum of the minimum flow observed in the two weeks prior to the day of the year on which sampling occurred based on a 20 year flow record
flow_data.csv,Q.h.2w.min.med,cfs,median of the minimum flow observed in the two weeks prior to the day of the year on which sampling occurred based on a 20 year flow record
flow_data.csv,Q.h.2w.min.min,cfs,minimum of the minimum flow observed in the two weeks prior to the day of the year on which sampling occurred based on a 20 year flow record
flow_data.csv,Q.h.2w.min.mn,cfs,mean of the minimum flow observed in the two weeks prior to the day of the year on which sampling occurred based on a 20 year flow record
flow_data.csv,Q.h.2w.min.sd,cfs,standard deviation of the minimum flow observed in the two weeks prior to the day of the year on which sampling occurred based on a 20 year flow record
flow_data.csv,Q.h.d.max,cfs,maximum flow for the day of the year that sampling occurred based on a 20 year record for all sites except TRC which is based on a 4 year record
flow_data.csv,Q.h.d.med,cfs,median flow for the day of the year that sampling occurred based on a 20 year record for all sites except TRC which is based on a 4 year record
flow_data.csv,Q.h.d.min,cfs,minimum flow for the day of the year that sampling occurred based on a 20 year record for all sites except TRC which is based on a 4 year record
flow_data.csv,Q.h.d.mn,cfs,average flow for the day of the year that sampling occurred based on a 20 year record for all sites except TRC which is based on a 4 year record
flow_data.csv,Q.h.d.sd,cfs,standard deviation of flow for the day of the year that sampling occurred based on a 20 year record for all sites except TRC which is based on a 4 year record
mlevel_fielddata.csv,salinity_psu,-,salinity of the water (calculated from conductivity measurement)
mlevel_fielddata.csv,sand,%,"% of bottom composed of sand, visual assessment"
Site_LevelInfo.csv,Seasonality,-,"M/P: Seasonality is M/P, which is Colwell's measure of contingency (M) standardized by Colwell's within‐season predictability (P). This measures the degree to which the environment varies during the course of a single year. P represents the relative certainty of knowing a state at a given time, and is the sum of constancy and contingency. M describes how closely different states correspond to different time periods within a year. Thus, M contains information about the degree of seasonality experienced by an environment. P is maximized when the environmental phenomenon is constant throughout the year, if the seasonal fluctuation is consistent across all years, or a combination of both."
mlevel_fielddata.csv,silt,%,"% of bottom composed of silt, visual assessment"
mlevel_fielddata.csv,Site,-,Site code
mlevel_fielddata.csv,SO4,ppm,concentration of sulfate in the water
Site_LevelInfo.csv,STAID,-,USGS Gauge Number associated with the nearest flow gauge
mlevel_fielddata.csv,TDN,mg/L,concentration of total dissolved nitrogen in the water
mlevel_fielddata.csv,Temperature,oC,temperature
mlevel_fielddata.csv,Total.alkalinity,CaCO3/L,concentration of calcium carbonate in the water
mlevel_fielddata.csv,Transect,-,sampling transect (where in the stream reach)
mlevel_fielddata.csv,UID,-,"unique identifier of the site, date, and transect"
mlevel_fielddata.csv,UID3,-,Unique identifier of the site and date
Site_LevelInfo.csv,varDF,-,Variation in Daily Flow (Skewness): mean daily flow / median daily flow
mlevel_fielddata.csv,Width,m,wetted width of the stream
mlevel_fielddata.csv,Year,-,Year when sample was taken
