genus_species,order,family,genus,species,lowest_taxon,comments
Adinia xenica,Cyprinodontiformes,Fundulidae,Adinia,xenica,A. xenica,NA
Agonostomus monticola,Mugiliformes,Mugilidae,Agonostomus,monticola,A. monticola,NA
Ameiurus melas,Siluriformes,Ictaluridae,Ameiurus,melas,A. melas,NA
Ameiurus natalis,Siluriformes,Ictaluridae,Ameiurus,natalis,A. natalis,NA
Anchoa mitchilli,Clupeiformes,Engraulidae,Anchoa,mitchilli,A. mitchilli,NA
Anguilla rostrata,Anguilliformes,Anguillidae,Anguilla,rostrata,A. rostrata,NA
Aphredoderus sayanus,Percopsiformes,Aphredoderidae,Aphredoderus,sayanus,A. sayanus,NA
Astyanax mexicanus,Characiformes,Characidae,Astyanax,mexicanus,A. mexicanus,NA
Brevoortia patronus,Clupeiformes,Clupeidae,Brevoortia,patronus,B. patronus,NA
Callinectes sapides,Decapoda,Portunidae,Callinectes,sapidus,C. sapidus,not fish
Callinectes sapidus,Decapoda,Portunidae,Callinectes,sapidus,C. sapidus,not fish
cyprinella lutrensis,Cypriniformes,Leuciscidae,Cyprinella,lutrensis,C. lutrensis,NA
Cyprinella lutrensis,Cypriniformes,Leuciscidae,Cyprinella,lutrensis,C. lutrensis,NA
Cyprinella venusta,Cypriniformes,Leuciscidae,Cyprinella,venusta,C. venusta,NA
Cyprinodon variegatus,Cyprinodontiformes,Cyprinodontidae,Cyprinodon,variegatus,C. variegatus,NA
Cyprinus carpio,Cyprinodontiformes,Cyprinidae,Cyprinus,carpio,C. carpio,NA
Dormitator maculatus,Gobiiformes,Eleotridae,Dormitator,maculatus,D. maculatus,NA
Dormitor maculatus,Gobiiformes,Eleotridae,Dormitator,maculatus,D. maculatus,NA
Dorosoma cepedianum,Clupeiformes,Clupeidae,Dorosoma,cepedianum,D. cepedianum,NA
Dorosoma petenense,Clupeiformes,Clupeidae,Dorosoma,petenense,D. petenense,NA
Etheostoma gracile,Perciformes,Pecidae,Etheostoma,gracile,E. gracile,NA
Fundulus chrysotus,Cyprinodontiformes,Fundulidae,Fundulus,chrysotus,F. chrysotus,NA
Fundulus grandis,Cyprinodontiformes,Fundulidae,Fundulus,grandis,F. grandis,NA
Fundulus notatus,Cyprinodontiformes,Fundulidae,Fundulus,notatus,F. notatus,NA
Gambusia affinis,Cyprinodontiformes,Poeciliidae,Gambusia,affinis,G. affinis,NA
Gobiomorus dormitor,Gobiiformes,Eleotridae,Gobiomorus,dormitor,G. dormitor,NA
Herichthys cyanoguttatus,Cichliformes,Cichlidae,Herichthys,cyanoguttatum,H. cyanoguttatum,NA
Ictalurus punctatus,Siluriformes,Ictaluridae,Ictalurus,punctatus,I. punctatus,NA
Ictiobus bubalus,Cypriniformes,Catostomidae,Ictiobus,bubalus,I. bubalus,NA
Labidesthes sicculus,Atheriniformes,Atherinopsidae,Menidia,beryllina,M. beryllina,L. sicculus is not distributed in South Texas. Changed to Inland silverside sk
Lepisosteus oculatus,Lepisosteiformes,Lepisosteidae,Lepisosteus,oculatus,L. oculatus,NA
Lepomis auritus,Centrarchiformes,Centrarchidae,Lepomis,auritus,L. auritus,NA
Lepomis cyanellus,Centrarchiformes,Centrarchidae,Lepomis,cyanellus,L. cyanellus,NA
Lepomis gulosus,Centrarchiformes,Centrarchidae,Lepomis,gulosus,L. gulosus,NA
Lepomis Gulosus,Centrarchiformes,Centrarchidae,Lepomis,gulosus,L. gulosus,NA
Lepomis humilis,Centrarchiformes,Centrarchidae,Lepomis,humilis,L. humilis,NA
Lepomis macrochirus,Centrarchiformes,Centrarchidae,Lepomis,macrochirus,L. macrochirus,NA
Lepomis marginatus,Centrarchiformes,Centrarchidae,Lepomis,marginatus,L. marginatus,NA
Lepomis megalotis,Centrarchiformes,Centrarchidae,Lepomis,megalotis,L. megalotis,NA
Lepomis microlophus,Centrarchiformes,Centrarchidae,Lepomis,microlophus,L. microlophus,NA
Lepomis miniatus,Centrarchiformes,Centrarchidae,Lepomis,miniatus,L. miniatus,NA
Lepomis spp.,Centrarchiformes,Centrarchidae,Lepomis,spp.,L. spp.,needs to be transformed to common sunfish taxa
Lucania parva,Cyprinodontiformes,Fundulidae,Lucania,parva,L. parva,NA
Micropterus punctulatus,Centrarchiformes,Centrarchidae,Micropterus,salmoides,M. salmoides,unlikely ID. Replaced with micropterus salmoides -sk
Micropterus salmoides,Centrarchiformes,Centrarchidae,Micropterus,salmoides,M. salmoides,NA
Minidia beryllina,Atheriniformes,Atherinopsidae,Menidia,beryllina,M. beryllina,NA
Mugil cephalus,Mugiliformes,Mugilidae,Mugil,cephalus,M. cephalus,NA
Notropis texanus,Cypriniformes,Leuciscidae,Notropis,texanus,N. texanus,NA
Noturus gyrinus,Siluriformes,Ictaluridae,Noturus,gyrinus,N. gyrinus,NA
Oreochromis aureus,Cichliformes,Cichlidae,Oreochromis,aureus,O. aureus,NA
pimephales vigilax,Cypriniformes,Leuciscidae,Pimephales,vigilax,P. vigilax,NA
Pimephales vigilax,Cypriniformes,Leuciscidae,Pimephales,vigilax,P. vigilax,NA
Poecilia formosa,Cyprinodontiformes,Poeciliidae,Poecilia,formosa,P. formosa,NA
Poecilia latipinna,Cyprinodontiformes,Poeciliidae,Poecilia,latipinna,P. latipinna,NA
Pomadasys crocro,Eupercaria,Haemulidae,Pomadasys,crocro,P. crocro,NA
Pomoxis annularis,Centrarchiformes,Centrarchidae,Pomoxis,annularis,P. annularis,NA
Pomoxis nigromaculatus,Centrarchiformes,Centrarchidae,Pomoxis,nigromaculatus,P. nigromaculatus,NA
Pylodictis olivaris,Siluriformes,Ictaluridae,Pylodictis,olivaris,P. olivaris,NA
Trinectes maculatus,Pleuronectiformes,Achiridae,Trinectes,maculatus,T. maculatus,NA
